[2026-01-17 10:14:17.850] Stream: 12211826 bytes
[2026-01-17 10:14:17.850] VdsRenderer::Initialize | Opened 3D VDS successfully | Dims: 368 x 368 x 368 | 
[2026-01-17 10:14:17.850] VDS OK: 3D, slice 185/368
[2026-01-17 10:14:17.850] Render: slice=184, maxSize=1205
[2026-01-17 10:14:17.850] RenderSlice(dim=2, slice=184, maxSize=1205) | 
[2026-01-17 10:14:17.850] RenderSlice(dim=2, slice=184, maxSize=1205) | VDS (3D) | Dims: 368 x 368 x 368 | Mode: SINGLE_THREADED | 
[2026-01-17 10:14:17.850] RenderSlice(dim=2, slice=184, maxSize=1205) | VDS (3D) | Dims: 368 x 368 x 368 | Mode: SINGLE_THREADED | Requesting 368x368 slice... | 
[2026-01-17 10:14:18.559] RenderSlice(dim=2, slice=184, maxSize=1205) | VDS (3D) | Dims: 368 x 368 x 368 | Mode: SINGLE_THREADED | Requesting 368x368 slice... | Request created, waiting for completion... | 
[2026-01-17 10:14:18.559] RenderSlice(dim=2, slice=184, maxSize=1205) | VDS (3D) | Dims: 368 x 368 x 368 | Mode: SINGLE_THREADED | Requesting 368x368 slice... | Request created, waiting for completion... | Slice: Inline 185/368 | Output: 368 x 368 | Raw: min=-2.84e+02 max=2.72e+02 mean=-2.99e-02 | 
[2026-01-17 10:14:18.559] [VDS] RenderSlice(dim=2, slice=184, maxSize=1205)
[2026-01-17 10:14:18.559] [VDS] VDS (3D)
[2026-01-17 10:14:18.559] [VDS] Dims: 368 x 368 x 368
[2026-01-17 10:14:18.559] [VDS] Mode: SINGLE_THREADED
[2026-01-17 10:14:18.559] [VDS] Requesting 368x368 slice...
[2026-01-17 10:14:18.559] [VDS] Request created, waiting for completion...
[2026-01-17 10:14:18.559] [VDS] Slice: Inline 185/368
[2026-01-17 10:14:18.559] [VDS] Output: 368 x 368
[2026-01-17 10:14:18.559] [VDS] Raw: min=-2.84e+02 max=2.72e+02 mean=-2.99e-02
[2026-01-17 10:14:18.559] [VDS] Saved: C:\Users\jonathan\AppData\LocalLow\Temp\openvds-preview-slice.bmp
[2026-01-17 10:14:20.437] Render: slice=183, maxSize=1205
[2026-01-17 10:14:20.437] RenderSlice(dim=2, slice=183, maxSize=1205) | 
[2026-01-17 10:14:20.437] RenderSlice(dim=2, slice=183, maxSize=1205) | VDS (3D) | Dims: 368 x 368 x 368 | Mode: SINGLE_THREADED | 
[2026-01-17 10:14:20.437] RenderSlice(dim=2, slice=183, maxSize=1205) | VDS (3D) | Dims: 368 x 368 x 368 | Mode: SINGLE_THREADED | Requesting 368x368 slice... | 
[2026-01-17 10:14:20.437] RenderSlice(dim=2, slice=183, maxSize=1205) | VDS (3D) | Dims: 368 x 368 x 368 | Mode: SINGLE_THREADED | Requesting 368x368 slice... | Request created, waiting for completion... | 
[2026-01-17 10:14:20.437] RenderSlice(dim=2, slice=183, maxSize=1205) | VDS (3D) | Dims: 368 x 368 x 368 | Mode: SINGLE_THREADED | Requesting 368x368 slice... | Request created, waiting for completion... | Slice: Inline 184/368 | Output: 368 x 368 | Raw: min=-3.18e+02 max=2.65e+02 mean=-2.66e-02 | 
[2026-01-17 10:14:20.437] [VDS] RenderSlice(dim=2, slice=183, maxSize=1205)
[2026-01-17 10:14:20.437] [VDS] VDS (3D)
[2026-01-17 10:14:20.437] [VDS] Dims: 368 x 368 x 368
[2026-01-17 10:14:20.437] [VDS] Mode: SINGLE_THREADED
[2026-01-17 10:14:20.437] [VDS] Requesting 368x368 slice...
[2026-01-17 10:14:20.453] [VDS] Request created, waiting for completion...
[2026-01-17 10:14:20.453] [VDS] Slice: Inline 184/368
[2026-01-17 10:14:20.453] [VDS] Output: 368 x 368
[2026-01-17 10:14:20.453] [VDS] Raw: min=-3.18e+02 max=2.65e+02 mean=-2.66e-02
[2026-01-17 10:14:20.453] [VDS] Saved: C:\Users\jonathan\AppData\LocalLow\Temp\openvds-preview-slice.bmp
[2026-01-17 10:14:20.485] Render: slice=182, maxSize=1205
[2026-01-17 10:14:20.485] RenderSlice(dim=2, slice=182, maxSize=1205) | 
[2026-01-17 10:14:20.485] RenderSlice(dim=2, slice=182, maxSize=1205) | VDS (3D) | Dims: 368 x 368 x 368 | Mode: SINGLE_THREADED | 
[2026-01-17 10:14:20.485] RenderSlice(dim=2, slice=182, maxSize=1205) | VDS (3D) | Dims: 368 x 368 x 368 | Mode: SINGLE_THREADED | Requesting 368x368 slice... | 
[2026-01-17 10:14:20.485] RenderSlice(dim=2, slice=182, maxSize=1205) | VDS (3D) | Dims: 368 x 368 x 368 | Mode: SINGLE_THREADED | Requesting 368x368 slice... | Request created, waiting for completion... | 
[2026-01-17 10:14:20.485] RenderSlice(dim=2, slice=182, maxSize=1205) | VDS (3D) | Dims: 368 x 368 x 368 | Mode: SINGLE_THREADED | Requesting 368x368 slice... | Request created, waiting for completion... | Slice: Inline 183/368 | Output: 368 x 368 | Raw: min=-2.93e+02 max=2.75e+02 mean=-1.94e-02 | 
[2026-01-17 10:14:20.485] [VDS] RenderSlice(dim=2, slice=182, maxSize=1205)
[2026-01-17 10:14:20.485] [VDS] VDS (3D)
[2026-01-17 10:14:20.485] [VDS] Dims: 368 x 368 x 368
[2026-01-17 10:14:20.485] [VDS] Mode: SINGLE_THREADED
[2026-01-17 10:14:20.485] [VDS] Requesting 368x368 slice...
[2026-01-17 10:14:20.485] [VDS] Request created, waiting for completion...
[2026-01-17 10:14:20.485] [VDS] Slice: Inline 183/368
[2026-01-17 10:14:20.485] [VDS] Output: 368 x 368
[2026-01-17 10:14:20.485] [VDS] Raw: min=-2.93e+02 max=2.75e+02 mean=-1.94e-02
[2026-01-17 10:14:20.485] [VDS] Saved: C:\Users\jonathan\AppData\LocalLow\Temp\openvds-preview-slice.bmp
[2026-01-17 10:14:20.579] Render: slice=181, maxSize=1205
[2026-01-17 10:14:20.579] RenderSlice(dim=2, slice=181, maxSize=1205) | 
[2026-01-17 10:14:20.579] RenderSlice(dim=2, slice=181, maxSize=1205) | VDS (3D) | Dims: 368 x 368 x 368 | Mode: SINGLE_THREADED | 
[2026-01-17 10:14:20.579] RenderSlice(dim=2, slice=181, maxSize=1205) | VDS (3D) | Dims: 368 x 368 x 368 | Mode: SINGLE_THREADED | Requesting 368x368 slice... | 
[2026-01-17 10:14:20.579] RenderSlice(dim=2, slice=181, maxSize=1205) | VDS (3D) | Dims: 368 x 368 x 368 | Mode: SINGLE_THREADED | Requesting 368x368 slice... | Request created, waiting for completion... | 
[2026-01-17 10:14:20.579] RenderSlice(dim=2, slice=181, maxSize=1205) | VDS (3D) | Dims: 368 x 368 x 368 | Mode: SINGLE_THREADED | Requesting 368x368 slice... | Request created, waiting for completion... | Slice: Inline 182/368 | Output: 368 x 368 | Raw: min=-2.81e+02 max=2.80e+02 mean=-4.04e-02 | 
[2026-01-17 10:14:20.579] [VDS] RenderSlice(dim=2, slice=181, maxSize=1205)
[2026-01-17 10:14:20.579] [VDS] VDS (3D)
[2026-01-17 10:14:20.579] [VDS] Dims: 368 x 368 x 368
[2026-01-17 10:14:20.579] [VDS] Mode: SINGLE_THREADED
[2026-01-17 10:14:20.579] [VDS] Requesting 368x368 slice...
[2026-01-17 10:14:20.579] [VDS] Request created, waiting for completion...
[2026-01-17 10:14:20.579] [VDS] Slice: Inline 182/368
[2026-01-17 10:14:20.579] [VDS] Output: 368 x 368
[2026-01-17 10:14:20.579] [VDS] Raw: min=-2.81e+02 max=2.80e+02 mean=-4.04e-02
[2026-01-17 10:14:20.579] [VDS] Saved: C:\Users\jonathan\AppData\LocalLow\Temp\openvds-preview-slice.bmp
[2026-01-17 10:14:20.705] Render: slice=180, maxSize=1205
[2026-01-17 10:14:20.721] RenderSlice(dim=2, slice=180, maxSize=1205) | 
[2026-01-17 10:14:20.721] RenderSlice(dim=2, slice=180, maxSize=1205) | VDS (3D) | Dims: 368 x 368 x 368 | Mode: SINGLE_THREADED | 
[2026-01-17 10:14:20.721] RenderSlice(dim=2, slice=180, maxSize=1205) | VDS (3D) | Dims: 368 x 368 x 368 | Mode: SINGLE_THREADED | Requesting 368x368 slice... | 
[2026-01-17 10:14:20.721] RenderSlice(dim=2, slice=180, maxSize=1205) | VDS (3D) | Dims: 368 x 368 x 368 | Mode: SINGLE_THREADED | Requesting 368x368 slice... | Request created, waiting for completion... | 
[2026-01-17 10:14:20.721] RenderSlice(dim=2, slice=180, maxSize=1205) | VDS (3D) | Dims: 368 x 368 x 368 | Mode: SINGLE_THREADED | Requesting 368x368 slice... | Request created, waiting for completion... | Slice: Inline 181/368 | Output: 368 x 368 | Raw: min=-2.96e+02 max=2.84e+02 mean=-4.13e-02 | 
[2026-01-17 10:14:20.721] [VDS] RenderSlice(dim=2, slice=180, maxSize=1205)
[2026-01-17 10:14:20.721] [VDS] VDS (3D)
[2026-01-17 10:14:20.721] [VDS] Dims: 368 x 368 x 368
[2026-01-17 10:14:20.721] [VDS] Mode: SINGLE_THREADED
[2026-01-17 10:14:20.721] [VDS] Requesting 368x368 slice...
[2026-01-17 10:14:20.721] [VDS] Request created, waiting for completion...
[2026-01-17 10:14:20.721] [VDS] Slice: Inline 181/368
[2026-01-17 10:14:20.737] [VDS] Output: 368 x 368
[2026-01-17 10:14:20.737] [VDS] Raw: min=-2.96e+02 max=2.84e+02 mean=-4.13e-02
[2026-01-17 10:14:20.737] [VDS] Saved: C:\Users\jonathan\AppData\LocalLow\Temp\openvds-preview-slice.bmp
[2026-01-17 10:14:20.831] Render: slice=179, maxSize=1205
[2026-01-17 10:14:20.831] RenderSlice(dim=2, slice=179, maxSize=1205) | 
[2026-01-17 10:14:20.831] RenderSlice(dim=2, slice=179, maxSize=1205) | VDS (3D) | Dims: 368 x 368 x 368 | Mode: SINGLE_THREADED | 
[2026-01-17 10:14:20.831] RenderSlice(dim=2, slice=179, maxSize=1205) | VDS (3D) | Dims: 368 x 368 x 368 | Mode: SINGLE_THREADED | Requesting 368x368 slice... | 
[2026-01-17 10:14:20.831] RenderSlice(dim=2, slice=179, maxSize=1205) | VDS (3D) | Dims: 368 x 368 x 368 | Mode: SINGLE_THREADED | Requesting 368x368 slice... | Request created, waiting for completion... | 
[2026-01-17 10:14:20.831] RenderSlice(dim=2, slice=179, maxSize=1205) | VDS (3D) | Dims: 368 x 368 x 368 | Mode: SINGLE_THREADED | Requesting 368x368 slice... | Request created, waiting for completion... | Slice: Inline 180/368 | Output: 368 x 368 | Raw: min=-2.85e+02 max=2.63e+02 mean=-4.40e-02 | 
[2026-01-17 10:14:20.831] [VDS] RenderSlice(dim=2, slice=179, maxSize=1205)
[2026-01-17 10:14:20.831] [VDS] VDS (3D)
[2026-01-17 10:14:20.831] [VDS] Dims: 368 x 368 x 368
[2026-01-17 10:14:20.831] [VDS] Mode: SINGLE_THREADED
[2026-01-17 10:14:20.831] [VDS] Requesting 368x368 slice...
[2026-01-17 10:14:20.831] [VDS] Request created, waiting for completion...
[2026-01-17 10:14:20.831] [VDS] Slice: Inline 180/368
[2026-01-17 10:14:20.831] [VDS] Output: 368 x 368
[2026-01-17 10:14:20.831] [VDS] Raw: min=-2.85e+02 max=2.63e+02 mean=-4.40e-02
[2026-01-17 10:14:20.831] [VDS] Saved: C:\Users\jonathan\AppData\LocalLow\Temp\openvds-preview-slice.bmp
[2026-01-17 10:14:20.910] Render: slice=178, maxSize=1205
[2026-01-17 10:14:20.910] RenderSlice(dim=2, slice=178, maxSize=1205) | 
[2026-01-17 10:14:20.910] RenderSlice(dim=2, slice=178, maxSize=1205) | VDS (3D) | Dims: 368 x 368 x 368 | Mode: SINGLE_THREADED | 
[2026-01-17 10:14:20.910] RenderSlice(dim=2, slice=178, maxSize=1205) | VDS (3D) | Dims: 368 x 368 x 368 | Mode: SINGLE_THREADED | Requesting 368x368 slice... | 
[2026-01-17 10:14:20.910] RenderSlice(dim=2, slice=178, maxSize=1205) | VDS (3D) | Dims: 368 x 368 x 368 | Mode: SINGLE_THREADED | Requesting 368x368 slice... | Request created, waiting for completion... | 
[2026-01-17 10:14:20.926] RenderSlice(dim=2, slice=178, maxSize=1205) | VDS (3D) | Dims: 368 x 368 x 368 | Mode: SINGLE_THREADED | Requesting 368x368 slice... | Request created, waiting for completion... | Slice: Inline 179/368 | Output: 368 x 368 | Raw: min=-2.94e+02 max=2.64e+02 mean=-5.03e-02 | 
[2026-01-17 10:14:20.926] [VDS] RenderSlice(dim=2, slice=178, maxSize=1205)
[2026-01-17 10:14:20.926] [VDS] VDS (3D)
[2026-01-17 10:14:20.926] [VDS] Dims: 368 x 368 x 368
[2026-01-17 10:14:20.926] [VDS] Mode: SINGLE_THREADED
[2026-01-17 10:14:20.926] [VDS] Requesting 368x368 slice...
[2026-01-17 10:14:20.926] [VDS] Request created, waiting for completion...
[2026-01-17 10:14:20.926] [VDS] Slice: Inline 179/368
[2026-01-17 10:14:20.926] [VDS] Output: 368 x 368
[2026-01-17 10:14:20.926] [VDS] Raw: min=-2.94e+02 max=2.64e+02 mean=-5.03e-02
[2026-01-17 10:14:20.926] [VDS] Saved: C:\Users\jonathan\AppData\LocalLow\Temp\openvds-preview-slice.bmp
[2026-01-17 10:14:21.036] Render: slice=177, maxSize=1205
[2026-01-17 10:14:21.036] RenderSlice(dim=2, slice=177, maxSize=1205) | 
[2026-01-17 10:14:21.036] RenderSlice(dim=2, slice=177, maxSize=1205) | VDS (3D) | Dims: 368 x 368 x 368 | Mode: SINGLE_THREADED | 
[2026-01-17 10:14:21.036] RenderSlice(dim=2, slice=177, maxSize=1205) | VDS (3D) | Dims: 368 x 368 x 368 | Mode: SINGLE_THREADED | Requesting 368x368 slice... | 
[2026-01-17 10:14:21.036] RenderSlice(dim=2, slice=177, maxSize=1205) | VDS (3D) | Dims: 368 x 368 x 368 | Mode: SINGLE_THREADED | Requesting 368x368 slice... | Request created, waiting for completion... | 
[2026-01-17 10:14:21.036] RenderSlice(dim=2, slice=177, maxSize=1205) | VDS (3D) | Dims: 368 x 368 x 368 | Mode: SINGLE_THREADED | Requesting 368x368 slice... | Request created, waiting for completion... | Slice: Inline 178/368 | Output: 368 x 368 | Raw: min=-2.88e+02 max=2.71e+02 mean=-3.43e-02 | 
[2026-01-17 10:14:21.036] [VDS] RenderSlice(dim=2, slice=177, maxSize=1205)
[2026-01-17 10:14:21.036] [VDS] VDS (3D)
[2026-01-17 10:14:21.036] [VDS] Dims: 368 x 368 x 368
[2026-01-17 10:14:21.036] [VDS] Mode: SINGLE_THREADED
[2026-01-17 10:14:21.036] [VDS] Requesting 368x368 slice...
[2026-01-17 10:14:21.036] [VDS] Request created, waiting for completion...
[2026-01-17 10:14:21.036] [VDS] Slice: Inline 178/368
[2026-01-17 10:14:21.036] [VDS] Output: 368 x 368
[2026-01-17 10:14:21.036] [VDS] Raw: min=-2.88e+02 max=2.71e+02 mean=-3.43e-02
[2026-01-17 10:14:21.036] [VDS] Saved: C:\Users\jonathan\AppData\LocalLow\Temp\openvds-preview-slice.bmp
[2026-01-17 10:14:21.478] Render: slice=176, maxSize=1205
[2026-01-17 10:14:21.478] RenderSlice(dim=2, slice=176, maxSize=1205) | 
[2026-01-17 10:14:21.478] RenderSlice(dim=2, slice=176, maxSize=1205) | VDS (3D) | Dims: 368 x 368 x 368 | Mode: SINGLE_THREADED | 
[2026-01-17 10:14:21.478] RenderSlice(dim=2, slice=176, maxSize=1205) | VDS (3D) | Dims: 368 x 368 x 368 | Mode: SINGLE_THREADED | Requesting 368x368 slice... | 
[2026-01-17 10:14:21.478] RenderSlice(dim=2, slice=176, maxSize=1205) | VDS (3D) | Dims: 368 x 368 x 368 | Mode: SINGLE_THREADED | Requesting 368x368 slice... | Request created, waiting for completion... | 
[2026-01-17 10:14:21.478] RenderSlice(dim=2, slice=176, maxSize=1205) | VDS (3D) | Dims: 368 x 368 x 368 | Mode: SINGLE_THREADED | Requesting 368x368 slice... | Request created, waiting for completion... | Slice: Inline 177/368 | Output: 368 x 368 | Raw: min=-2.86e+02 max=2.53e+02 mean=4.42e-03 | 
[2026-01-17 10:14:21.478] [VDS] RenderSlice(dim=2, slice=176, maxSize=1205)
[2026-01-17 10:14:21.478] [VDS] VDS (3D)
[2026-01-17 10:14:21.478] [VDS] Dims: 368 x 368 x 368
[2026-01-17 10:14:21.478] [VDS] Mode: SINGLE_THREADED
[2026-01-17 10:14:21.478] [VDS] Requesting 368x368 slice...
[2026-01-17 10:14:21.478] [VDS] Request created, waiting for completion...
[2026-01-17 10:14:21.478] [VDS] Slice: Inline 177/368
[2026-01-17 10:14:21.478] [VDS] Output: 368 x 368
[2026-01-17 10:14:21.478] [VDS] Raw: min=-2.86e+02 max=2.53e+02 mean=4.42e-03
[2026-01-17 10:14:21.478] [VDS] Saved: C:\Users\jonathan\AppData\LocalLow\Temp\openvds-preview-slice.bmp
[2026-01-17 10:14:21.494] Render: slice=175, maxSize=1205
[2026-01-17 10:14:21.494] RenderSlice(dim=2, slice=175, maxSize=1205) | 
[2026-01-17 10:14:21.510] RenderSlice(dim=2, slice=175, maxSize=1205) | VDS (3D) | Dims: 368 x 368 x 368 | Mode: SINGLE_THREADED | 
[2026-01-17 10:14:21.510] RenderSlice(dim=2, slice=175, maxSize=1205) | VDS (3D) | Dims: 368 x 368 x 368 | Mode: SINGLE_THREADED | Requesting 368x368 slice... | 
[2026-01-17 10:14:21.510] RenderSlice(dim=2, slice=175, maxSize=1205) | VDS (3D) | Dims: 368 x 368 x 368 | Mode: SINGLE_THREADED | Requesting 368x368 slice... | Request created, waiting for completion... | 
[2026-01-17 10:14:21.510] RenderSlice(dim=2, slice=175, maxSize=1205) | VDS (3D) | Dims: 368 x 368 x 368 | Mode: SINGLE_THREADED | Requesting 368x368 slice... | Request created, waiting for completion... | Slice: Inline 176/368 | Output: 368 x 368 | Raw: min=-2.73e+02 max=2.60e+02 mean=1.77e-02 | 
[2026-01-17 10:14:21.510] [VDS] RenderSlice(dim=2, slice=175, maxSize=1205)
[2026-01-17 10:14:21.510] [VDS] VDS (3D)
[2026-01-17 10:14:21.510] [VDS] Dims: 368 x 368 x 368
[2026-01-17 10:14:21.510] [VDS] Mode: SINGLE_THREADED
[2026-01-17 10:14:21.510] [VDS] Requesting 368x368 slice...
[2026-01-17 10:14:21.510] [VDS] Request created, waiting for completion...
[2026-01-17 10:14:21.510] [VDS] Slice: Inline 176/368
[2026-01-17 10:14:21.510] [VDS] Output: 368 x 368
[2026-01-17 10:14:21.510] [VDS] Raw: min=-2.73e+02 max=2.60e+02 mean=1.77e-02
[2026-01-17 10:14:21.510] [VDS] Saved: C:\Users\jonathan\AppData\LocalLow\Temp\openvds-preview-slice.bmp
[2026-01-17 10:14:21.525] Render: slice=174, maxSize=1205
[2026-01-17 10:14:21.525] RenderSlice(dim=2, slice=174, maxSize=1205) | 
[2026-01-17 10:14:21.525] RenderSlice(dim=2, slice=174, maxSize=1205) | VDS (3D) | Dims: 368 x 368 x 368 | Mode: SINGLE_THREADED | 
[2026-01-17 10:14:21.525] RenderSlice(dim=2, slice=174, maxSize=1205) | VDS (3D) | Dims: 368 x 368 x 368 | Mode: SINGLE_THREADED | Requesting 368x368 slice... | 
[2026-01-17 10:14:21.525] RenderSlice(dim=2, slice=174, maxSize=1205) | VDS (3D) | Dims: 368 x 368 x 368 | Mode: SINGLE_THREADED | Requesting 368x368 slice... | Request created, waiting for completion... | 
[2026-01-17 10:14:21.525] RenderSlice(dim=2, slice=174, maxSize=1205) | VDS (3D) | Dims: 368 x 368 x 368 | Mode: SINGLE_THREADED | Requesting 368x368 slice... | Request created, waiting for completion... | Slice: Inline 175/368 | Output: 368 x 368 | Raw: min=-3.15e+02 max=2.57e+02 mean=4.98e-02 | 
[2026-01-17 10:14:21.525] [VDS] RenderSlice(dim=2, slice=174, maxSize=1205)
[2026-01-17 10:14:21.525] [VDS] VDS (3D)
[2026-01-17 10:14:21.525] [VDS] Dims: 368 x 368 x 368
[2026-01-17 10:14:21.525] [VDS] Mode: SINGLE_THREADED
[2026-01-17 10:14:21.525] [VDS] Requesting 368x368 slice...
[2026-01-17 10:14:21.525] [VDS] Request created, waiting for completion...
[2026-01-17 10:14:21.525] [VDS] Slice: Inline 175/368
[2026-01-17 10:14:21.525] [VDS] Output: 368 x 368
[2026-01-17 10:14:21.525] [VDS] Raw: min=-3.15e+02 max=2.57e+02 mean=4.98e-02
[2026-01-17 10:14:21.525] [VDS] Saved: C:\Users\jonathan\AppData\LocalLow\Temp\openvds-preview-slice.bmp
[2026-01-17 10:14:21.557] Render: slice=173, maxSize=1205
[2026-01-17 10:14:21.557] RenderSlice(dim=2, slice=173, maxSize=1205) | 
[2026-01-17 10:14:21.557] RenderSlice(dim=2, slice=173, maxSize=1205) | VDS (3D) | Dims: 368 x 368 x 368 | Mode: SINGLE_THREADED | 
[2026-01-17 10:14:21.557] RenderSlice(dim=2, slice=173, maxSize=1205) | VDS (3D) | Dims: 368 x 368 x 368 | Mode: SINGLE_THREADED | Requesting 368x368 slice... | 
[2026-01-17 10:14:21.557] RenderSlice(dim=2, slice=173, maxSize=1205) | VDS (3D) | Dims: 368 x 368 x 368 | Mode: SINGLE_THREADED | Requesting 368x368 slice... | Request created, waiting for completion... | 
[2026-01-17 10:14:21.557] RenderSlice(dim=2, slice=173, maxSize=1205) | VDS (3D) | Dims: 368 x 368 x 368 | Mode: SINGLE_THREADED | Requesting 368x368 slice... | Request created, waiting for completion... | Slice: Inline 174/368 | Output: 368 x 368 | Raw: min=-3.15e+02 max=2.81e+02 mean=6.08e-02 | 
[2026-01-17 10:14:21.557] [VDS] RenderSlice(dim=2, slice=173, maxSize=1205)
[2026-01-17 10:14:21.557] [VDS] VDS (3D)
[2026-01-17 10:14:21.557] [VDS] Dims: 368 x 368 x 368
[2026-01-17 10:14:21.557] [VDS] Mode: SINGLE_THREADED
[2026-01-17 10:14:21.557] [VDS] Requesting 368x368 slice...
[2026-01-17 10:14:21.557] [VDS] Request created, waiting for completion...
[2026-01-17 10:14:21.573] [VDS] Slice: Inline 174/368
[2026-01-17 10:14:21.573] [VDS] Output: 368 x 368
[2026-01-17 10:14:21.573] [VDS] Raw: min=-3.15e+02 max=2.81e+02 mean=6.08e-02
[2026-01-17 10:14:21.573] [VDS] Saved: C:\Users\jonathan\AppData\LocalLow\Temp\openvds-preview-slice.bmp
[2026-01-17 10:14:21.588] Render: slice=172, maxSize=1205
[2026-01-17 10:14:21.588] RenderSlice(dim=2, slice=172, maxSize=1205) | 
[2026-01-17 10:14:21.588] RenderSlice(dim=2, slice=172, maxSize=1205) | VDS (3D) | Dims: 368 x 368 x 368 | Mode: SINGLE_THREADED | 
[2026-01-17 10:14:21.588] RenderSlice(dim=2, slice=172, maxSize=1205) | VDS (3D) | Dims: 368 x 368 x 368 | Mode: SINGLE_THREADED | Requesting 368x368 slice... | 
[2026-01-17 10:14:21.588] RenderSlice(dim=2, slice=172, maxSize=1205) | VDS (3D) | Dims: 368 x 368 x 368 | Mode: SINGLE_THREADED | Requesting 368x368 slice... | Request created, waiting for completion... | 
[2026-01-17 10:14:21.604] RenderSlice(dim=2, slice=172, maxSize=1205) | VDS (3D) | Dims: 368 x 368 x 368 | Mode: SINGLE_THREADED | Requesting 368x368 slice... | Request created, waiting for completion... | Slice: Inline 173/368 | Output: 368 x 368 | Raw: min=-2.58e+02 max=2.61e+02 mean=6.02e-02 | 
[2026-01-17 10:14:21.604] [VDS] RenderSlice(dim=2, slice=172, maxSize=1205)
[2026-01-17 10:14:21.604] [VDS] VDS (3D)
[2026-01-17 10:14:21.604] [VDS] Dims: 368 x 368 x 368
[2026-01-17 10:14:21.604] [VDS] Mode: SINGLE_THREADED
[2026-01-17 10:14:21.604] [VDS] Requesting 368x368 slice...
[2026-01-17 10:14:21.604] [VDS] Request created, waiting for completion...
[2026-01-17 10:14:21.604] [VDS] Slice: Inline 173/368
[2026-01-17 10:14:21.604] [VDS] Output: 368 x 368
[2026-01-17 10:14:21.604] [VDS] Raw: min=-2.58e+02 max=2.61e+02 mean=6.02e-02
[2026-01-17 10:14:21.604] [VDS] Saved: C:\Users\jonathan\AppData\LocalLow\Temp\openvds-preview-slice.bmp
[2026-01-17 10:14:21.636] Render: slice=171, maxSize=1205
[2026-01-17 10:14:21.636] RenderSlice(dim=2, slice=171, maxSize=1205) | 
[2026-01-17 10:14:21.636] RenderSlice(dim=2, slice=171, maxSize=1205) | VDS (3D) | Dims: 368 x 368 x 368 | Mode: SINGLE_THREADED | 
[2026-01-17 10:14:21.636] RenderSlice(dim=2, slice=171, maxSize=1205) | VDS (3D) | Dims: 368 x 368 x 368 | Mode: SINGLE_THREADED | Requesting 368x368 slice... | 
[2026-01-17 10:14:21.636] RenderSlice(dim=2, slice=171, maxSize=1205) | VDS (3D) | Dims: 368 x 368 x 368 | Mode: SINGLE_THREADED | Requesting 368x368 slice... | Request created, waiting for completion... | 
[2026-01-17 10:14:21.636] RenderSlice(dim=2, slice=171, maxSize=1205) | VDS (3D) | Dims: 368 x 368 x 368 | Mode: SINGLE_THREADED | Requesting 368x368 slice... | Request created, waiting for completion... | Slice: Inline 172/368 | Output: 368 x 368 | Raw: min=-2.42e+02 max=2.89e+02 mean=4.37e-02 | 
[2026-01-17 10:14:21.636] [VDS] RenderSlice(dim=2, slice=171, maxSize=1205)
[2026-01-17 10:14:21.636] [VDS] VDS (3D)
[2026-01-17 10:14:21.636] [VDS] Dims: 368 x 368 x 368
[2026-01-17 10:14:21.636] [VDS] Mode: SINGLE_THREADED
[2026-01-17 10:14:21.636] [VDS] Requesting 368x368 slice...
[2026-01-17 10:14:21.636] [VDS] Request created, waiting for completion...
[2026-01-17 10:14:21.636] [VDS] Slice: Inline 172/368
[2026-01-17 10:14:21.636] [VDS] Output: 368 x 368
[2026-01-17 10:14:21.636] [VDS] Raw: min=-2.42e+02 max=2.89e+02 mean=4.37e-02
[2026-01-17 10:14:21.636] [VDS] Saved: C:\Users\jonathan\AppData\LocalLow\Temp\openvds-preview-slice.bmp
[2026-01-17 10:14:21.667] Render: slice=170, maxSize=1205
[2026-01-17 10:14:21.667] RenderSlice(dim=2, slice=170, maxSize=1205) | 
[2026-01-17 10:14:21.667] RenderSlice(dim=2, slice=170, maxSize=1205) | VDS (3D) | Dims: 368 x 368 x 368 | Mode: SINGLE_THREADED | 
[2026-01-17 10:14:21.667] RenderSlice(dim=2, slice=170, maxSize=1205) | VDS (3D) | Dims: 368 x 368 x 368 | Mode: SINGLE_THREADED | Requesting 368x368 slice... | 
[2026-01-17 10:14:21.667] RenderSlice(dim=2, slice=170, maxSize=1205) | VDS (3D) | Dims: 368 x 368 x 368 | Mode: SINGLE_THREADED | Requesting 368x368 slice... | Request created, waiting for completion... | 
[2026-01-17 10:14:21.667] RenderSlice(dim=2, slice=170, maxSize=1205) | VDS (3D) | Dims: 368 x 368 x 368 | Mode: SINGLE_THREADED | Requesting 368x368 slice... | Request created, waiting for completion... | Slice: Inline 171/368 | Output: 368 x 368 | Raw: min=-2.90e+02 max=2.61e+02 mean=3.39e-02 | 
[2026-01-17 10:14:21.667] [VDS] RenderSlice(dim=2, slice=170, maxSize=1205)
[2026-01-17 10:14:21.667] [VDS] VDS (3D)
[2026-01-17 10:14:21.667] [VDS] Dims: 368 x 368 x 368
[2026-01-17 10:14:21.667] [VDS] Mode: SINGLE_THREADED
[2026-01-17 10:14:21.683] [VDS] Requesting 368x368 slice...
[2026-01-17 10:14:21.683] [VDS] Request created, waiting for completion...
[2026-01-17 10:14:21.683] [VDS] Slice: Inline 171/368
[2026-01-17 10:14:21.683] [VDS] Output: 368 x 368
[2026-01-17 10:14:21.683] [VDS] Raw: min=-2.90e+02 max=2.61e+02 mean=3.39e-02
[2026-01-17 10:14:21.683] [VDS] Saved: C:\Users\jonathan\AppData\LocalLow\Temp\openvds-preview-slice.bmp
[2026-01-17 10:14:21.698] Render: slice=169, maxSize=1205
[2026-01-17 10:14:21.698] RenderSlice(dim=2, slice=169, maxSize=1205) | 
[2026-01-17 10:14:21.698] RenderSlice(dim=2, slice=169, maxSize=1205) | VDS (3D) | Dims: 368 x 368 x 368 | Mode: SINGLE_THREADED | 
[2026-01-17 10:14:21.698] RenderSlice(dim=2, slice=169, maxSize=1205) | VDS (3D) | Dims: 368 x 368 x 368 | Mode: SINGLE_THREADED | Requesting 368x368 slice... | 
[2026-01-17 10:14:21.698] RenderSlice(dim=2, slice=169, maxSize=1205) | VDS (3D) | Dims: 368 x 368 x 368 | Mode: SINGLE_THREADED | Requesting 368x368 slice... | Request created, waiting for completion... | 
[2026-01-17 10:14:21.698] RenderSlice(dim=2, slice=169, maxSize=1205) | VDS (3D) | Dims: 368 x 368 x 368 | Mode: SINGLE_THREADED | Requesting 368x368 slice... | Request created, waiting for completion... | Slice: Inline 170/368 | Output: 368 x 368 | Raw: min=-2.95e+02 max=2.83e+02 mean=3.88e-02 | 
[2026-01-17 10:14:21.714] [VDS] RenderSlice(dim=2, slice=169, maxSize=1205)
[2026-01-17 10:14:21.714] [VDS] VDS (3D)
[2026-01-17 10:14:21.714] [VDS] Dims: 368 x 368 x 368
[2026-01-17 10:14:21.714] [VDS] Mode: SINGLE_THREADED
[2026-01-17 10:14:21.714] [VDS] Requesting 368x368 slice...
[2026-01-17 10:14:21.714] [VDS] Request created, waiting for completion...
[2026-01-17 10:14:21.714] [VDS] Slice: Inline 170/368
[2026-01-17 10:14:21.714] [VDS] Output: 368 x 368
[2026-01-17 10:14:21.714] [VDS] Raw: min=-2.95e+02 max=2.83e+02 mean=3.88e-02
[2026-01-17 10:14:21.714] [VDS] Saved: C:\Users\jonathan\AppData\LocalLow\Temp\openvds-preview-slice.bmp
[2026-01-17 10:14:22.093] Render: slice=168, maxSize=1205
[2026-01-17 10:14:22.093] RenderSlice(dim=2, slice=168, maxSize=1205) | 
[2026-01-17 10:14:22.093] RenderSlice(dim=2, slice=168, maxSize=1205) | VDS (3D) | Dims: 368 x 368 x 368 | Mode: SINGLE_THREADED | 
[2026-01-17 10:14:22.093] RenderSlice(dim=2, slice=168, maxSize=1205) | VDS (3D) | Dims: 368 x 368 x 368 | Mode: SINGLE_THREADED | Requesting 368x368 slice... | 
[2026-01-17 10:14:22.093] RenderSlice(dim=2, slice=168, maxSize=1205) | VDS (3D) | Dims: 368 x 368 x 368 | Mode: SINGLE_THREADED | Requesting 368x368 slice... | Request created, waiting for completion... | 
[2026-01-17 10:14:22.093] RenderSlice(dim=2, slice=168, maxSize=1205) | VDS (3D) | Dims: 368 x 368 x 368 | Mode: SINGLE_THREADED | Requesting 368x368 slice... | Request created, waiting for completion... | Slice: Inline 169/368 | Output: 368 x 368 | Raw: min=-3.02e+02 max=2.92e+02 mean=4.14e-02 | 
[2026-01-17 10:14:22.093] [VDS] RenderSlice(dim=2, slice=168, maxSize=1205)
[2026-01-17 10:14:22.093] [VDS] VDS (3D)
[2026-01-17 10:14:22.093] [VDS] Dims: 368 x 368 x 368
[2026-01-17 10:14:22.093] [VDS] Mode: SINGLE_THREADED
[2026-01-17 10:14:22.093] [VDS] Requesting 368x368 slice...
[2026-01-17 10:14:22.093] [VDS] Request created, waiting for completion...
[2026-01-17 10:14:22.093] [VDS] Slice: Inline 169/368
[2026-01-17 10:14:22.093] [VDS] Output: 368 x 368
[2026-01-17 10:14:22.093] [VDS] Raw: min=-3.02e+02 max=2.92e+02 mean=4.14e-02
[2026-01-17 10:14:22.093] [VDS] Saved: C:\Users\jonathan\AppData\LocalLow\Temp\openvds-preview-slice.bmp
[2026-01-17 10:14:22.108] Render: slice=167, maxSize=1205
[2026-01-17 10:14:22.108] RenderSlice(dim=2, slice=167, maxSize=1205) | 
[2026-01-17 10:14:22.108] RenderSlice(dim=2, slice=167, maxSize=1205) | VDS (3D) | Dims: 368 x 368 x 368 | Mode: SINGLE_THREADED | 
[2026-01-17 10:14:22.108] RenderSlice(dim=2, slice=167, maxSize=1205) | VDS (3D) | Dims: 368 x 368 x 368 | Mode: SINGLE_THREADED | Requesting 368x368 slice... | 
[2026-01-17 10:14:22.108] RenderSlice(dim=2, slice=167, maxSize=1205) | VDS (3D) | Dims: 368 x 368 x 368 | Mode: SINGLE_THREADED | Requesting 368x368 slice... | Request created, waiting for completion... | 
[2026-01-17 10:14:22.108] RenderSlice(dim=2, slice=167, maxSize=1205) | VDS (3D) | Dims: 368 x 368 x 368 | Mode: SINGLE_THREADED | Requesting 368x368 slice... | Request created, waiting for completion... | Slice: Inline 168/368 | Output: 368 x 368 | Raw: min=-3.06e+02 max=3.02e+02 mean=1.57e-02 | 
[2026-01-17 10:14:22.108] [VDS] RenderSlice(dim=2, slice=167, maxSize=1205)
[2026-01-17 10:14:22.124] [VDS] VDS (3D)
[2026-01-17 10:14:22.124] [VDS] Dims: 368 x 368 x 368
[2026-01-17 10:14:22.124] [VDS] Mode: SINGLE_THREADED
[2026-01-17 10:14:22.124] [VDS] Requesting 368x368 slice...
[2026-01-17 10:14:22.124] [VDS] Request created, waiting for completion...
[2026-01-17 10:14:22.124] [VDS] Slice: Inline 168/368
[2026-01-17 10:14:22.124] [VDS] Output: 368 x 368
[2026-01-17 10:14:22.124] [VDS] Raw: min=-3.06e+02 max=3.02e+02 mean=1.57e-02
[2026-01-17 10:14:22.124] [VDS] Saved: C:\Users\jonathan\AppData\LocalLow\Temp\openvds-preview-slice.bmp
[2026-01-17 10:14:22.156] Render: slice=166, maxSize=1205
[2026-01-17 10:14:22.156] RenderSlice(dim=2, slice=166, maxSize=1205) | 
[2026-01-17 10:14:22.156] RenderSlice(dim=2, slice=166, maxSize=1205) | VDS (3D) | Dims: 368 x 368 x 368 | Mode: SINGLE_THREADED | 
[2026-01-17 10:14:22.156] RenderSlice(dim=2, slice=166, maxSize=1205) | VDS (3D) | Dims: 368 x 368 x 368 | Mode: SINGLE_THREADED | Requesting 368x368 slice... | 
[2026-01-17 10:14:22.156] RenderSlice(dim=2, slice=166, maxSize=1205) | VDS (3D) | Dims: 368 x 368 x 368 | Mode: SINGLE_THREADED | Requesting 368x368 slice... | Request created, waiting for completion... | 
[2026-01-17 10:14:22.171] RenderSlice(dim=2, slice=166, maxSize=1205) | VDS (3D) | Dims: 368 x 368 x 368 | Mode: SINGLE_THREADED | Requesting 368x368 slice... | Request created, waiting for completion... | Slice: Inline 167/368 | Output: 368 x 368 | Raw: min=-3.33e+02 max=3.31e+02 mean=2.28e-02 | 
[2026-01-17 10:14:22.171] [VDS] RenderSlice(dim=2, slice=166, maxSize=1205)
[2026-01-17 10:14:22.171] [VDS] VDS (3D)
[2026-01-17 10:14:22.171] [VDS] Dims: 368 x 368 x 368
[2026-01-17 10:14:22.171] [VDS] Mode: SINGLE_THREADED
[2026-01-17 10:14:22.171] [VDS] Requesting 368x368 slice...
[2026-01-17 10:14:22.171] [VDS] Request created, waiting for completion...
[2026-01-17 10:14:22.171] [VDS] Slice: Inline 167/368
[2026-01-17 10:14:22.171] [VDS] Output: 368 x 368
[2026-01-17 10:14:22.171] [VDS] Raw: min=-3.33e+02 max=3.31e+02 mean=2.28e-02
[2026-01-17 10:14:22.171] [VDS] Saved: C:\Users\jonathan\AppData\LocalLow\Temp\openvds-preview-slice.bmp
[2026-01-17 10:14:22.203] Render: slice=165, maxSize=1205
[2026-01-17 10:14:22.203] RenderSlice(dim=2, slice=165, maxSize=1205) | 
[2026-01-17 10:14:22.203] RenderSlice(dim=2, slice=165, maxSize=1205) | VDS (3D) | Dims: 368 x 368 x 368 | Mode: SINGLE_THREADED | 
[2026-01-17 10:14:22.203] RenderSlice(dim=2, slice=165, maxSize=1205) | VDS (3D) | Dims: 368 x 368 x 368 | Mode: SINGLE_THREADED | Requesting 368x368 slice... | 
[2026-01-17 10:14:22.203] RenderSlice(dim=2, slice=165, maxSize=1205) | VDS (3D) | Dims: 368 x 368 x 368 | Mode: SINGLE_THREADED | Requesting 368x368 slice... | Request created, waiting for completion... | 
[2026-01-17 10:14:22.203] RenderSlice(dim=2, slice=165, maxSize=1205) | VDS (3D) | Dims: 368 x 368 x 368 | Mode: SINGLE_THREADED | Requesting 368x368 slice... | Request created, waiting for completion... | Slice: Inline 166/368 | Output: 368 x 368 | Raw: min=-2.89e+02 max=2.88e+02 mean=2.15e-02 | 
[2026-01-17 10:14:22.219] [VDS] RenderSlice(dim=2, slice=165, maxSize=1205)
[2026-01-17 10:14:22.219] [VDS] VDS (3D)
[2026-01-17 10:14:22.219] [VDS] Dims: 368 x 368 x 368
[2026-01-17 10:14:22.219] [VDS] Mode: SINGLE_THREADED
[2026-01-17 10:14:22.219] [VDS] Requesting 368x368 slice...
[2026-01-17 10:14:22.219] [VDS] Request created, waiting for completion...
[2026-01-17 10:14:22.219] [VDS] Slice: Inline 166/368
[2026-01-17 10:14:22.219] [VDS] Output: 368 x 368
[2026-01-17 10:14:22.219] [VDS] Raw: min=-2.89e+02 max=2.88e+02 mean=2.15e-02
[2026-01-17 10:14:22.219] [VDS] Saved: C:\Users\jonathan\AppData\LocalLow\Temp\openvds-preview-slice.bmp
[2026-01-17 10:14:22.234] Render: slice=164, maxSize=1205
[2026-01-17 10:14:22.234] RenderSlice(dim=2, slice=164, maxSize=1205) | 
[2026-01-17 10:14:22.234] RenderSlice(dim=2, slice=164, maxSize=1205) | VDS (3D) | Dims: 368 x 368 x 368 | Mode: SINGLE_THREADED | 
[2026-01-17 10:14:22.234] RenderSlice(dim=2, slice=164, maxSize=1205) | VDS (3D) | Dims: 368 x 368 x 368 | Mode: SINGLE_THREADED | Requesting 368x368 slice... | 
[2026-01-17 10:14:22.234] RenderSlice(dim=2, slice=164, maxSize=1205) | VDS (3D) | Dims: 368 x 368 x 368 | Mode: SINGLE_THREADED | Requesting 368x368 slice... | Request created, waiting for completion... | 
[2026-01-17 10:14:22.250] RenderSlice(dim=2, slice=164, maxSize=1205) | VDS (3D) | Dims: 368 x 368 x 368 | Mode: SINGLE_THREADED | Requesting 368x368 slice... | Request created, waiting for completion... | Slice: Inline 165/368 | Output: 368 x 368 | Raw: min=-2.35e+02 max=2.76e+02 mean=-1.77e-02 | 
[2026-01-17 10:14:22.250] [VDS] RenderSlice(dim=2, slice=164, maxSize=1205)
[2026-01-17 10:14:22.250] [VDS] VDS (3D)
[2026-01-17 10:14:22.250] [VDS] Dims: 368 x 368 x 368
[2026-01-17 10:14:22.250] [VDS] Mode: SINGLE_THREADED
[2026-01-17 10:14:22.250] [VDS] Requesting 368x368 slice...
[2026-01-17 10:14:22.250] [VDS] Request created, waiting for completion...
[2026-01-17 10:14:22.250] [VDS] Slice: Inline 165/368
[2026-01-17 10:14:22.250] [VDS] Output: 368 x 368
[2026-01-17 10:14:22.250] [VDS] Raw: min=-2.35e+02 max=2.76e+02 mean=-1.77e-02
[2026-01-17 10:14:22.250] [VDS] Saved: C:\Users\jonathan\AppData\LocalLow\Temp\openvds-preview-slice.bmp
[2026-01-17 10:14:22.266] Render: slice=163, maxSize=1205
[2026-01-17 10:14:22.281] RenderSlice(dim=2, slice=163, maxSize=1205) | 
[2026-01-17 10:14:22.281] RenderSlice(dim=2, slice=163, maxSize=1205) | VDS (3D) | Dims: 368 x 368 x 368 | Mode: SINGLE_THREADED | 
[2026-01-17 10:14:22.281] RenderSlice(dim=2, slice=163, maxSize=1205) | VDS (3D) | Dims: 368 x 368 x 368 | Mode: SINGLE_THREADED | Requesting 368x368 slice... | 
[2026-01-17 10:14:22.281] RenderSlice(dim=2, slice=163, maxSize=1205) | VDS (3D) | Dims: 368 x 368 x 368 | Mode: SINGLE_THREADED | Requesting 368x368 slice... | Request created, waiting for completion... | 
[2026-01-17 10:14:22.281] RenderSlice(dim=2, slice=163, maxSize=1205) | VDS (3D) | Dims: 368 x 368 x 368 | Mode: SINGLE_THREADED | Requesting 368x368 slice... | Request created, waiting for completion... | Slice: Inline 164/368 | Output: 368 x 368 | Raw: min=-2.36e+02 max=3.15e+02 mean=-4.48e-02 | 
[2026-01-17 10:14:22.281] [VDS] RenderSlice(dim=2, slice=163, maxSize=1205)
[2026-01-17 10:14:22.281] [VDS] VDS (3D)
[2026-01-17 10:14:22.281] [VDS] Dims: 368 x 368 x 368
[2026-01-17 10:14:22.281] [VDS] Mode: SINGLE_THREADED
[2026-01-17 10:14:22.281] [VDS] Requesting 368x368 slice...
[2026-01-17 10:14:22.281] [VDS] Request created, waiting for completion...
[2026-01-17 10:14:22.281] [VDS] Slice: Inline 164/368
[2026-01-17 10:14:22.281] [VDS] Output: 368 x 368
[2026-01-17 10:14:22.281] [VDS] Raw: min=-2.36e+02 max=3.15e+02 mean=-4.48e-02
[2026-01-17 10:14:22.281] [VDS] Saved: C:\Users\jonathan\AppData\LocalLow\Temp\openvds-preview-slice.bmp
[2026-01-17 10:14:22.313] Render: slice=162, maxSize=1205
[2026-01-17 10:14:22.313] RenderSlice(dim=2, slice=162, maxSize=1205) | 
[2026-01-17 10:14:22.313] RenderSlice(dim=2, slice=162, maxSize=1205) | VDS (3D) | Dims: 368 x 368 x 368 | Mode: SINGLE_THREADED | 
[2026-01-17 10:14:22.313] RenderSlice(dim=2, slice=162, maxSize=1205) | VDS (3D) | Dims: 368 x 368 x 368 | Mode: SINGLE_THREADED | Requesting 368x368 slice... | 
[2026-01-17 10:14:22.313] RenderSlice(dim=2, slice=162, maxSize=1205) | VDS (3D) | Dims: 368 x 368 x 368 | Mode: SINGLE_THREADED | Requesting 368x368 slice... | Request created, waiting for completion... | 
[2026-01-17 10:14:22.313] RenderSlice(dim=2, slice=162, maxSize=1205) | VDS (3D) | Dims: 368 x 368 x 368 | Mode: SINGLE_THREADED | Requesting 368x368 slice... | Request created, waiting for completion... | Slice: Inline 163/368 | Output: 368 x 368 | Raw: min=-2.65e+02 max=3.03e+02 mean=-1.77e-02 | 
[2026-01-17 10:14:22.324] [VDS] RenderSlice(dim=2, slice=162, maxSize=1205)
[2026-01-17 10:14:22.324] [VDS] VDS (3D)
[2026-01-17 10:14:22.324] [VDS] Dims: 368 x 368 x 368
[2026-01-17 10:14:22.324] [VDS] Mode: SINGLE_THREADED
[2026-01-17 10:14:22.324] [VDS] Requesting 368x368 slice...
[2026-01-17 10:14:22.324] [VDS] Request created, waiting for completion...
[2026-01-17 10:14:22.324] [VDS] Slice: Inline 163/368
[2026-01-17 10:14:22.324] [VDS] Output: 368 x 368
[2026-01-17 10:14:22.324] [VDS] Raw: min=-2.65e+02 max=3.03e+02 mean=-1.77e-02
[2026-01-17 10:14:22.329] [VDS] Saved: C:\Users\jonathan\AppData\LocalLow\Temp\openvds-preview-slice.bmp
[2026-01-17 10:14:22.344] Render: slice=161, maxSize=1205
[2026-01-17 10:14:22.344] RenderSlice(dim=2, slice=161, maxSize=1205) | 
[2026-01-17 10:14:22.344] RenderSlice(dim=2, slice=161, maxSize=1205) | VDS (3D) | Dims: 368 x 368 x 368 | Mode: SINGLE_THREADED | 
[2026-01-17 10:14:22.344] RenderSlice(dim=2, slice=161, maxSize=1205) | VDS (3D) | Dims: 368 x 368 x 368 | Mode: SINGLE_THREADED | Requesting 368x368 slice... | 
[2026-01-17 10:14:22.344] RenderSlice(dim=2, slice=161, maxSize=1205) | VDS (3D) | Dims: 368 x 368 x 368 | Mode: SINGLE_THREADED | Requesting 368x368 slice... | Request created, waiting for completion... | 
[2026-01-17 10:14:22.360] RenderSlice(dim=2, slice=161, maxSize=1205) | VDS (3D) | Dims: 368 x 368 x 368 | Mode: SINGLE_THREADED | Requesting 368x368 slice... | Request created, waiting for completion... | Slice: Inline 162/368 | Output: 368 x 368 | Raw: min=-2.23e+02 max=2.50e+02 mean=-1.60e-02 | 
[2026-01-17 10:14:22.360] [VDS] RenderSlice(dim=2, slice=161, maxSize=1205)
[2026-01-17 10:14:22.360] [VDS] VDS (3D)
[2026-01-17 10:14:22.360] [VDS] Dims: 368 x 368 x 368
[2026-01-17 10:14:22.360] [VDS] Mode: SINGLE_THREADED
[2026-01-17 10:14:22.360] [VDS] Requesting 368x368 slice...
[2026-01-17 10:14:22.360] [VDS] Request created, waiting for completion...
[2026-01-17 10:14:22.360] [VDS] Slice: Inline 162/368
[2026-01-17 10:14:22.360] [VDS] Output: 368 x 368
[2026-01-17 10:14:22.360] [VDS] Raw: min=-2.23e+02 max=2.50e+02 mean=-1.60e-02
[2026-01-17 10:14:22.360] [VDS] Saved: C:\Users\jonathan\AppData\LocalLow\Temp\openvds-preview-slice.bmp
[2026-01-17 10:14:22.439] Render: slice=160, maxSize=1205
[2026-01-17 10:14:22.439] RenderSlice(dim=2, slice=160, maxSize=1205) | 
[2026-01-17 10:14:22.439] RenderSlice(dim=2, slice=160, maxSize=1205) | VDS (3D) | Dims: 368 x 368 x 368 | Mode: SINGLE_THREADED | 
[2026-01-17 10:14:22.439] RenderSlice(dim=2, slice=160, maxSize=1205) | VDS (3D) | Dims: 368 x 368 x 368 | Mode: SINGLE_THREADED | Requesting 368x368 slice... | 
[2026-01-17 10:14:22.439] RenderSlice(dim=2, slice=160, maxSize=1205) | VDS (3D) | Dims: 368 x 368 x 368 | Mode: SINGLE_THREADED | Requesting 368x368 slice... | Request created, waiting for completion... | 
[2026-01-17 10:14:22.439] RenderSlice(dim=2, slice=160, maxSize=1205) | VDS (3D) | Dims: 368 x 368 x 368 | Mode: SINGLE_THREADED | Requesting 368x368 slice... | Request created, waiting for completion... | Slice: Inline 161/368 | Output: 368 x 368 | Raw: min=-2.14e+02 max=2.43e+02 mean=3.77e-04 | 
[2026-01-17 10:14:22.439] [VDS] RenderSlice(dim=2, slice=160, maxSize=1205)
[2026-01-17 10:14:22.439] [VDS] VDS (3D)
[2026-01-17 10:14:22.439] [VDS] Dims: 368 x 368 x 368
[2026-01-17 10:14:22.439] [VDS] Mode: SINGLE_THREADED
[2026-01-17 10:14:22.439] [VDS] Requesting 368x368 slice...
[2026-01-17 10:14:22.439] [VDS] Request created, waiting for completion...
[2026-01-17 10:14:22.439] [VDS] Slice: Inline 161/368
[2026-01-17 10:14:22.439] [VDS] Output: 368 x 368
[2026-01-17 10:14:22.439] [VDS] Raw: min=-2.14e+02 max=2.43e+02 mean=3.77e-04
[2026-01-17 10:14:22.439] [VDS] Saved: C:\Users\jonathan\AppData\LocalLow\Temp\openvds-preview-slice.bmp
[2026-01-17 10:14:22.660] Render: slice=161, maxSize=1205
[2026-01-17 10:14:22.660] RenderSlice(dim=2, slice=161, maxSize=1205) | 
[2026-01-17 10:14:22.660] RenderSlice(dim=2, slice=161, maxSize=1205) | VDS (3D) | Dims: 368 x 368 x 368 | Mode: SINGLE_THREADED | 
[2026-01-17 10:14:22.660] RenderSlice(dim=2, slice=161, maxSize=1205) | VDS (3D) | Dims: 368 x 368 x 368 | Mode: SINGLE_THREADED | Requesting 368x368 slice... | 
[2026-01-17 10:14:22.675] RenderSlice(dim=2, slice=161, maxSize=1205) | VDS (3D) | Dims: 368 x 368 x 368 | Mode: SINGLE_THREADED | Requesting 368x368 slice... | Request created, waiting for completion... | 
[2026-01-17 10:14:22.675] RenderSlice(dim=2, slice=161, maxSize=1205) | VDS (3D) | Dims: 368 x 368 x 368 | Mode: SINGLE_THREADED | Requesting 368x368 slice... | Request created, waiting for completion... | Slice: Inline 162/368 | Output: 368 x 368 | Raw: min=-2.23e+02 max=2.50e+02 mean=-1.60e-02 | 
[2026-01-17 10:14:22.675] [VDS] RenderSlice(dim=2, slice=161, maxSize=1205)
[2026-01-17 10:14:22.675] [VDS] VDS (3D)
[2026-01-17 10:14:22.675] [VDS] Dims: 368 x 368 x 368
[2026-01-17 10:14:22.675] [VDS] Mode: SINGLE_THREADED
[2026-01-17 10:14:22.675] [VDS] Requesting 368x368 slice...
[2026-01-17 10:14:22.675] [VDS] Request created, waiting for completion...
[2026-01-17 10:14:22.675] [VDS] Slice: Inline 162/368
[2026-01-17 10:14:22.675] [VDS] Output: 368 x 368
[2026-01-17 10:14:22.675] [VDS] Raw: min=-2.23e+02 max=2.50e+02 mean=-1.60e-02
[2026-01-17 10:14:22.675] [VDS] Saved: C:\Users\jonathan\AppData\LocalLow\Temp\openvds-preview-slice.bmp
[2026-01-17 10:14:22.959] Render: slice=160, maxSize=1205
[2026-01-17 10:14:22.959] RenderSlice(dim=2, slice=160, maxSize=1205) | 
[2026-01-17 10:14:22.959] RenderSlice(dim=2, slice=160, maxSize=1205) | VDS (3D) | Dims: 368 x 368 x 368 | Mode: SINGLE_THREADED | 
[2026-01-17 10:14:22.959] RenderSlice(dim=2, slice=160, maxSize=1205) | VDS (3D) | Dims: 368 x 368 x 368 | Mode: SINGLE_THREADED | Requesting 368x368 slice... | 
[2026-01-17 10:14:22.959] RenderSlice(dim=2, slice=160, maxSize=1205) | VDS (3D) | Dims: 368 x 368 x 368 | Mode: SINGLE_THREADED | Requesting 368x368 slice... | Request created, waiting for completion... | 
[2026-01-17 10:14:22.959] RenderSlice(dim=2, slice=160, maxSize=1205) | VDS (3D) | Dims: 368 x 368 x 368 | Mode: SINGLE_THREADED | Requesting 368x368 slice... | Request created, waiting for completion... | Slice: Inline 161/368 | Output: 368 x 368 | Raw: min=-2.14e+02 max=2.43e+02 mean=3.77e-04 | 
[2026-01-17 10:14:22.959] [VDS] RenderSlice(dim=2, slice=160, maxSize=1205)
[2026-01-17 10:14:22.959] [VDS] VDS (3D)
[2026-01-17 10:14:22.959] [VDS] Dims: 368 x 368 x 368
[2026-01-17 10:14:22.959] [VDS] Mode: SINGLE_THREADED
[2026-01-17 10:14:22.959] [VDS] Requesting 368x368 slice...
[2026-01-17 10:14:22.959] [VDS] Request created, waiting for completion...
[2026-01-17 10:14:22.959] [VDS] Slice: Inline 161/368
[2026-01-17 10:14:22.959] [VDS] Output: 368 x 368
[2026-01-17 10:14:22.959] [VDS] Raw: min=-2.14e+02 max=2.43e+02 mean=3.77e-04
[2026-01-17 10:14:22.959] [VDS] Saved: C:\Users\jonathan\AppData\LocalLow\Temp\openvds-preview-slice.bmp
[2026-01-17 10:14:22.974] Render: slice=159, maxSize=1205
[2026-01-17 10:14:22.974] RenderSlice(dim=2, slice=159, maxSize=1205) | 
[2026-01-17 10:14:22.974] RenderSlice(dim=2, slice=159, maxSize=1205) | VDS (3D) | Dims: 368 x 368 x 368 | Mode: SINGLE_THREADED | 
[2026-01-17 10:14:22.974] RenderSlice(dim=2, slice=159, maxSize=1205) | VDS (3D) | Dims: 368 x 368 x 368 | Mode: SINGLE_THREADED | Requesting 368x368 slice... | 
[2026-01-17 10:14:22.974] RenderSlice(dim=2, slice=159, maxSize=1205) | VDS (3D) | Dims: 368 x 368 x 368 | Mode: SINGLE_THREADED | Requesting 368x368 slice... | Request created, waiting for completion... | 
[2026-01-17 10:14:22.974] RenderSlice(dim=2, slice=159, maxSize=1205) | VDS (3D) | Dims: 368 x 368 x 368 | Mode: SINGLE_THREADED | Requesting 368x368 slice... | Request created, waiting for completion... | Slice: Inline 160/368 | Output: 368 x 368 | Raw: min=-2.77e+02 max=2.62e+02 mean=1.21e-02 | 
[2026-01-17 10:14:22.974] [VDS] RenderSlice(dim=2, slice=159, maxSize=1205)
[2026-01-17 10:14:22.974] [VDS] VDS (3D)
[2026-01-17 10:14:22.974] [VDS] Dims: 368 x 368 x 368
[2026-01-17 10:14:22.974] [VDS] Mode: SINGLE_THREADED
[2026-01-17 10:14:22.974] [VDS] Requesting 368x368 slice...
[2026-01-17 10:14:22.974] [VDS] Request created, waiting for completion...
[2026-01-17 10:14:22.974] [VDS] Slice: Inline 160/368
[2026-01-17 10:14:22.974] [VDS] Output: 368 x 368
[2026-01-17 10:14:22.974] [VDS] Raw: min=-2.77e+02 max=2.62e+02 mean=1.21e-02
[2026-01-17 10:14:22.974] [VDS] Saved: C:\Users\jonathan\AppData\LocalLow\Temp\openvds-preview-slice.bmp
[2026-01-17 10:14:22.990] Render: slice=158, maxSize=1205
[2026-01-17 10:14:22.990] RenderSlice(dim=2, slice=158, maxSize=1205) | 
[2026-01-17 10:14:22.990] RenderSlice(dim=2, slice=158, maxSize=1205) | VDS (3D) | Dims: 368 x 368 x 368 | Mode: SINGLE_THREADED | 
[2026-01-17 10:14:22.990] RenderSlice(dim=2, slice=158, maxSize=1205) | VDS (3D) | Dims: 368 x 368 x 368 | Mode: SINGLE_THREADED | Requesting 368x368 slice... | 
[2026-01-17 10:14:22.990] RenderSlice(dim=2, slice=158, maxSize=1205) | VDS (3D) | Dims: 368 x 368 x 368 | Mode: SINGLE_THREADED | Requesting 368x368 slice... | Request created, waiting for completion... | 
[2026-01-17 10:14:22.990] RenderSlice(dim=2, slice=158, maxSize=1205) | VDS (3D) | Dims: 368 x 368 x 368 | Mode: SINGLE_THREADED | Requesting 368x368 slice... | Request created, waiting for completion... | Slice: Inline 159/368 | Output: 368 x 368 | Raw: min=-2.79e+02 max=2.51e+02 mean=1.58e-02 | 
[2026-01-17 10:14:23.006] [VDS] RenderSlice(dim=2, slice=158, maxSize=1205)
[2026-01-17 10:14:23.006] [VDS] VDS (3D)
[2026-01-17 10:14:23.006] [VDS] Dims: 368 x 368 x 368
[2026-01-17 10:14:23.006] [VDS] Mode: SINGLE_THREADED
[2026-01-17 10:14:23.006] [VDS] Requesting 368x368 slice...
[2026-01-17 10:14:23.006] [VDS] Request created, waiting for completion...
[2026-01-17 10:14:23.006] [VDS] Slice: Inline 159/368
[2026-01-17 10:14:23.006] [VDS] Output: 368 x 368
[2026-01-17 10:14:23.006] [VDS] Raw: min=-2.79e+02 max=2.51e+02 mean=1.58e-02
[2026-01-17 10:14:23.006] [VDS] Saved: C:\Users\jonathan\AppData\LocalLow\Temp\openvds-preview-slice.bmp
[2026-01-17 10:14:23.025] Render: slice=157, maxSize=1205
[2026-01-17 10:14:23.025] RenderSlice(dim=2, slice=157, maxSize=1205) | 
[2026-01-17 10:14:23.037] RenderSlice(dim=2, slice=157, maxSize=1205) | VDS (3D) | Dims: 368 x 368 x 368 | Mode: SINGLE_THREADED | 
[2026-01-17 10:14:23.037] RenderSlice(dim=2, slice=157, maxSize=1205) | VDS (3D) | Dims: 368 x 368 x 368 | Mode: SINGLE_THREADED | Requesting 368x368 slice... | 
[2026-01-17 10:14:23.037] RenderSlice(dim=2, slice=157, maxSize=1205) | VDS (3D) | Dims: 368 x 368 x 368 | Mode: SINGLE_THREADED | Requesting 368x368 slice... | Request created, waiting for completion... | 
[2026-01-17 10:14:23.037] RenderSlice(dim=2, slice=157, maxSize=1205) | VDS (3D) | Dims: 368 x 368 x 368 | Mode: SINGLE_THREADED | Requesting 368x368 slice... | Request created, waiting for completion... | Slice: Inline 158/368 | Output: 368 x 368 | Raw: min=-2.63e+02 max=2.51e+02 mean=2.68e-02 | 
[2026-01-17 10:14:23.037] [VDS] RenderSlice(dim=2, slice=157, maxSize=1205)
[2026-01-17 10:14:23.037] [VDS] VDS (3D)
[2026-01-17 10:14:23.037] [VDS] Dims: 368 x 368 x 368
[2026-01-17 10:14:23.037] [VDS] Mode: SINGLE_THREADED
[2026-01-17 10:14:23.037] [VDS] Requesting 368x368 slice...
[2026-01-17 10:14:23.037] [VDS] Request created, waiting for completion...
[2026-01-17 10:14:23.037] [VDS] Slice: Inline 158/368
[2026-01-17 10:14:23.037] [VDS] Output: 368 x 368
[2026-01-17 10:14:23.037] [VDS] Raw: min=-2.63e+02 max=2.51e+02 mean=2.68e-02
[2026-01-17 10:14:23.037] [VDS] Saved: C:\Users\jonathan\AppData\LocalLow\Temp\openvds-preview-slice.bmp
[2026-01-17 10:14:23.069] Render: slice=155, maxSize=1205
[2026-01-17 10:14:23.069] RenderSlice(dim=2, slice=155, maxSize=1205) | 
[2026-01-17 10:14:23.069] RenderSlice(dim=2, slice=155, maxSize=1205) | VDS (3D) | Dims: 368 x 368 x 368 | Mode: SINGLE_THREADED | 
[2026-01-17 10:14:23.069] RenderSlice(dim=2, slice=155, maxSize=1205) | VDS (3D) | Dims: 368 x 368 x 368 | Mode: SINGLE_THREADED | Requesting 368x368 slice... | 
[2026-01-17 10:14:23.069] RenderSlice(dim=2, slice=155, maxSize=1205) | VDS (3D) | Dims: 368 x 368 x 368 | Mode: SINGLE_THREADED | Requesting 368x368 slice... | Request created, waiting for completion... | 
[2026-01-17 10:14:23.069] RenderSlice(dim=2, slice=155, maxSize=1205) | VDS (3D) | Dims: 368 x 368 x 368 | Mode: SINGLE_THREADED | Requesting 368x368 slice... | Request created, waiting for completion... | Slice: Inline 156/368 | Output: 368 x 368 | Raw: min=-2.71e+02 max=3.14e+02 mean=2.14e-02 | 
[2026-01-17 10:14:23.084] [VDS] RenderSlice(dim=2, slice=155, maxSize=1205)
[2026-01-17 10:14:23.084] [VDS] VDS (3D)
[2026-01-17 10:14:23.084] [VDS] Dims: 368 x 368 x 368
[2026-01-17 10:14:23.084] [VDS] Mode: SINGLE_THREADED
[2026-01-17 10:14:23.084] [VDS] Requesting 368x368 slice...
[2026-01-17 10:14:23.084] [VDS] Request created, waiting for completion...
[2026-01-17 10:14:23.084] [VDS] Slice: Inline 156/368
[2026-01-17 10:14:23.084] [VDS] Output: 368 x 368
[2026-01-17 10:14:23.084] [VDS] Raw: min=-2.71e+02 max=3.14e+02 mean=2.14e-02
[2026-01-17 10:14:23.084] [VDS] Saved: C:\Users\jonathan\AppData\LocalLow\Temp\openvds-preview-slice.bmp
[2026-01-17 10:14:23.100] Render: slice=153, maxSize=1205
[2026-01-17 10:14:23.100] RenderSlice(dim=2, slice=153, maxSize=1205) | 
[2026-01-17 10:14:23.100] RenderSlice(dim=2, slice=153, maxSize=1205) | VDS (3D) | Dims: 368 x 368 x 368 | Mode: SINGLE_THREADED | 
[2026-01-17 10:14:23.100] RenderSlice(dim=2, slice=153, maxSize=1205) | VDS (3D) | Dims: 368 x 368 x 368 | Mode: SINGLE_THREADED | Requesting 368x368 slice... | 
[2026-01-17 10:14:23.100] RenderSlice(dim=2, slice=153, maxSize=1205) | VDS (3D) | Dims: 368 x 368 x 368 | Mode: SINGLE_THREADED | Requesting 368x368 slice... | Request created, waiting for completion... | 
[2026-01-17 10:14:23.100] RenderSlice(dim=2, slice=153, maxSize=1205) | VDS (3D) | Dims: 368 x 368 x 368 | Mode: SINGLE_THREADED | Requesting 368x368 slice... | Request created, waiting for completion... | Slice: Inline 154/368 | Output: 368 x 368 | Raw: min=-2.58e+02 max=2.79e+02 mean=3.21e-02 | 
[2026-01-17 10:14:23.116] [VDS] RenderSlice(dim=2, slice=153, maxSize=1205)
[2026-01-17 10:14:23.116] [VDS] VDS (3D)
[2026-01-17 10:14:23.116] [VDS] Dims: 368 x 368 x 368
[2026-01-17 10:14:23.116] [VDS] Mode: SINGLE_THREADED
[2026-01-17 10:14:23.116] [VDS] Requesting 368x368 slice...
[2026-01-17 10:14:23.116] [VDS] Request created, waiting for completion...
[2026-01-17 10:14:23.116] [VDS] Slice: Inline 154/368
[2026-01-17 10:14:23.116] [VDS] Output: 368 x 368
[2026-01-17 10:14:23.116] [VDS] Raw: min=-2.58e+02 max=2.79e+02 mean=3.21e-02
[2026-01-17 10:14:23.116] [VDS] Saved: C:\Users\jonathan\AppData\LocalLow\Temp\openvds-preview-slice.bmp
[2026-01-17 10:14:23.165] Render: slice=152, maxSize=1205
[2026-01-17 10:14:23.165] RenderSlice(dim=2, slice=152, maxSize=1205) | 
[2026-01-17 10:14:23.165] RenderSlice(dim=2, slice=152, maxSize=1205) | VDS (3D) | Dims: 368 x 368 x 368 | Mode: SINGLE_THREADED | 
[2026-01-17 10:14:23.165] RenderSlice(dim=2, slice=152, maxSize=1205) | VDS (3D) | Dims: 368 x 368 x 368 | Mode: SINGLE_THREADED | Requesting 368x368 slice... | 
[2026-01-17 10:14:23.179] RenderSlice(dim=2, slice=152, maxSize=1205) | VDS (3D) | Dims: 368 x 368 x 368 | Mode: SINGLE_THREADED | Requesting 368x368 slice... | Request created, waiting for completion... | 
[2026-01-17 10:14:23.179] RenderSlice(dim=2, slice=152, maxSize=1205) | VDS (3D) | Dims: 368 x 368 x 368 | Mode: SINGLE_THREADED | Requesting 368x368 slice... | Request created, waiting for completion... | Slice: Inline 153/368 | Output: 368 x 368 | Raw: min=-2.53e+02 max=2.93e+02 mean=4.84e-02 | 
[2026-01-17 10:14:23.179] [VDS] RenderSlice(dim=2, slice=152, maxSize=1205)
[2026-01-17 10:14:23.179] [VDS] VDS (3D)
[2026-01-17 10:14:23.179] [VDS] Dims: 368 x 368 x 368
[2026-01-17 10:14:23.179] [VDS] Mode: SINGLE_THREADED
[2026-01-17 10:14:23.179] [VDS] Requesting 368x368 slice...
[2026-01-17 10:14:23.179] [VDS] Request created, waiting for completion...
[2026-01-17 10:14:23.179] [VDS] Slice: Inline 153/368
[2026-01-17 10:14:23.179] [VDS] Output: 368 x 368
[2026-01-17 10:14:23.179] [VDS] Raw: min=-2.53e+02 max=2.93e+02 mean=4.84e-02
[2026-01-17 10:14:23.179] [VDS] Saved: C:\Users\jonathan\AppData\LocalLow\Temp\openvds-preview-slice.bmp
[2026-01-17 10:14:23.479] Render: slice=151, maxSize=1205
[2026-01-17 10:14:23.479] RenderSlice(dim=2, slice=151, maxSize=1205) | 
[2026-01-17 10:14:23.479] RenderSlice(dim=2, slice=151, maxSize=1205) | VDS (3D) | Dims: 368 x 368 x 368 | Mode: SINGLE_THREADED | 
[2026-01-17 10:14:23.479] RenderSlice(dim=2, slice=151, maxSize=1205) | VDS (3D) | Dims: 368 x 368 x 368 | Mode: SINGLE_THREADED | Requesting 368x368 slice... | 
[2026-01-17 10:14:23.479] RenderSlice(dim=2, slice=151, maxSize=1205) | VDS (3D) | Dims: 368 x 368 x 368 | Mode: SINGLE_THREADED | Requesting 368x368 slice... | Request created, waiting for completion... | 
[2026-01-17 10:14:23.479] RenderSlice(dim=2, slice=151, maxSize=1205) | VDS (3D) | Dims: 368 x 368 x 368 | Mode: SINGLE_THREADED | Requesting 368x368 slice... | Request created, waiting for completion... | Slice: Inline 152/368 | Output: 368 x 368 | Raw: min=-2.51e+02 max=2.59e+02 mean=5.29e-02 | 
[2026-01-17 10:14:23.479] [VDS] RenderSlice(dim=2, slice=151, maxSize=1205)
[2026-01-17 10:14:23.479] [VDS] VDS (3D)
[2026-01-17 10:14:23.479] [VDS] Dims: 368 x 368 x 368
[2026-01-17 10:14:23.479] [VDS] Mode: SINGLE_THREADED
[2026-01-17 10:14:23.479] [VDS] Requesting 368x368 slice...
[2026-01-17 10:14:23.479] [VDS] Request created, waiting for completion...
[2026-01-17 10:14:23.479] [VDS] Slice: Inline 152/368
[2026-01-17 10:14:23.479] [VDS] Output: 368 x 368
[2026-01-17 10:14:23.479] [VDS] Raw: min=-2.51e+02 max=2.59e+02 mean=5.29e-02
[2026-01-17 10:14:23.479] [VDS] Saved: C:\Users\jonathan\AppData\LocalLow\Temp\openvds-preview-slice.bmp
[2026-01-17 10:14:23.494] Render: slice=150, maxSize=1205
[2026-01-17 10:14:23.494] RenderSlice(dim=2, slice=150, maxSize=1205) | 
[2026-01-17 10:14:23.494] RenderSlice(dim=2, slice=150, maxSize=1205) | VDS (3D) | Dims: 368 x 368 x 368 | Mode: SINGLE_THREADED | 
[2026-01-17 10:14:23.494] RenderSlice(dim=2, slice=150, maxSize=1205) | VDS (3D) | Dims: 368 x 368 x 368 | Mode: SINGLE_THREADED | Requesting 368x368 slice... | 
[2026-01-17 10:14:23.494] RenderSlice(dim=2, slice=150, maxSize=1205) | VDS (3D) | Dims: 368 x 368 x 368 | Mode: SINGLE_THREADED | Requesting 368x368 slice... | Request created, waiting for completion... | 
[2026-01-17 10:14:23.494] RenderSlice(dim=2, slice=150, maxSize=1205) | VDS (3D) | Dims: 368 x 368 x 368 | Mode: SINGLE_THREADED | Requesting 368x368 slice... | Request created, waiting for completion... | Slice: Inline 151/368 | Output: 368 x 368 | Raw: min=-2.71e+02 max=2.59e+02 mean=5.55e-02 | 
[2026-01-17 10:14:23.494] [VDS] RenderSlice(dim=2, slice=150, maxSize=1205)
[2026-01-17 10:14:23.494] [VDS] VDS (3D)
[2026-01-17 10:14:23.494] [VDS] Dims: 368 x 368 x 368
[2026-01-17 10:14:23.494] [VDS] Mode: SINGLE_THREADED
[2026-01-17 10:14:23.494] [VDS] Requesting 368x368 slice...
[2026-01-17 10:14:23.494] [VDS] Request created, waiting for completion...
[2026-01-17 10:14:23.494] [VDS] Slice: Inline 151/368
[2026-01-17 10:14:23.494] [VDS] Output: 368 x 368
[2026-01-17 10:14:23.494] [VDS] Raw: min=-2.71e+02 max=2.59e+02 mean=5.55e-02
[2026-01-17 10:14:23.494] [VDS] Saved: C:\Users\jonathan\AppData\LocalLow\Temp\openvds-preview-slice.bmp
[2026-01-17 10:14:23.510] Render: slice=149, maxSize=1205
[2026-01-17 10:14:23.510] RenderSlice(dim=2, slice=149, maxSize=1205) | 
[2026-01-17 10:14:23.510] RenderSlice(dim=2, slice=149, maxSize=1205) | VDS (3D) | Dims: 368 x 368 x 368 | Mode: SINGLE_THREADED | 
[2026-01-17 10:14:23.510] RenderSlice(dim=2, slice=149, maxSize=1205) | VDS (3D) | Dims: 368 x 368 x 368 | Mode: SINGLE_THREADED | Requesting 368x368 slice... | 
[2026-01-17 10:14:23.510] RenderSlice(dim=2, slice=149, maxSize=1205) | VDS (3D) | Dims: 368 x 368 x 368 | Mode: SINGLE_THREADED | Requesting 368x368 slice... | Request created, waiting for completion... | 
[2026-01-17 10:14:23.510] RenderSlice(dim=2, slice=149, maxSize=1205) | VDS (3D) | Dims: 368 x 368 x 368 | Mode: SINGLE_THREADED | Requesting 368x368 slice... | Request created, waiting for completion... | Slice: Inline 150/368 | Output: 368 x 368 | Raw: min=-2.70e+02 max=2.86e+02 mean=5.68e-02 | 
[2026-01-17 10:14:23.526] [VDS] RenderSlice(dim=2, slice=149, maxSize=1205)
[2026-01-17 10:14:23.526] [VDS] VDS (3D)
[2026-01-17 10:14:23.526] [VDS] Dims: 368 x 368 x 368
[2026-01-17 10:14:23.526] [VDS] Mode: SINGLE_THREADED
[2026-01-17 10:14:23.526] [VDS] Requesting 368x368 slice...
[2026-01-17 10:14:23.526] [VDS] Request created, waiting for completion...
[2026-01-17 10:14:23.526] [VDS] Slice: Inline 150/368
[2026-01-17 10:14:23.526] [VDS] Output: 368 x 368
[2026-01-17 10:14:23.526] [VDS] Raw: min=-2.70e+02 max=2.86e+02 mean=5.68e-02
[2026-01-17 10:14:23.526] [VDS] Saved: C:\Users\jonathan\AppData\LocalLow\Temp\openvds-preview-slice.bmp
[2026-01-17 10:14:23.541] Render: slice=147, maxSize=1205
[2026-01-17 10:14:23.541] RenderSlice(dim=2, slice=147, maxSize=1205) | 
[2026-01-17 10:14:23.541] RenderSlice(dim=2, slice=147, maxSize=1205) | VDS (3D) | Dims: 368 x 368 x 368 | Mode: SINGLE_THREADED | 
[2026-01-17 10:14:23.541] RenderSlice(dim=2, slice=147, maxSize=1205) | VDS (3D) | Dims: 368 x 368 x 368 | Mode: SINGLE_THREADED | Requesting 368x368 slice... | 
[2026-01-17 10:14:23.557] RenderSlice(dim=2, slice=147, maxSize=1205) | VDS (3D) | Dims: 368 x 368 x 368 | Mode: SINGLE_THREADED | Requesting 368x368 slice... | Request created, waiting for completion... | 
[2026-01-17 10:14:23.557] RenderSlice(dim=2, slice=147, maxSize=1205) | VDS (3D) | Dims: 368 x 368 x 368 | Mode: SINGLE_THREADED | Requesting 368x368 slice... | Request created, waiting for completion... | Slice: Inline 148/368 | Output: 368 x 368 | Raw: min=-3.01e+02 max=3.26e+02 mean=6.53e-02 | 
[2026-01-17 10:14:23.557] [VDS] RenderSlice(dim=2, slice=147, maxSize=1205)
[2026-01-17 10:14:23.557] [VDS] VDS (3D)
[2026-01-17 10:14:23.557] [VDS] Dims: 368 x 368 x 368
[2026-01-17 10:14:23.557] [VDS] Mode: SINGLE_THREADED
[2026-01-17 10:14:23.557] [VDS] Requesting 368x368 slice...
[2026-01-17 10:14:23.557] [VDS] Request created, waiting for completion...
[2026-01-17 10:14:23.557] [VDS] Slice: Inline 148/368
[2026-01-17 10:14:23.557] [VDS] Output: 368 x 368
[2026-01-17 10:14:23.557] [VDS] Raw: min=-3.01e+02 max=3.26e+02 mean=6.53e-02
[2026-01-17 10:14:23.557] [VDS] Saved: C:\Users\jonathan\AppData\LocalLow\Temp\openvds-preview-slice.bmp
[2026-01-17 10:14:23.589] Render: slice=145, maxSize=1205
[2026-01-17 10:14:23.589] RenderSlice(dim=2, slice=145, maxSize=1205) | 
[2026-01-17 10:14:23.589] RenderSlice(dim=2, slice=145, maxSize=1205) | VDS (3D) | Dims: 368 x 368 x 368 | Mode: SINGLE_THREADED | 
[2026-01-17 10:14:23.589] RenderSlice(dim=2, slice=145, maxSize=1205) | VDS (3D) | Dims: 368 x 368 x 368 | Mode: SINGLE_THREADED | Requesting 368x368 slice... | 
[2026-01-17 10:14:23.589] RenderSlice(dim=2, slice=145, maxSize=1205) | VDS (3D) | Dims: 368 x 368 x 368 | Mode: SINGLE_THREADED | Requesting 368x368 slice... | Request created, waiting for completion... | 
[2026-01-17 10:14:23.589] RenderSlice(dim=2, slice=145, maxSize=1205) | VDS (3D) | Dims: 368 x 368 x 368 | Mode: SINGLE_THREADED | Requesting 368x368 slice... | Request created, waiting for completion... | Slice: Inline 146/368 | Output: 368 x 368 | Raw: min=-2.82e+02 max=2.94e+02 mean=4.69e-02 | 
[2026-01-17 10:14:23.589] [VDS] RenderSlice(dim=2, slice=145, maxSize=1205)
[2026-01-17 10:14:23.589] [VDS] VDS (3D)
[2026-01-17 10:14:23.589] [VDS] Dims: 368 x 368 x 368
[2026-01-17 10:14:23.589] [VDS] Mode: SINGLE_THREADED
[2026-01-17 10:14:23.589] [VDS] Requesting 368x368 slice...
[2026-01-17 10:14:23.589] [VDS] Request created, waiting for completion...
[2026-01-17 10:14:23.589] [VDS] Slice: Inline 146/368
[2026-01-17 10:14:23.589] [VDS] Output: 368 x 368
[2026-01-17 10:14:23.589] [VDS] Raw: min=-2.82e+02 max=2.94e+02 mean=4.69e-02
[2026-01-17 10:14:23.589] [VDS] Saved: C:\Users\jonathan\AppData\LocalLow\Temp\openvds-preview-slice.bmp
[2026-01-17 10:14:23.620] Render: slice=144, maxSize=1205
[2026-01-17 10:14:23.620] RenderSlice(dim=2, slice=144, maxSize=1205) | 
[2026-01-17 10:14:23.620] RenderSlice(dim=2, slice=144, maxSize=1205) | VDS (3D) | Dims: 368 x 368 x 368 | Mode: SINGLE_THREADED | 
[2026-01-17 10:14:23.620] RenderSlice(dim=2, slice=144, maxSize=1205) | VDS (3D) | Dims: 368 x 368 x 368 | Mode: SINGLE_THREADED | Requesting 368x368 slice... | 
[2026-01-17 10:14:23.620] RenderSlice(dim=2, slice=144, maxSize=1205) | VDS (3D) | Dims: 368 x 368 x 368 | Mode: SINGLE_THREADED | Requesting 368x368 slice... | Request created, waiting for completion... | 
[2026-01-17 10:14:23.620] RenderSlice(dim=2, slice=144, maxSize=1205) | VDS (3D) | Dims: 368 x 368 x 368 | Mode: SINGLE_THREADED | Requesting 368x368 slice... | Request created, waiting for completion... | Slice: Inline 145/368 | Output: 368 x 368 | Raw: min=-2.64e+02 max=3.00e+02 mean=3.83e-02 | 
[2026-01-17 10:14:23.636] [VDS] RenderSlice(dim=2, slice=144, maxSize=1205)
[2026-01-17 10:14:23.636] [VDS] VDS (3D)
[2026-01-17 10:14:23.636] [VDS] Dims: 368 x 368 x 368
[2026-01-17 10:14:23.636] [VDS] Mode: SINGLE_THREADED
[2026-01-17 10:14:23.636] [VDS] Requesting 368x368 slice...
[2026-01-17 10:14:23.636] [VDS] Request created, waiting for completion...
[2026-01-17 10:14:23.636] [VDS] Slice: Inline 145/368
[2026-01-17 10:14:23.636] [VDS] Output: 368 x 368
[2026-01-17 10:14:23.636] [VDS] Raw: min=-2.64e+02 max=3.00e+02 mean=3.83e-02
[2026-01-17 10:14:23.636] [VDS] Saved: C:\Users\jonathan\AppData\LocalLow\Temp\openvds-preview-slice.bmp
[2026-01-17 10:14:23.982] Render: slice=143, maxSize=1205
[2026-01-17 10:14:23.982] RenderSlice(dim=2, slice=143, maxSize=1205) | 
[2026-01-17 10:14:23.982] RenderSlice(dim=2, slice=143, maxSize=1205) | VDS (3D) | Dims: 368 x 368 x 368 | Mode: SINGLE_THREADED | 
[2026-01-17 10:14:23.982] RenderSlice(dim=2, slice=143, maxSize=1205) | VDS (3D) | Dims: 368 x 368 x 368 | Mode: SINGLE_THREADED | Requesting 368x368 slice... | 
[2026-01-17 10:14:23.982] RenderSlice(dim=2, slice=143, maxSize=1205) | VDS (3D) | Dims: 368 x 368 x 368 | Mode: SINGLE_THREADED | Requesting 368x368 slice... | Request created, waiting for completion... | 
[2026-01-17 10:14:23.982] RenderSlice(dim=2, slice=143, maxSize=1205) | VDS (3D) | Dims: 368 x 368 x 368 | Mode: SINGLE_THREADED | Requesting 368x368 slice... | Request created, waiting for completion... | Slice: Inline 144/368 | Output: 368 x 368 | Raw: min=-2.64e+02 max=2.68e+02 mean=4.16e-02 | 
[2026-01-17 10:14:23.982] [VDS] RenderSlice(dim=2, slice=143, maxSize=1205)
[2026-01-17 10:14:23.982] [VDS] VDS (3D)
[2026-01-17 10:14:23.982] [VDS] Dims: 368 x 368 x 368
[2026-01-17 10:14:23.982] [VDS] Mode: SINGLE_THREADED
[2026-01-17 10:14:23.982] [VDS] Requesting 368x368 slice...
[2026-01-17 10:14:23.982] [VDS] Request created, waiting for completion...
[2026-01-17 10:14:23.982] [VDS] Slice: Inline 144/368
[2026-01-17 10:14:23.982] [VDS] Output: 368 x 368
[2026-01-17 10:14:23.982] [VDS] Raw: min=-2.64e+02 max=2.68e+02 mean=4.16e-02
[2026-01-17 10:14:23.982] [VDS] Saved: C:\Users\jonathan\AppData\LocalLow\Temp\openvds-preview-slice.bmp
[2026-01-17 10:14:24.005] Render: slice=142, maxSize=1205
[2026-01-17 10:14:24.005] RenderSlice(dim=2, slice=142, maxSize=1205) | 
[2026-01-17 10:14:24.005] RenderSlice(dim=2, slice=142, maxSize=1205) | VDS (3D) | Dims: 368 x 368 x 368 | Mode: SINGLE_THREADED | 
[2026-01-17 10:14:24.005] RenderSlice(dim=2, slice=142, maxSize=1205) | VDS (3D) | Dims: 368 x 368 x 368 | Mode: SINGLE_THREADED | Requesting 368x368 slice... | 
[2026-01-17 10:14:24.005] RenderSlice(dim=2, slice=142, maxSize=1205) | VDS (3D) | Dims: 368 x 368 x 368 | Mode: SINGLE_THREADED | Requesting 368x368 slice... | Request created, waiting for completion... | 
[2026-01-17 10:14:24.005] RenderSlice(dim=2, slice=142, maxSize=1205) | VDS (3D) | Dims: 368 x 368 x 368 | Mode: SINGLE_THREADED | Requesting 368x368 slice... | Request created, waiting for completion... | Slice: Inline 143/368 | Output: 368 x 368 | Raw: min=-2.70e+02 max=2.44e+02 mean=4.72e-02 | 
[2026-01-17 10:14:24.005] [VDS] RenderSlice(dim=2, slice=142, maxSize=1205)
[2026-01-17 10:14:24.005] [VDS] VDS (3D)
[2026-01-17 10:14:24.005] [VDS] Dims: 368 x 368 x 368
[2026-01-17 10:14:24.005] [VDS] Mode: SINGLE_THREADED
[2026-01-17 10:14:24.005] [VDS] Requesting 368x368 slice...
[2026-01-17 10:14:24.005] [VDS] Request created, waiting for completion...
[2026-01-17 10:14:24.005] [VDS] Slice: Inline 143/368
[2026-01-17 10:14:24.005] [VDS] Output: 368 x 368
[2026-01-17 10:14:24.005] [VDS] Raw: min=-2.70e+02 max=2.44e+02 mean=4.72e-02
[2026-01-17 10:14:24.005] [VDS] Saved: C:\Users\jonathan\AppData\LocalLow\Temp\openvds-preview-slice.bmp
[2026-01-17 10:14:24.014] Render: slice=141, maxSize=1205
[2026-01-17 10:14:24.014] RenderSlice(dim=2, slice=141, maxSize=1205) | 
[2026-01-17 10:14:24.014] RenderSlice(dim=2, slice=141, maxSize=1205) | VDS (3D) | Dims: 368 x 368 x 368 | Mode: SINGLE_THREADED | 
[2026-01-17 10:14:24.014] RenderSlice(dim=2, slice=141, maxSize=1205) | VDS (3D) | Dims: 368 x 368 x 368 | Mode: SINGLE_THREADED | Requesting 368x368 slice... | 
[2026-01-17 10:14:24.014] RenderSlice(dim=2, slice=141, maxSize=1205) | VDS (3D) | Dims: 368 x 368 x 368 | Mode: SINGLE_THREADED | Requesting 368x368 slice... | Request created, waiting for completion... | 
[2026-01-17 10:14:24.014] RenderSlice(dim=2, slice=141, maxSize=1205) | VDS (3D) | Dims: 368 x 368 x 368 | Mode: SINGLE_THREADED | Requesting 368x368 slice... | Request created, waiting for completion... | Slice: Inline 142/368 | Output: 368 x 368 | Raw: min=-3.13e+02 max=2.45e+02 mean=4.78e-02 | 
[2026-01-17 10:14:24.029] [VDS] RenderSlice(dim=2, slice=141, maxSize=1205)
[2026-01-17 10:14:24.029] [VDS] VDS (3D)
[2026-01-17 10:14:24.029] [VDS] Dims: 368 x 368 x 368
[2026-01-17 10:14:24.029] [VDS] Mode: SINGLE_THREADED
[2026-01-17 10:14:24.029] [VDS] Requesting 368x368 slice...
[2026-01-17 10:14:24.029] [VDS] Request created, waiting for completion...
[2026-01-17 10:14:24.029] [VDS] Slice: Inline 142/368
[2026-01-17 10:14:24.029] [VDS] Output: 368 x 368
[2026-01-17 10:14:24.029] [VDS] Raw: min=-3.13e+02 max=2.45e+02 mean=4.78e-02
[2026-01-17 10:14:24.029] [VDS] Saved: C:\Users\jonathan\AppData\LocalLow\Temp\openvds-preview-slice.bmp
[2026-01-17 10:14:24.045] Render: slice=139, maxSize=1205
[2026-01-17 10:14:24.045] RenderSlice(dim=2, slice=139, maxSize=1205) | 
[2026-01-17 10:14:24.061] RenderSlice(dim=2, slice=139, maxSize=1205) | VDS (3D) | Dims: 368 x 368 x 368 | Mode: SINGLE_THREADED | 
[2026-01-17 10:14:24.061] RenderSlice(dim=2, slice=139, maxSize=1205) | VDS (3D) | Dims: 368 x 368 x 368 | Mode: SINGLE_THREADED | Requesting 368x368 slice... | 
[2026-01-17 10:14:24.061] RenderSlice(dim=2, slice=139, maxSize=1205) | VDS (3D) | Dims: 368 x 368 x 368 | Mode: SINGLE_THREADED | Requesting 368x368 slice... | Request created, waiting for completion... | 
[2026-01-17 10:14:24.061] RenderSlice(dim=2, slice=139, maxSize=1205) | VDS (3D) | Dims: 368 x 368 x 368 | Mode: SINGLE_THREADED | Requesting 368x368 slice... | Request created, waiting for completion... | Slice: Inline 140/368 | Output: 368 x 368 | Raw: min=-2.83e+02 max=2.50e+02 mean=4.26e-02 | 
[2026-01-17 10:14:24.061] [VDS] RenderSlice(dim=2, slice=139, maxSize=1205)
[2026-01-17 10:14:24.061] [VDS] VDS (3D)
[2026-01-17 10:14:24.061] [VDS] Dims: 368 x 368 x 368
[2026-01-17 10:14:24.061] [VDS] Mode: SINGLE_THREADED
[2026-01-17 10:14:24.061] [VDS] Requesting 368x368 slice...
[2026-01-17 10:14:24.061] [VDS] Request created, waiting for completion...
[2026-01-17 10:14:24.061] [VDS] Slice: Inline 140/368
[2026-01-17 10:14:24.061] [VDS] Output: 368 x 368
[2026-01-17 10:14:24.061] [VDS] Raw: min=-2.83e+02 max=2.50e+02 mean=4.26e-02
[2026-01-17 10:14:24.061] [VDS] Saved: C:\Users\jonathan\AppData\LocalLow\Temp\openvds-preview-slice.bmp
[2026-01-17 10:14:24.092] Render: slice=137, maxSize=1205
[2026-01-17 10:14:24.092] RenderSlice(dim=2, slice=137, maxSize=1205) | 
[2026-01-17 10:14:24.092] RenderSlice(dim=2, slice=137, maxSize=1205) | VDS (3D) | Dims: 368 x 368 x 368 | Mode: SINGLE_THREADED | 
[2026-01-17 10:14:24.092] RenderSlice(dim=2, slice=137, maxSize=1205) | VDS (3D) | Dims: 368 x 368 x 368 | Mode: SINGLE_THREADED | Requesting 368x368 slice... | 
[2026-01-17 10:14:24.092] RenderSlice(dim=2, slice=137, maxSize=1205) | VDS (3D) | Dims: 368 x 368 x 368 | Mode: SINGLE_THREADED | Requesting 368x368 slice... | Request created, waiting for completion... | 
[2026-01-17 10:14:24.092] RenderSlice(dim=2, slice=137, maxSize=1205) | VDS (3D) | Dims: 368 x 368 x 368 | Mode: SINGLE_THREADED | Requesting 368x368 slice... | Request created, waiting for completion... | Slice: Inline 138/368 | Output: 368 x 368 | Raw: min=-2.82e+02 max=2.62e+02 mean=2.57e-02 | 
[2026-01-17 10:14:24.092] [VDS] RenderSlice(dim=2, slice=137, maxSize=1205)
[2026-01-17 10:14:24.092] [VDS] VDS (3D)
[2026-01-17 10:14:24.092] [VDS] Dims: 368 x 368 x 368
[2026-01-17 10:14:24.092] [VDS] Mode: SINGLE_THREADED
[2026-01-17 10:14:24.092] [VDS] Requesting 368x368 slice...
[2026-01-17 10:14:24.092] [VDS] Request created, waiting for completion...
[2026-01-17 10:14:24.092] [VDS] Slice: Inline 138/368
[2026-01-17 10:14:24.092] [VDS] Output: 368 x 368
[2026-01-17 10:14:24.092] [VDS] Raw: min=-2.82e+02 max=2.62e+02 mean=2.57e-02
[2026-01-17 10:14:24.092] [VDS] Saved: C:\Users\jonathan\AppData\LocalLow\Temp\openvds-preview-slice.bmp
[2026-01-17 10:14:24.124] Render: slice=136, maxSize=1205
[2026-01-17 10:14:24.124] RenderSlice(dim=2, slice=136, maxSize=1205) | 
[2026-01-17 10:14:24.124] RenderSlice(dim=2, slice=136, maxSize=1205) | VDS (3D) | Dims: 368 x 368 x 368 | Mode: SINGLE_THREADED | 
[2026-01-17 10:14:24.124] RenderSlice(dim=2, slice=136, maxSize=1205) | VDS (3D) | Dims: 368 x 368 x 368 | Mode: SINGLE_THREADED | Requesting 368x368 slice... | 
[2026-01-17 10:14:24.124] RenderSlice(dim=2, slice=136, maxSize=1205) | VDS (3D) | Dims: 368 x 368 x 368 | Mode: SINGLE_THREADED | Requesting 368x368 slice... | Request created, waiting for completion... | 
[2026-01-17 10:14:24.124] RenderSlice(dim=2, slice=136, maxSize=1205) | VDS (3D) | Dims: 368 x 368 x 368 | Mode: SINGLE_THREADED | Requesting 368x368 slice... | Request created, waiting for completion... | Slice: Inline 137/368 | Output: 368 x 368 | Raw: min=-2.82e+02 max=2.34e+02 mean=6.76e-03 | 
[2026-01-17 10:14:24.124] [VDS] RenderSlice(dim=2, slice=136, maxSize=1205)
[2026-01-17 10:14:24.124] [VDS] VDS (3D)
[2026-01-17 10:14:24.124] [VDS] Dims: 368 x 368 x 368
[2026-01-17 10:14:24.124] [VDS] Mode: SINGLE_THREADED
[2026-01-17 10:14:24.124] [VDS] Requesting 368x368 slice...
[2026-01-17 10:14:24.124] [VDS] Request created, waiting for completion...
[2026-01-17 10:14:24.124] [VDS] Slice: Inline 137/368
[2026-01-17 10:14:24.124] [VDS] Output: 368 x 368
[2026-01-17 10:14:24.124] [VDS] Raw: min=-2.82e+02 max=2.34e+02 mean=6.76e-03
[2026-01-17 10:14:24.124] [VDS] Saved: C:\Users\jonathan\AppData\LocalLow\Temp\openvds-preview-slice.bmp
[2026-01-17 10:14:24.471] Render: slice=135, maxSize=1205
[2026-01-17 10:14:24.471] RenderSlice(dim=2, slice=135, maxSize=1205) | 
[2026-01-17 10:14:24.471] RenderSlice(dim=2, slice=135, maxSize=1205) | VDS (3D) | Dims: 368 x 368 x 368 | Mode: SINGLE_THREADED | 
[2026-01-17 10:14:24.471] RenderSlice(dim=2, slice=135, maxSize=1205) | VDS (3D) | Dims: 368 x 368 x 368 | Mode: SINGLE_THREADED | Requesting 368x368 slice... | 
[2026-01-17 10:14:24.471] RenderSlice(dim=2, slice=135, maxSize=1205) | VDS (3D) | Dims: 368 x 368 x 368 | Mode: SINGLE_THREADED | Requesting 368x368 slice... | Request created, waiting for completion... | 
[2026-01-17 10:14:24.471] RenderSlice(dim=2, slice=135, maxSize=1205) | VDS (3D) | Dims: 368 x 368 x 368 | Mode: SINGLE_THREADED | Requesting 368x368 slice... | Request created, waiting for completion... | Slice: Inline 136/368 | Output: 368 x 368 | Raw: min=-2.85e+02 max=2.70e+02 mean=-5.08e-04 | 
[2026-01-17 10:14:24.471] [VDS] RenderSlice(dim=2, slice=135, maxSize=1205)
[2026-01-17 10:14:24.471] [VDS] VDS (3D)
[2026-01-17 10:14:24.471] [VDS] Dims: 368 x 368 x 368
[2026-01-17 10:14:24.471] [VDS] Mode: SINGLE_THREADED
[2026-01-17 10:14:24.471] [VDS] Requesting 368x368 slice...
[2026-01-17 10:14:24.471] [VDS] Request created, waiting for completion...
[2026-01-17 10:14:24.471] [VDS] Slice: Inline 136/368
[2026-01-17 10:14:24.471] [VDS] Output: 368 x 368
[2026-01-17 10:14:24.471] [VDS] Raw: min=-2.85e+02 max=2.70e+02 mean=-5.08e-04
[2026-01-17 10:14:24.471] [VDS] Saved: C:\Users\jonathan\AppData\LocalLow\Temp\openvds-preview-slice.bmp
[2026-01-17 10:14:24.486] Render: slice=134, maxSize=1205
[2026-01-17 10:14:24.486] RenderSlice(dim=2, slice=134, maxSize=1205) | 
[2026-01-17 10:14:24.486] RenderSlice(dim=2, slice=134, maxSize=1205) | VDS (3D) | Dims: 368 x 368 x 368 | Mode: SINGLE_THREADED | 
[2026-01-17 10:14:24.486] RenderSlice(dim=2, slice=134, maxSize=1205) | VDS (3D) | Dims: 368 x 368 x 368 | Mode: SINGLE_THREADED | Requesting 368x368 slice... | 
[2026-01-17 10:14:24.486] RenderSlice(dim=2, slice=134, maxSize=1205) | VDS (3D) | Dims: 368 x 368 x 368 | Mode: SINGLE_THREADED | Requesting 368x368 slice... | Request created, waiting for completion... | 
[2026-01-17 10:14:24.486] RenderSlice(dim=2, slice=134, maxSize=1205) | VDS (3D) | Dims: 368 x 368 x 368 | Mode: SINGLE_THREADED | Requesting 368x368 slice... | Request created, waiting for completion... | Slice: Inline 135/368 | Output: 368 x 368 | Raw: min=-2.93e+02 max=2.48e+02 mean=5.19e-04 | 
[2026-01-17 10:14:24.486] [VDS] RenderSlice(dim=2, slice=134, maxSize=1205)
[2026-01-17 10:14:24.486] [VDS] VDS (3D)
[2026-01-17 10:14:24.486] [VDS] Dims: 368 x 368 x 368
[2026-01-17 10:14:24.486] [VDS] Mode: SINGLE_THREADED
[2026-01-17 10:14:24.486] [VDS] Requesting 368x368 slice...
[2026-01-17 10:14:24.486] [VDS] Request created, waiting for completion...
[2026-01-17 10:14:24.486] [VDS] Slice: Inline 135/368
[2026-01-17 10:14:24.486] [VDS] Output: 368 x 368
[2026-01-17 10:14:24.486] [VDS] Raw: min=-2.93e+02 max=2.48e+02 mean=5.19e-04
[2026-01-17 10:14:24.486] [VDS] Saved: C:\Users\jonathan\AppData\LocalLow\Temp\openvds-preview-slice.bmp
[2026-01-17 10:14:24.502] Render: slice=133, maxSize=1205
[2026-01-17 10:14:24.502] RenderSlice(dim=2, slice=133, maxSize=1205) | 
[2026-01-17 10:14:24.502] RenderSlice(dim=2, slice=133, maxSize=1205) | VDS (3D) | Dims: 368 x 368 x 368 | Mode: SINGLE_THREADED | 
[2026-01-17 10:14:24.502] RenderSlice(dim=2, slice=133, maxSize=1205) | VDS (3D) | Dims: 368 x 368 x 368 | Mode: SINGLE_THREADED | Requesting 368x368 slice... | 
[2026-01-17 10:14:24.502] RenderSlice(dim=2, slice=133, maxSize=1205) | VDS (3D) | Dims: 368 x 368 x 368 | Mode: SINGLE_THREADED | Requesting 368x368 slice... | Request created, waiting for completion... | 
[2026-01-17 10:14:24.502] RenderSlice(dim=2, slice=133, maxSize=1205) | VDS (3D) | Dims: 368 x 368 x 368 | Mode: SINGLE_THREADED | Requesting 368x368 slice... | Request created, waiting for completion... | Slice: Inline 134/368 | Output: 368 x 368 | Raw: min=-2.67e+02 max=2.81e+02 mean=6.72e-03 | 
[2026-01-17 10:14:24.502] [VDS] RenderSlice(dim=2, slice=133, maxSize=1205)
[2026-01-17 10:14:24.502] [VDS] VDS (3D)
[2026-01-17 10:14:24.502] [VDS] Dims: 368 x 368 x 368
[2026-01-17 10:14:24.502] [VDS] Mode: SINGLE_THREADED
[2026-01-17 10:14:24.502] [VDS] Requesting 368x368 slice...
[2026-01-17 10:14:24.502] [VDS] Request created, waiting for completion...
[2026-01-17 10:14:24.502] [VDS] Slice: Inline 134/368
[2026-01-17 10:14:24.502] [VDS] Output: 368 x 368
[2026-01-17 10:14:24.502] [VDS] Raw: min=-2.67e+02 max=2.81e+02 mean=6.72e-03
[2026-01-17 10:14:24.502] [VDS] Saved: C:\Users\jonathan\AppData\LocalLow\Temp\openvds-preview-slice.bmp
[2026-01-17 10:14:24.533] Render: slice=132, maxSize=1205
[2026-01-17 10:14:24.533] RenderSlice(dim=2, slice=132, maxSize=1205) | 
[2026-01-17 10:14:24.533] RenderSlice(dim=2, slice=132, maxSize=1205) | VDS (3D) | Dims: 368 x 368 x 368 | Mode: SINGLE_THREADED | 
[2026-01-17 10:14:24.533] RenderSlice(dim=2, slice=132, maxSize=1205) | VDS (3D) | Dims: 368 x 368 x 368 | Mode: SINGLE_THREADED | Requesting 368x368 slice... | 
[2026-01-17 10:14:24.533] RenderSlice(dim=2, slice=132, maxSize=1205) | VDS (3D) | Dims: 368 x 368 x 368 | Mode: SINGLE_THREADED | Requesting 368x368 slice... | Request created, waiting for completion... | 
[2026-01-17 10:14:24.533] RenderSlice(dim=2, slice=132, maxSize=1205) | VDS (3D) | Dims: 368 x 368 x 368 | Mode: SINGLE_THREADED | Requesting 368x368 slice... | Request created, waiting for completion... | Slice: Inline 133/368 | Output: 368 x 368 | Raw: min=-2.44e+02 max=2.95e+02 mean=4.24e-02 | 
[2026-01-17 10:14:24.533] [VDS] RenderSlice(dim=2, slice=132, maxSize=1205)
[2026-01-17 10:14:24.533] [VDS] VDS (3D)
[2026-01-17 10:14:24.549] [VDS] Dims: 368 x 368 x 368
[2026-01-17 10:14:24.549] [VDS] Mode: SINGLE_THREADED
[2026-01-17 10:14:24.549] [VDS] Requesting 368x368 slice...
[2026-01-17 10:14:24.549] [VDS] Request created, waiting for completion...
[2026-01-17 10:14:24.549] [VDS] Slice: Inline 133/368
[2026-01-17 10:14:24.549] [VDS] Output: 368 x 368
[2026-01-17 10:14:24.549] [VDS] Raw: min=-2.44e+02 max=2.95e+02 mean=4.24e-02
[2026-01-17 10:14:24.549] [VDS] Saved: C:\Users\jonathan\AppData\LocalLow\Temp\openvds-preview-slice.bmp
[2026-01-17 10:14:24.566] Render: slice=130, maxSize=1205
[2026-01-17 10:14:24.566] RenderSlice(dim=2, slice=130, maxSize=1205) | 
[2026-01-17 10:14:24.566] RenderSlice(dim=2, slice=130, maxSize=1205) | VDS (3D) | Dims: 368 x 368 x 368 | Mode: SINGLE_THREADED | 
[2026-01-17 10:14:24.566] RenderSlice(dim=2, slice=130, maxSize=1205) | VDS (3D) | Dims: 368 x 368 x 368 | Mode: SINGLE_THREADED | Requesting 368x368 slice... | 
[2026-01-17 10:14:24.566] RenderSlice(dim=2, slice=130, maxSize=1205) | VDS (3D) | Dims: 368 x 368 x 368 | Mode: SINGLE_THREADED | Requesting 368x368 slice... | Request created, waiting for completion... | 
[2026-01-17 10:14:24.566] RenderSlice(dim=2, slice=130, maxSize=1205) | VDS (3D) | Dims: 368 x 368 x 368 | Mode: SINGLE_THREADED | Requesting 368x368 slice... | Request created, waiting for completion... | Slice: Inline 131/368 | Output: 368 x 368 | Raw: min=-2.22e+02 max=2.31e+02 mean=3.60e-02 | 
[2026-01-17 10:14:24.580] [VDS] RenderSlice(dim=2, slice=130, maxSize=1205)
[2026-01-17 10:14:24.580] [VDS] VDS (3D)
[2026-01-17 10:14:24.580] [VDS] Dims: 368 x 368 x 368
[2026-01-17 10:14:24.580] [VDS] Mode: SINGLE_THREADED
[2026-01-17 10:14:24.580] [VDS] Requesting 368x368 slice...
[2026-01-17 10:14:24.580] [VDS] Request created, waiting for completion...
[2026-01-17 10:14:24.580] [VDS] Slice: Inline 131/368
[2026-01-17 10:14:24.580] [VDS] Output: 368 x 368
[2026-01-17 10:14:24.580] [VDS] Raw: min=-2.22e+02 max=2.31e+02 mean=3.60e-02
[2026-01-17 10:14:24.580] [VDS] Saved: C:\Users\jonathan\AppData\LocalLow\Temp\openvds-preview-slice.bmp
[2026-01-17 10:14:24.596] Render: slice=129, maxSize=1205
[2026-01-17 10:14:24.596] RenderSlice(dim=2, slice=129, maxSize=1205) | 
[2026-01-17 10:14:24.596] RenderSlice(dim=2, slice=129, maxSize=1205) | VDS (3D) | Dims: 368 x 368 x 368 | Mode: SINGLE_THREADED | 
[2026-01-17 10:14:24.596] RenderSlice(dim=2, slice=129, maxSize=1205) | VDS (3D) | Dims: 368 x 368 x 368 | Mode: SINGLE_THREADED | Requesting 368x368 slice... | 
[2026-01-17 10:14:24.596] RenderSlice(dim=2, slice=129, maxSize=1205) | VDS (3D) | Dims: 368 x 368 x 368 | Mode: SINGLE_THREADED | Requesting 368x368 slice... | Request created, waiting for completion... | 
[2026-01-17 10:14:24.612] RenderSlice(dim=2, slice=129, maxSize=1205) | VDS (3D) | Dims: 368 x 368 x 368 | Mode: SINGLE_THREADED | Requesting 368x368 slice... | Request created, waiting for completion... | Slice: Inline 130/368 | Output: 368 x 368 | Raw: min=-2.20e+02 max=2.29e+02 mean=4.96e-02 | 
[2026-01-17 10:14:24.612] [VDS] RenderSlice(dim=2, slice=129, maxSize=1205)
[2026-01-17 10:14:24.612] [VDS] VDS (3D)
[2026-01-17 10:14:24.612] [VDS] Dims: 368 x 368 x 368
[2026-01-17 10:14:24.612] [VDS] Mode: SINGLE_THREADED
[2026-01-17 10:14:24.612] [VDS] Requesting 368x368 slice...
[2026-01-17 10:14:24.612] [VDS] Request created, waiting for completion...
[2026-01-17 10:14:24.612] [VDS] Slice: Inline 130/368
[2026-01-17 10:14:24.612] [VDS] Output: 368 x 368
[2026-01-17 10:14:24.612] [VDS] Raw: min=-2.20e+02 max=2.29e+02 mean=4.96e-02
[2026-01-17 10:14:24.612] [VDS] Saved: C:\Users\jonathan\AppData\LocalLow\Temp\openvds-preview-slice.bmp
[2026-01-17 10:14:24.628] Render: slice=128, maxSize=1205
[2026-01-17 10:14:24.628] RenderSlice(dim=2, slice=128, maxSize=1205) | 
[2026-01-17 10:14:24.628] RenderSlice(dim=2, slice=128, maxSize=1205) | VDS (3D) | Dims: 368 x 368 x 368 | Mode: SINGLE_THREADED | 
[2026-01-17 10:14:24.628] RenderSlice(dim=2, slice=128, maxSize=1205) | VDS (3D) | Dims: 368 x 368 x 368 | Mode: SINGLE_THREADED | Requesting 368x368 slice... | 
[2026-01-17 10:14:24.628] RenderSlice(dim=2, slice=128, maxSize=1205) | VDS (3D) | Dims: 368 x 368 x 368 | Mode: SINGLE_THREADED | Requesting 368x368 slice... | Request created, waiting for completion... | 
[2026-01-17 10:14:24.643] RenderSlice(dim=2, slice=128, maxSize=1205) | VDS (3D) | Dims: 368 x 368 x 368 | Mode: SINGLE_THREADED | Requesting 368x368 slice... | Request created, waiting for completion... | Slice: Inline 129/368 | Output: 368 x 368 | Raw: min=-2.32e+02 max=2.48e+02 mean=2.48e-02 | 
[2026-01-17 10:14:24.643] [VDS] RenderSlice(dim=2, slice=128, maxSize=1205)
[2026-01-17 10:14:24.643] [VDS] VDS (3D)
[2026-01-17 10:14:24.643] [VDS] Dims: 368 x 368 x 368
[2026-01-17 10:14:24.643] [VDS] Mode: SINGLE_THREADED
[2026-01-17 10:14:24.643] [VDS] Requesting 368x368 slice...
[2026-01-17 10:14:24.643] [VDS] Request created, waiting for completion...
[2026-01-17 10:14:24.643] [VDS] Slice: Inline 129/368
[2026-01-17 10:14:24.643] [VDS] Output: 368 x 368
[2026-01-17 10:14:24.643] [VDS] Raw: min=-2.32e+02 max=2.48e+02 mean=2.48e-02
[2026-01-17 10:14:24.643] [VDS] Saved: C:\Users\jonathan\AppData\LocalLow\Temp\openvds-preview-slice.bmp
[2026-01-17 10:14:24.956] Render: slice=127, maxSize=1205
[2026-01-17 10:14:24.956] RenderSlice(dim=2, slice=127, maxSize=1205) | 
[2026-01-17 10:14:24.956] RenderSlice(dim=2, slice=127, maxSize=1205) | VDS (3D) | Dims: 368 x 368 x 368 | Mode: SINGLE_THREADED | 
[2026-01-17 10:14:24.956] RenderSlice(dim=2, slice=127, maxSize=1205) | VDS (3D) | Dims: 368 x 368 x 368 | Mode: SINGLE_THREADED | Requesting 368x368 slice... | 
[2026-01-17 10:14:24.956] RenderSlice(dim=2, slice=127, maxSize=1205) | VDS (3D) | Dims: 368 x 368 x 368 | Mode: SINGLE_THREADED | Requesting 368x368 slice... | Request created, waiting for completion... | 
[2026-01-17 10:14:24.956] RenderSlice(dim=2, slice=127, maxSize=1205) | VDS (3D) | Dims: 368 x 368 x 368 | Mode: SINGLE_THREADED | Requesting 368x368 slice... | Request created, waiting for completion... | Slice: Inline 128/368 | Output: 368 x 368 | Raw: min=-2.39e+02 max=2.51e+02 mean=1.61e-02 | 
[2026-01-17 10:14:24.964] [VDS] RenderSlice(dim=2, slice=127, maxSize=1205)
[2026-01-17 10:14:24.969] [VDS] VDS (3D)
[2026-01-17 10:14:24.969] [VDS] Dims: 368 x 368 x 368
[2026-01-17 10:14:24.971] [VDS] Mode: SINGLE_THREADED
[2026-01-17 10:14:24.971] [VDS] Requesting 368x368 slice...
[2026-01-17 10:14:24.971] [VDS] Request created, waiting for completion...
[2026-01-17 10:14:24.971] [VDS] Slice: Inline 128/368
[2026-01-17 10:14:24.971] [VDS] Output: 368 x 368
[2026-01-17 10:14:24.971] [VDS] Raw: min=-2.39e+02 max=2.51e+02 mean=1.61e-02
[2026-01-17 10:14:24.971] [VDS] Saved: C:\Users\jonathan\AppData\LocalLow\Temp\openvds-preview-slice.bmp
[2026-01-17 10:14:24.981] Render: slice=126, maxSize=1205
[2026-01-17 10:14:24.981] RenderSlice(dim=2, slice=126, maxSize=1205) | 
[2026-01-17 10:14:24.981] RenderSlice(dim=2, slice=126, maxSize=1205) | VDS (3D) | Dims: 368 x 368 x 368 | Mode: SINGLE_THREADED | 
[2026-01-17 10:14:24.985] RenderSlice(dim=2, slice=126, maxSize=1205) | VDS (3D) | Dims: 368 x 368 x 368 | Mode: SINGLE_THREADED | Requesting 368x368 slice... | 
[2026-01-17 10:14:24.985] RenderSlice(dim=2, slice=126, maxSize=1205) | VDS (3D) | Dims: 368 x 368 x 368 | Mode: SINGLE_THREADED | Requesting 368x368 slice... | Request created, waiting for completion... | 
[2026-01-17 10:14:24.985] RenderSlice(dim=2, slice=126, maxSize=1205) | VDS (3D) | Dims: 368 x 368 x 368 | Mode: SINGLE_THREADED | Requesting 368x368 slice... | Request created, waiting for completion... | Slice: Inline 127/368 | Output: 368 x 368 | Raw: min=-2.66e+02 max=2.82e+02 mean=2.22e-02 | 
[2026-01-17 10:14:24.985] [VDS] RenderSlice(dim=2, slice=126, maxSize=1205)
[2026-01-17 10:14:24.985] [VDS] VDS (3D)
[2026-01-17 10:14:24.985] [VDS] Dims: 368 x 368 x 368
[2026-01-17 10:14:24.985] [VDS] Mode: SINGLE_THREADED
[2026-01-17 10:14:24.985] [VDS] Requesting 368x368 slice...
[2026-01-17 10:14:24.985] [VDS] Request created, waiting for completion...
[2026-01-17 10:14:24.985] [VDS] Slice: Inline 127/368
[2026-01-17 10:14:24.985] [VDS] Output: 368 x 368
[2026-01-17 10:14:24.992] [VDS] Raw: min=-2.66e+02 max=2.82e+02 mean=2.22e-02
[2026-01-17 10:14:24.992] [VDS] Saved: C:\Users\jonathan\AppData\LocalLow\Temp\openvds-preview-slice.bmp
[2026-01-17 10:14:25.024] Render: slice=124, maxSize=1205
[2026-01-17 10:14:25.024] RenderSlice(dim=2, slice=124, maxSize=1205) | 
[2026-01-17 10:14:25.024] RenderSlice(dim=2, slice=124, maxSize=1205) | VDS (3D) | Dims: 368 x 368 x 368 | Mode: SINGLE_THREADED | 
[2026-01-17 10:14:25.024] RenderSlice(dim=2, slice=124, maxSize=1205) | VDS (3D) | Dims: 368 x 368 x 368 | Mode: SINGLE_THREADED | Requesting 368x368 slice... | 
[2026-01-17 10:14:25.024] RenderSlice(dim=2, slice=124, maxSize=1205) | VDS (3D) | Dims: 368 x 368 x 368 | Mode: SINGLE_THREADED | Requesting 368x368 slice... | Request created, waiting for completion... | 
[2026-01-17 10:14:25.024] RenderSlice(dim=2, slice=124, maxSize=1205) | VDS (3D) | Dims: 368 x 368 x 368 | Mode: SINGLE_THREADED | Requesting 368x368 slice... | Request created, waiting for completion... | Slice: Inline 125/368 | Output: 368 x 368 | Raw: min=-2.74e+02 max=2.88e+02 mean=3.17e-02 | 
[2026-01-17 10:14:25.039] [VDS] RenderSlice(dim=2, slice=124, maxSize=1205)
[2026-01-17 10:14:25.039] [VDS] VDS (3D)
[2026-01-17 10:14:25.039] [VDS] Dims: 368 x 368 x 368
[2026-01-17 10:14:25.039] [VDS] Mode: SINGLE_THREADED
[2026-01-17 10:14:25.039] [VDS] Requesting 368x368 slice...
[2026-01-17 10:14:25.039] [VDS] Request created, waiting for completion...
[2026-01-17 10:14:25.039] [VDS] Slice: Inline 125/368
[2026-01-17 10:14:25.039] [VDS] Output: 368 x 368
[2026-01-17 10:14:25.039] [VDS] Raw: min=-2.74e+02 max=2.88e+02 mean=3.17e-02
[2026-01-17 10:14:25.039] [VDS] Saved: C:\Users\jonathan\AppData\LocalLow\Temp\openvds-preview-slice.bmp
[2026-01-17 10:14:25.077] Render: slice=121, maxSize=1205
[2026-01-17 10:14:25.077] RenderSlice(dim=2, slice=121, maxSize=1205) | 
[2026-01-17 10:14:25.077] RenderSlice(dim=2, slice=121, maxSize=1205) | VDS (3D) | Dims: 368 x 368 x 368 | Mode: SINGLE_THREADED | 
[2026-01-17 10:14:25.077] RenderSlice(dim=2, slice=121, maxSize=1205) | VDS (3D) | Dims: 368 x 368 x 368 | Mode: SINGLE_THREADED | Requesting 368x368 slice... | 
[2026-01-17 10:14:25.493] RenderSlice(dim=2, slice=121, maxSize=1205) | VDS (3D) | Dims: 368 x 368 x 368 | Mode: SINGLE_THREADED | Requesting 368x368 slice... | Request created, waiting for completion... | 
[2026-01-17 10:14:25.495] RenderSlice(dim=2, slice=121, maxSize=1205) | VDS (3D) | Dims: 368 x 368 x 368 | Mode: SINGLE_THREADED | Requesting 368x368 slice... | Request created, waiting for completion... | Slice: Inline 122/368 | Output: 368 x 368 | Raw: min=-3.41e+02 max=2.81e+02 mean=2.19e-02 | 
[2026-01-17 10:14:25.500] [VDS] RenderSlice(dim=2, slice=121, maxSize=1205)
[2026-01-17 10:14:25.500] [VDS] VDS (3D)
[2026-01-17 10:14:25.500] [VDS] Dims: 368 x 368 x 368
[2026-01-17 10:14:25.508] [VDS] Mode: SINGLE_THREADED
[2026-01-17 10:14:25.508] [VDS] Requesting 368x368 slice...
[2026-01-17 10:14:25.510] [VDS] Request created, waiting for completion...
[2026-01-17 10:14:25.512] [VDS] Slice: Inline 122/368
[2026-01-17 10:14:25.514] [VDS] Output: 368 x 368
[2026-01-17 10:14:25.518] [VDS] Raw: min=-3.41e+02 max=2.81e+02 mean=2.19e-02
[2026-01-17 10:14:25.520] [VDS] Saved: C:\Users\jonathan\AppData\LocalLow\Temp\openvds-preview-slice.bmp
[2026-01-17 10:14:25.547] Render: slice=117, maxSize=1205
[2026-01-17 10:14:25.548] RenderSlice(dim=2, slice=117, maxSize=1205) | 
[2026-01-17 10:14:25.548] RenderSlice(dim=2, slice=117, maxSize=1205) | VDS (3D) | Dims: 368 x 368 x 368 | Mode: SINGLE_THREADED | 
[2026-01-17 10:14:25.548] RenderSlice(dim=2, slice=117, maxSize=1205) | VDS (3D) | Dims: 368 x 368 x 368 | Mode: SINGLE_THREADED | Requesting 368x368 slice... | 
[2026-01-17 10:14:25.548] RenderSlice(dim=2, slice=117, maxSize=1205) | VDS (3D) | Dims: 368 x 368 x 368 | Mode: SINGLE_THREADED | Requesting 368x368 slice... | Request created, waiting for completion... | 
[2026-01-17 10:14:25.550] RenderSlice(dim=2, slice=117, maxSize=1205) | VDS (3D) | Dims: 368 x 368 x 368 | Mode: SINGLE_THREADED | Requesting 368x368 slice... | Request created, waiting for completion... | Slice: Inline 118/368 | Output: 368 x 368 | Raw: min=-2.67e+02 max=2.69e+02 mean=-5.81e-03 | 
[2026-01-17 10:14:25.562] [VDS] RenderSlice(dim=2, slice=117, maxSize=1205)
[2026-01-17 10:14:25.564] [VDS] VDS (3D)
[2026-01-17 10:14:25.566] [VDS] Dims: 368 x 368 x 368
[2026-01-17 10:14:25.566] [VDS] Mode: SINGLE_THREADED
[2026-01-17 10:14:25.568] [VDS] Requesting 368x368 slice...
[2026-01-17 10:14:25.568] [VDS] Request created, waiting for completion...
[2026-01-17 10:14:25.568] [VDS] Slice: Inline 118/368
[2026-01-17 10:14:25.568] [VDS] Output: 368 x 368
[2026-01-17 10:14:25.568] [VDS] Raw: min=-2.67e+02 max=2.69e+02 mean=-5.81e-03
[2026-01-17 10:14:25.568] [VDS] Saved: C:\Users\jonathan\AppData\LocalLow\Temp\openvds-preview-slice.bmp
[2026-01-17 10:14:25.591] Render: slice=115, maxSize=1205
[2026-01-17 10:14:25.591] RenderSlice(dim=2, slice=115, maxSize=1205) | 
[2026-01-17 10:14:25.591] RenderSlice(dim=2, slice=115, maxSize=1205) | VDS (3D) | Dims: 368 x 368 x 368 | Mode: SINGLE_THREADED | 
[2026-01-17 10:14:25.593] RenderSlice(dim=2, slice=115, maxSize=1205) | VDS (3D) | Dims: 368 x 368 x 368 | Mode: SINGLE_THREADED | Requesting 368x368 slice... | 
[2026-01-17 10:14:25.593] RenderSlice(dim=2, slice=115, maxSize=1205) | VDS (3D) | Dims: 368 x 368 x 368 | Mode: SINGLE_THREADED | Requesting 368x368 slice... | Request created, waiting for completion... | 
[2026-01-17 10:14:25.595] RenderSlice(dim=2, slice=115, maxSize=1205) | VDS (3D) | Dims: 368 x 368 x 368 | Mode: SINGLE_THREADED | Requesting 368x368 slice... | Request created, waiting for completion... | Slice: Inline 116/368 | Output: 368 x 368 | Raw: min=-2.51e+02 max=2.63e+02 mean=5.16e-03 | 
[2026-01-17 10:14:25.599] [VDS] RenderSlice(dim=2, slice=115, maxSize=1205)
[2026-01-17 10:14:25.599] [VDS] VDS (3D)
[2026-01-17 10:14:25.599] [VDS] Dims: 368 x 368 x 368
[2026-01-17 10:14:25.601] [VDS] Mode: SINGLE_THREADED
[2026-01-17 10:14:25.601] [VDS] Requesting 368x368 slice...
[2026-01-17 10:14:25.601] [VDS] Request created, waiting for completion...
[2026-01-17 10:14:25.601] [VDS] Slice: Inline 116/368
[2026-01-17 10:14:25.601] [VDS] Output: 368 x 368
[2026-01-17 10:14:25.601] [VDS] Raw: min=-2.51e+02 max=2.63e+02 mean=5.16e-03
[2026-01-17 10:14:25.601] [VDS] Saved: C:\Users\jonathan\AppData\LocalLow\Temp\openvds-preview-slice.bmp
[2026-01-17 10:14:25.625] Render: slice=114, maxSize=1205
[2026-01-17 10:14:25.627] RenderSlice(dim=2, slice=114, maxSize=1205) | 
[2026-01-17 10:14:25.627] RenderSlice(dim=2, slice=114, maxSize=1205) | VDS (3D) | Dims: 368 x 368 x 368 | Mode: SINGLE_THREADED | 
[2026-01-17 10:14:25.627] RenderSlice(dim=2, slice=114, maxSize=1205) | VDS (3D) | Dims: 368 x 368 x 368 | Mode: SINGLE_THREADED | Requesting 368x368 slice... | 
[2026-01-17 10:14:25.629] RenderSlice(dim=2, slice=114, maxSize=1205) | VDS (3D) | Dims: 368 x 368 x 368 | Mode: SINGLE_THREADED | Requesting 368x368 slice... | Request created, waiting for completion... | 
[2026-01-17 10:14:25.631] RenderSlice(dim=2, slice=114, maxSize=1205) | VDS (3D) | Dims: 368 x 368 x 368 | Mode: SINGLE_THREADED | Requesting 368x368 slice... | Request created, waiting for completion... | Slice: Inline 115/368 | Output: 368 x 368 | Raw: min=-2.89e+02 max=2.76e+02 mean=5.07e-03 | 
[2026-01-17 10:14:25.637] [VDS] RenderSlice(dim=2, slice=114, maxSize=1205)
[2026-01-17 10:14:25.640] [VDS] VDS (3D)
[2026-01-17 10:14:25.641] [VDS] Dims: 368 x 368 x 368
[2026-01-17 10:14:25.643] [VDS] Mode: SINGLE_THREADED
[2026-01-17 10:14:25.643] [VDS] Requesting 368x368 slice...
[2026-01-17 10:14:25.645] [VDS] Request created, waiting for completion...
[2026-01-17 10:14:25.645] [VDS] Slice: Inline 115/368
[2026-01-17 10:14:25.645] [VDS] Output: 368 x 368
[2026-01-17 10:14:25.645] [VDS] Raw: min=-2.89e+02 max=2.76e+02 mean=5.07e-03
[2026-01-17 10:14:25.645] [VDS] Saved: C:\Users\jonathan\AppData\LocalLow\Temp\openvds-preview-slice.bmp
[2026-01-17 10:14:25.656] Render: slice=112, maxSize=1205
[2026-01-17 10:14:25.656] RenderSlice(dim=2, slice=112, maxSize=1205) | 
[2026-01-17 10:14:25.656] RenderSlice(dim=2, slice=112, maxSize=1205) | VDS (3D) | Dims: 368 x 368 x 368 | Mode: SINGLE_THREADED | 
[2026-01-17 10:14:25.656] RenderSlice(dim=2, slice=112, maxSize=1205) | VDS (3D) | Dims: 368 x 368 x 368 | Mode: SINGLE_THREADED | Requesting 368x368 slice... | 
[2026-01-17 10:14:25.656] RenderSlice(dim=2, slice=112, maxSize=1205) | VDS (3D) | Dims: 368 x 368 x 368 | Mode: SINGLE_THREADED | Requesting 368x368 slice... | Request created, waiting for completion... | 
[2026-01-17 10:14:25.673] RenderSlice(dim=2, slice=112, maxSize=1205) | VDS (3D) | Dims: 368 x 368 x 368 | Mode: SINGLE_THREADED | Requesting 368x368 slice... | Request created, waiting for completion... | Slice: Inline 113/368 | Output: 368 x 368 | Raw: min=-2.58e+02 max=2.70e+02 mean=-1.39e-02 | 
[2026-01-17 10:14:25.675] [VDS] RenderSlice(dim=2, slice=112, maxSize=1205)
[2026-01-17 10:14:25.675] [VDS] VDS (3D)
[2026-01-17 10:14:25.675] [VDS] Dims: 368 x 368 x 368
[2026-01-17 10:14:25.675] [VDS] Mode: SINGLE_THREADED
[2026-01-17 10:14:25.679] [VDS] Requesting 368x368 slice...
[2026-01-17 10:14:25.679] [VDS] Request created, waiting for completion...
[2026-01-17 10:14:25.679] [VDS] Slice: Inline 113/368
[2026-01-17 10:14:25.679] [VDS] Output: 368 x 368
[2026-01-17 10:14:25.681] [VDS] Raw: min=-2.58e+02 max=2.70e+02 mean=-1.39e-02
[2026-01-17 10:14:25.681] [VDS] Saved: C:\Users\jonathan\AppData\LocalLow\Temp\openvds-preview-slice.bmp
[2026-01-17 10:14:25.705] Render: slice=111, maxSize=1205
[2026-01-17 10:14:25.705] RenderSlice(dim=2, slice=111, maxSize=1205) | 
[2026-01-17 10:14:25.705] RenderSlice(dim=2, slice=111, maxSize=1205) | VDS (3D) | Dims: 368 x 368 x 368 | Mode: SINGLE_THREADED | 
[2026-01-17 10:14:25.707] RenderSlice(dim=2, slice=111, maxSize=1205) | VDS (3D) | Dims: 368 x 368 x 368 | Mode: SINGLE_THREADED | Requesting 368x368 slice... | 
[2026-01-17 10:14:25.707] RenderSlice(dim=2, slice=111, maxSize=1205) | VDS (3D) | Dims: 368 x 368 x 368 | Mode: SINGLE_THREADED | Requesting 368x368 slice... | Request created, waiting for completion... | 
[2026-01-17 10:14:25.715] RenderSlice(dim=2, slice=111, maxSize=1205) | VDS (3D) | Dims: 368 x 368 x 368 | Mode: SINGLE_THREADED | Requesting 368x368 slice... | Request created, waiting for completion... | Slice: Inline 112/368 | Output: 368 x 368 | Raw: min=-2.71e+02 max=2.73e+02 mean=-3.13e-02 | 
[2026-01-17 10:14:25.727] [VDS] RenderSlice(dim=2, slice=111, maxSize=1205)
[2026-01-17 10:14:25.727] [VDS] VDS (3D)
[2026-01-17 10:14:25.729] [VDS] Dims: 368 x 368 x 368
[2026-01-17 10:14:25.729] [VDS] Mode: SINGLE_THREADED
[2026-01-17 10:14:25.729] [VDS] Requesting 368x368 slice...
[2026-01-17 10:14:25.731] [VDS] Request created, waiting for completion...
[2026-01-17 10:14:25.731] [VDS] Slice: Inline 112/368
[2026-01-17 10:14:25.731] [VDS] Output: 368 x 368
[2026-01-17 10:14:25.733] [VDS] Raw: min=-2.71e+02 max=2.73e+02 mean=-3.13e-02
[2026-01-17 10:14:25.733] [VDS] Saved: C:\Users\jonathan\AppData\LocalLow\Temp\openvds-preview-slice.bmp
[2026-01-17 10:14:26.064] Render: slice=110, maxSize=1205
[2026-01-17 10:14:26.064] RenderSlice(dim=2, slice=110, maxSize=1205) | 
[2026-01-17 10:14:26.064] RenderSlice(dim=2, slice=110, maxSize=1205) | VDS (3D) | Dims: 368 x 368 x 368 | Mode: SINGLE_THREADED | 
[2026-01-17 10:14:26.077] RenderSlice(dim=2, slice=110, maxSize=1205) | VDS (3D) | Dims: 368 x 368 x 368 | Mode: SINGLE_THREADED | Requesting 368x368 slice... | 
[2026-01-17 10:14:26.077] RenderSlice(dim=2, slice=110, maxSize=1205) | VDS (3D) | Dims: 368 x 368 x 368 | Mode: SINGLE_THREADED | Requesting 368x368 slice... | Request created, waiting for completion... | 
[2026-01-17 10:14:26.080] RenderSlice(dim=2, slice=110, maxSize=1205) | VDS (3D) | Dims: 368 x 368 x 368 | Mode: SINGLE_THREADED | Requesting 368x368 slice... | Request created, waiting for completion... | Slice: Inline 111/368 | Output: 368 x 368 | Raw: min=-2.94e+02 max=2.71e+02 mean=-2.27e-02 | 
[2026-01-17 10:14:26.082] [VDS] RenderSlice(dim=2, slice=110, maxSize=1205)
[2026-01-17 10:14:26.082] [VDS] VDS (3D)
[2026-01-17 10:14:26.082] [VDS] Dims: 368 x 368 x 368
[2026-01-17 10:14:26.082] [VDS] Mode: SINGLE_THREADED
[2026-01-17 10:14:26.082] [VDS] Requesting 368x368 slice...
[2026-01-17 10:14:26.082] [VDS] Request created, waiting for completion...
[2026-01-17 10:14:26.082] [VDS] Slice: Inline 111/368
[2026-01-17 10:14:26.082] [VDS] Output: 368 x 368
[2026-01-17 10:14:26.082] [VDS] Raw: min=-2.94e+02 max=2.71e+02 mean=-2.27e-02
[2026-01-17 10:14:26.082] [VDS] Saved: C:\Users\jonathan\AppData\LocalLow\Temp\openvds-preview-slice.bmp
[2026-01-17 10:14:26.099] Render: slice=109, maxSize=1205
[2026-01-17 10:14:26.101] RenderSlice(dim=2, slice=109, maxSize=1205) | 
[2026-01-17 10:14:26.101] RenderSlice(dim=2, slice=109, maxSize=1205) | VDS (3D) | Dims: 368 x 368 x 368 | Mode: SINGLE_THREADED | 
[2026-01-17 10:14:26.101] RenderSlice(dim=2, slice=109, maxSize=1205) | VDS (3D) | Dims: 368 x 368 x 368 | Mode: SINGLE_THREADED | Requesting 368x368 slice... | 
[2026-01-17 10:14:26.101] RenderSlice(dim=2, slice=109, maxSize=1205) | VDS (3D) | Dims: 368 x 368 x 368 | Mode: SINGLE_THREADED | Requesting 368x368 slice... | Request created, waiting for completion... | 
[2026-01-17 10:14:26.101] RenderSlice(dim=2, slice=109, maxSize=1205) | VDS (3D) | Dims: 368 x 368 x 368 | Mode: SINGLE_THREADED | Requesting 368x368 slice... | Request created, waiting for completion... | Slice: Inline 110/368 | Output: 368 x 368 | Raw: min=-2.58e+02 max=2.53e+02 mean=-1.44e-02 | 
[2026-01-17 10:14:26.105] [VDS] RenderSlice(dim=2, slice=109, maxSize=1205)
[2026-01-17 10:14:26.105] [VDS] VDS (3D)
[2026-01-17 10:14:26.105] [VDS] Dims: 368 x 368 x 368
[2026-01-17 10:14:26.105] [VDS] Mode: SINGLE_THREADED
[2026-01-17 10:14:26.105] [VDS] Requesting 368x368 slice...
[2026-01-17 10:14:26.105] [VDS] Request created, waiting for completion...
[2026-01-17 10:14:26.105] [VDS] Slice: Inline 110/368
[2026-01-17 10:14:26.105] [VDS] Output: 368 x 368
[2026-01-17 10:14:26.105] [VDS] Raw: min=-2.58e+02 max=2.53e+02 mean=-1.44e-02
[2026-01-17 10:14:26.105] [VDS] Saved: C:\Users\jonathan\AppData\LocalLow\Temp\openvds-preview-slice.bmp
[2026-01-17 10:14:26.128] Render: slice=108, maxSize=1205
[2026-01-17 10:14:26.128] RenderSlice(dim=2, slice=108, maxSize=1205) | 
[2026-01-17 10:14:26.128] RenderSlice(dim=2, slice=108, maxSize=1205) | VDS (3D) | Dims: 368 x 368 x 368 | Mode: SINGLE_THREADED | 
[2026-01-17 10:14:26.128] RenderSlice(dim=2, slice=108, maxSize=1205) | VDS (3D) | Dims: 368 x 368 x 368 | Mode: SINGLE_THREADED | Requesting 368x368 slice... | 
[2026-01-17 10:14:26.128] RenderSlice(dim=2, slice=108, maxSize=1205) | VDS (3D) | Dims: 368 x 368 x 368 | Mode: SINGLE_THREADED | Requesting 368x368 slice... | Request created, waiting for completion... | 
[2026-01-17 10:14:26.128] RenderSlice(dim=2, slice=108, maxSize=1205) | VDS (3D) | Dims: 368 x 368 x 368 | Mode: SINGLE_THREADED | Requesting 368x368 slice... | Request created, waiting for completion... | Slice: Inline 109/368 | Output: 368 x 368 | Raw: min=-2.61e+02 max=2.50e+02 mean=-5.97e-03 | 
[2026-01-17 10:14:26.144] [VDS] RenderSlice(dim=2, slice=108, maxSize=1205)
[2026-01-17 10:14:26.144] [VDS] VDS (3D)
[2026-01-17 10:14:26.144] [VDS] Dims: 368 x 368 x 368
[2026-01-17 10:14:26.144] [VDS] Mode: SINGLE_THREADED
[2026-01-17 10:14:26.144] [VDS] Requesting 368x368 slice...
[2026-01-17 10:14:26.160] [VDS] Request created, waiting for completion...
[2026-01-17 10:14:26.160] [VDS] Slice: Inline 109/368
[2026-01-17 10:14:26.160] [VDS] Output: 368 x 368
[2026-01-17 10:14:26.160] [VDS] Raw: min=-2.61e+02 max=2.50e+02 mean=-5.97e-03
[2026-01-17 10:14:26.160] [VDS] Saved: C:\Users\jonathan\AppData\LocalLow\Temp\openvds-preview-slice.bmp
[2026-01-17 10:14:26.176] Render: slice=105, maxSize=1205
[2026-01-17 10:14:26.176] RenderSlice(dim=2, slice=105, maxSize=1205) | 
[2026-01-17 10:14:26.176] RenderSlice(dim=2, slice=105, maxSize=1205) | VDS (3D) | Dims: 368 x 368 x 368 | Mode: SINGLE_THREADED | 
[2026-01-17 10:14:26.176] RenderSlice(dim=2, slice=105, maxSize=1205) | VDS (3D) | Dims: 368 x 368 x 368 | Mode: SINGLE_THREADED | Requesting 368x368 slice... | 
[2026-01-17 10:14:26.176] RenderSlice(dim=2, slice=105, maxSize=1205) | VDS (3D) | Dims: 368 x 368 x 368 | Mode: SINGLE_THREADED | Requesting 368x368 slice... | Request created, waiting for completion... | 
[2026-01-17 10:14:26.191] RenderSlice(dim=2, slice=105, maxSize=1205) | VDS (3D) | Dims: 368 x 368 x 368 | Mode: SINGLE_THREADED | Requesting 368x368 slice... | Request created, waiting for completion... | Slice: Inline 106/368 | Output: 368 x 368 | Raw: min=-3.16e+02 max=2.60e+02 mean=-5.67e-03 | 
[2026-01-17 10:14:26.191] [VDS] RenderSlice(dim=2, slice=105, maxSize=1205)
[2026-01-17 10:14:26.206] [VDS] VDS (3D)
[2026-01-17 10:14:26.206] [VDS] Dims: 368 x 368 x 368
[2026-01-17 10:14:26.206] [VDS] Mode: SINGLE_THREADED
[2026-01-17 10:14:26.206] [VDS] Requesting 368x368 slice...
[2026-01-17 10:14:26.206] [VDS] Request created, waiting for completion...
[2026-01-17 10:14:26.206] [VDS] Slice: Inline 106/368
[2026-01-17 10:14:26.207] [VDS] Output: 368 x 368
[2026-01-17 10:14:26.207] [VDS] Raw: min=-3.16e+02 max=2.60e+02 mean=-5.67e-03
[2026-01-17 10:14:26.207] [VDS] Saved: C:\Users\jonathan\AppData\LocalLow\Temp\openvds-preview-slice.bmp
[2026-01-17 10:14:26.223] Render: slice=103, maxSize=1205
[2026-01-17 10:14:26.223] RenderSlice(dim=2, slice=103, maxSize=1205) | 
[2026-01-17 10:14:26.223] RenderSlice(dim=2, slice=103, maxSize=1205) | VDS (3D) | Dims: 368 x 368 x 368 | Mode: SINGLE_THREADED | 
[2026-01-17 10:14:26.223] RenderSlice(dim=2, slice=103, maxSize=1205) | VDS (3D) | Dims: 368 x 368 x 368 | Mode: SINGLE_THREADED | Requesting 368x368 slice... | 
[2026-01-17 10:14:26.239] RenderSlice(dim=2, slice=103, maxSize=1205) | VDS (3D) | Dims: 368 x 368 x 368 | Mode: SINGLE_THREADED | Requesting 368x368 slice... | Request created, waiting for completion... | 
[2026-01-17 10:14:26.239] RenderSlice(dim=2, slice=103, maxSize=1205) | VDS (3D) | Dims: 368 x 368 x 368 | Mode: SINGLE_THREADED | Requesting 368x368 slice... | Request created, waiting for completion... | Slice: Inline 104/368 | Output: 368 x 368 | Raw: min=-3.01e+02 max=2.70e+02 mean=-1.32e-02 | 
[2026-01-17 10:14:26.239] [VDS] RenderSlice(dim=2, slice=103, maxSize=1205)
[2026-01-17 10:14:26.239] [VDS] VDS (3D)
[2026-01-17 10:14:26.239] [VDS] Dims: 368 x 368 x 368
[2026-01-17 10:14:26.239] [VDS] Mode: SINGLE_THREADED
[2026-01-17 10:14:26.239] [VDS] Requesting 368x368 slice...
[2026-01-17 10:14:26.239] [VDS] Request created, waiting for completion...
[2026-01-17 10:14:26.239] [VDS] Slice: Inline 104/368
[2026-01-17 10:14:26.239] [VDS] Output: 368 x 368
[2026-01-17 10:14:26.239] [VDS] Raw: min=-3.01e+02 max=2.70e+02 mean=-1.32e-02
[2026-01-17 10:14:26.239] [VDS] Saved: C:\Users\jonathan\AppData\LocalLow\Temp\openvds-preview-slice.bmp
[2026-01-17 10:14:26.630] Render: slice=102, maxSize=1205
[2026-01-17 10:14:26.630] RenderSlice(dim=2, slice=102, maxSize=1205) | 
[2026-01-17 10:14:26.630] RenderSlice(dim=2, slice=102, maxSize=1205) | VDS (3D) | Dims: 368 x 368 x 368 | Mode: SINGLE_THREADED | 
[2026-01-17 10:14:26.630] RenderSlice(dim=2, slice=102, maxSize=1205) | VDS (3D) | Dims: 368 x 368 x 368 | Mode: SINGLE_THREADED | Requesting 368x368 slice... | 
[2026-01-17 10:14:26.630] RenderSlice(dim=2, slice=102, maxSize=1205) | VDS (3D) | Dims: 368 x 368 x 368 | Mode: SINGLE_THREADED | Requesting 368x368 slice... | Request created, waiting for completion... | 
[2026-01-17 10:14:26.630] RenderSlice(dim=2, slice=102, maxSize=1205) | VDS (3D) | Dims: 368 x 368 x 368 | Mode: SINGLE_THREADED | Requesting 368x368 slice... | Request created, waiting for completion... | Slice: Inline 103/368 | Output: 368 x 368 | Raw: min=-2.84e+02 max=2.88e+02 mean=-2.70e-02 | 
[2026-01-17 10:14:26.630] [VDS] RenderSlice(dim=2, slice=102, maxSize=1205)
[2026-01-17 10:14:26.630] [VDS] VDS (3D)
[2026-01-17 10:14:26.630] [VDS] Dims: 368 x 368 x 368
[2026-01-17 10:14:26.630] [VDS] Mode: SINGLE_THREADED
[2026-01-17 10:14:26.630] [VDS] Requesting 368x368 slice...
[2026-01-17 10:14:26.630] [VDS] Request created, waiting for completion...
[2026-01-17 10:14:26.630] [VDS] Slice: Inline 103/368
[2026-01-17 10:14:26.630] [VDS] Output: 368 x 368
[2026-01-17 10:14:26.630] [VDS] Raw: min=-2.84e+02 max=2.88e+02 mean=-2.70e-02
[2026-01-17 10:14:26.630] [VDS] Saved: C:\Users\jonathan\AppData\LocalLow\Temp\openvds-preview-slice.bmp
[2026-01-17 10:14:26.652] Render: slice=101, maxSize=1205
[2026-01-17 10:14:26.652] RenderSlice(dim=2, slice=101, maxSize=1205) | 
[2026-01-17 10:14:26.652] RenderSlice(dim=2, slice=101, maxSize=1205) | VDS (3D) | Dims: 368 x 368 x 368 | Mode: SINGLE_THREADED | 
[2026-01-17 10:14:26.652] RenderSlice(dim=2, slice=101, maxSize=1205) | VDS (3D) | Dims: 368 x 368 x 368 | Mode: SINGLE_THREADED | Requesting 368x368 slice... | 
[2026-01-17 10:14:26.652] RenderSlice(dim=2, slice=101, maxSize=1205) | VDS (3D) | Dims: 368 x 368 x 368 | Mode: SINGLE_THREADED | Requesting 368x368 slice... | Request created, waiting for completion... | 
[2026-01-17 10:14:26.652] RenderSlice(dim=2, slice=101, maxSize=1205) | VDS (3D) | Dims: 368 x 368 x 368 | Mode: SINGLE_THREADED | Requesting 368x368 slice... | Request created, waiting for completion... | Slice: Inline 102/368 | Output: 368 x 368 | Raw: min=-3.00e+02 max=2.63e+02 mean=-1.84e-02 | 
[2026-01-17 10:14:26.655] [VDS] RenderSlice(dim=2, slice=101, maxSize=1205)
[2026-01-17 10:14:26.655] [VDS] VDS (3D)
[2026-01-17 10:14:26.655] [VDS] Dims: 368 x 368 x 368
[2026-01-17 10:14:26.655] [VDS] Mode: SINGLE_THREADED
[2026-01-17 10:14:26.655] [VDS] Requesting 368x368 slice...
[2026-01-17 10:14:26.655] [VDS] Request created, waiting for completion...
[2026-01-17 10:14:26.655] [VDS] Slice: Inline 102/368
[2026-01-17 10:14:26.655] [VDS] Output: 368 x 368
[2026-01-17 10:14:26.655] [VDS] Raw: min=-3.00e+02 max=2.63e+02 mean=-1.84e-02
[2026-01-17 10:14:26.655] [VDS] Saved: C:\Users\jonathan\AppData\LocalLow\Temp\openvds-preview-slice.bmp
[2026-01-17 10:14:26.665] Render: slice=100, maxSize=1205
[2026-01-17 10:14:26.665] RenderSlice(dim=2, slice=100, maxSize=1205) | 
[2026-01-17 10:14:26.665] RenderSlice(dim=2, slice=100, maxSize=1205) | VDS (3D) | Dims: 368 x 368 x 368 | Mode: SINGLE_THREADED | 
[2026-01-17 10:14:26.665] RenderSlice(dim=2, slice=100, maxSize=1205) | VDS (3D) | Dims: 368 x 368 x 368 | Mode: SINGLE_THREADED | Requesting 368x368 slice... | 
[2026-01-17 10:14:26.665] RenderSlice(dim=2, slice=100, maxSize=1205) | VDS (3D) | Dims: 368 x 368 x 368 | Mode: SINGLE_THREADED | Requesting 368x368 slice... | Request created, waiting for completion... | 
[2026-01-17 10:14:26.665] RenderSlice(dim=2, slice=100, maxSize=1205) | VDS (3D) | Dims: 368 x 368 x 368 | Mode: SINGLE_THREADED | Requesting 368x368 slice... | Request created, waiting for completion... | Slice: Inline 101/368 | Output: 368 x 368 | Raw: min=-3.21e+02 max=2.76e+02 mean=-2.49e-02 | 
[2026-01-17 10:14:26.673] [VDS] RenderSlice(dim=2, slice=100, maxSize=1205)
[2026-01-17 10:14:26.673] [VDS] VDS (3D)
[2026-01-17 10:14:26.673] [VDS] Dims: 368 x 368 x 368
[2026-01-17 10:14:26.673] [VDS] Mode: SINGLE_THREADED
[2026-01-17 10:14:26.673] [VDS] Requesting 368x368 slice...
[2026-01-17 10:14:26.673] [VDS] Request created, waiting for completion...
[2026-01-17 10:14:26.673] [VDS] Slice: Inline 101/368
[2026-01-17 10:14:26.673] [VDS] Output: 368 x 368
[2026-01-17 10:14:26.673] [VDS] Raw: min=-3.21e+02 max=2.76e+02 mean=-2.49e-02
[2026-01-17 10:14:26.673] [VDS] Saved: C:\Users\jonathan\AppData\LocalLow\Temp\openvds-preview-slice.bmp
[2026-01-17 10:14:26.703] Render: slice=98, maxSize=1205
[2026-01-17 10:14:26.703] RenderSlice(dim=2, slice=98, maxSize=1205) | 
[2026-01-17 10:14:26.703] RenderSlice(dim=2, slice=98, maxSize=1205) | VDS (3D) | Dims: 368 x 368 x 368 | Mode: SINGLE_THREADED | 
[2026-01-17 10:14:26.703] RenderSlice(dim=2, slice=98, maxSize=1205) | VDS (3D) | Dims: 368 x 368 x 368 | Mode: SINGLE_THREADED | Requesting 368x368 slice... | 
[2026-01-17 10:14:26.703] RenderSlice(dim=2, slice=98, maxSize=1205) | VDS (3D) | Dims: 368 x 368 x 368 | Mode: SINGLE_THREADED | Requesting 368x368 slice... | Request created, waiting for completion... | 
[2026-01-17 10:14:26.703] RenderSlice(dim=2, slice=98, maxSize=1205) | VDS (3D) | Dims: 368 x 368 x 368 | Mode: SINGLE_THREADED | Requesting 368x368 slice... | Request created, waiting for completion... | Slice: Inline 99/368 | Output: 368 x 368 | Raw: min=-3.06e+02 max=2.76e+02 mean=-3.11e-02 | 
[2026-01-17 10:14:26.718] [VDS] RenderSlice(dim=2, slice=98, maxSize=1205)
[2026-01-17 10:14:26.718] [VDS] VDS (3D)
[2026-01-17 10:14:26.718] [VDS] Dims: 368 x 368 x 368
[2026-01-17 10:14:26.718] [VDS] Mode: SINGLE_THREADED
[2026-01-17 10:14:26.718] [VDS] Requesting 368x368 slice...
[2026-01-17 10:14:26.718] [VDS] Request created, waiting for completion...
[2026-01-17 10:14:26.718] [VDS] Slice: Inline 99/368
[2026-01-17 10:14:26.718] [VDS] Output: 368 x 368
[2026-01-17 10:14:26.718] [VDS] Raw: min=-3.06e+02 max=2.76e+02 mean=-3.11e-02
[2026-01-17 10:14:26.718] [VDS] Saved: C:\Users\jonathan\AppData\LocalLow\Temp\openvds-preview-slice.bmp
[2026-01-17 10:14:26.750] Render: slice=97, maxSize=1205
[2026-01-17 10:14:26.750] RenderSlice(dim=2, slice=97, maxSize=1205) | 
[2026-01-17 10:14:26.750] RenderSlice(dim=2, slice=97, maxSize=1205) | VDS (3D) | Dims: 368 x 368 x 368 | Mode: SINGLE_THREADED | 
[2026-01-17 10:14:26.750] RenderSlice(dim=2, slice=97, maxSize=1205) | VDS (3D) | Dims: 368 x 368 x 368 | Mode: SINGLE_THREADED | Requesting 368x368 slice... | 
[2026-01-17 10:14:26.750] RenderSlice(dim=2, slice=97, maxSize=1205) | VDS (3D) | Dims: 368 x 368 x 368 | Mode: SINGLE_THREADED | Requesting 368x368 slice... | Request created, waiting for completion... | 
[2026-01-17 10:14:26.754] RenderSlice(dim=2, slice=97, maxSize=1205) | VDS (3D) | Dims: 368 x 368 x 368 | Mode: SINGLE_THREADED | Requesting 368x368 slice... | Request created, waiting for completion... | Slice: Inline 98/368 | Output: 368 x 368 | Raw: min=-2.99e+02 max=2.89e+02 mean=-1.77e-02 | 
[2026-01-17 10:14:26.754] [VDS] RenderSlice(dim=2, slice=97, maxSize=1205)
[2026-01-17 10:14:26.754] [VDS] VDS (3D)
[2026-01-17 10:14:26.754] [VDS] Dims: 368 x 368 x 368
[2026-01-17 10:14:26.754] [VDS] Mode: SINGLE_THREADED
[2026-01-17 10:14:26.754] [VDS] Requesting 368x368 slice...
[2026-01-17 10:14:26.754] [VDS] Request created, waiting for completion...
[2026-01-17 10:14:26.754] [VDS] Slice: Inline 98/368
[2026-01-17 10:14:26.754] [VDS] Output: 368 x 368
[2026-01-17 10:14:26.754] [VDS] Raw: min=-2.99e+02 max=2.89e+02 mean=-1.77e-02
[2026-01-17 10:14:26.754] [VDS] Saved: C:\Users\jonathan\AppData\LocalLow\Temp\openvds-preview-slice.bmp
[2026-01-17 10:14:26.782] Render: slice=96, maxSize=1205
[2026-01-17 10:14:26.782] RenderSlice(dim=2, slice=96, maxSize=1205) | 
[2026-01-17 10:14:26.782] RenderSlice(dim=2, slice=96, maxSize=1205) | VDS (3D) | Dims: 368 x 368 x 368 | Mode: SINGLE_THREADED | 
[2026-01-17 10:14:26.782] RenderSlice(dim=2, slice=96, maxSize=1205) | VDS (3D) | Dims: 368 x 368 x 368 | Mode: SINGLE_THREADED | Requesting 368x368 slice... | 
[2026-01-17 10:14:26.782] RenderSlice(dim=2, slice=96, maxSize=1205) | VDS (3D) | Dims: 368 x 368 x 368 | Mode: SINGLE_THREADED | Requesting 368x368 slice... | Request created, waiting for completion... | 
[2026-01-17 10:14:26.782] RenderSlice(dim=2, slice=96, maxSize=1205) | VDS (3D) | Dims: 368 x 368 x 368 | Mode: SINGLE_THREADED | Requesting 368x368 slice... | Request created, waiting for completion... | Slice: Inline 97/368 | Output: 368 x 368 | Raw: min=-3.02e+02 max=2.84e+02 mean=-1.55e-02 | 
[2026-01-17 10:14:26.797] [VDS] RenderSlice(dim=2, slice=96, maxSize=1205)
[2026-01-17 10:14:26.797] [VDS] VDS (3D)
[2026-01-17 10:14:26.797] [VDS] Dims: 368 x 368 x 368
[2026-01-17 10:14:26.797] [VDS] Mode: SINGLE_THREADED
[2026-01-17 10:14:26.797] [VDS] Requesting 368x368 slice...
[2026-01-17 10:14:26.813] [VDS] Request created, waiting for completion...
[2026-01-17 10:14:26.813] [VDS] Slice: Inline 97/368
[2026-01-17 10:14:26.813] [VDS] Output: 368 x 368
[2026-01-17 10:14:26.813] [VDS] Raw: min=-3.02e+02 max=2.84e+02 mean=-1.55e-02
[2026-01-17 10:14:26.813] [VDS] Saved: C:\Users\jonathan\AppData\LocalLow\Temp\openvds-preview-slice.bmp
[2026-01-17 10:14:26.829] Render: slice=95, maxSize=1205
[2026-01-17 10:14:26.829] RenderSlice(dim=2, slice=95, maxSize=1205) | 
[2026-01-17 10:14:26.829] RenderSlice(dim=2, slice=95, maxSize=1205) | VDS (3D) | Dims: 368 x 368 x 368 | Mode: SINGLE_THREADED | 
[2026-01-17 10:14:26.829] RenderSlice(dim=2, slice=95, maxSize=1205) | VDS (3D) | Dims: 368 x 368 x 368 | Mode: SINGLE_THREADED | Requesting 368x368 slice... | 
[2026-01-17 10:14:26.829] RenderSlice(dim=2, slice=95, maxSize=1205) | VDS (3D) | Dims: 368 x 368 x 368 | Mode: SINGLE_THREADED | Requesting 368x368 slice... | Request created, waiting for completion... | 
[2026-01-17 10:14:26.829] RenderSlice(dim=2, slice=95, maxSize=1205) | VDS (3D) | Dims: 368 x 368 x 368 | Mode: SINGLE_THREADED | Requesting 368x368 slice... | Request created, waiting for completion... | Slice: Inline 96/368 | Output: 368 x 368 | Raw: min=-3.03e+02 max=2.66e+02 mean=-3.57e-02 | 
[2026-01-17 10:14:26.845] [VDS] RenderSlice(dim=2, slice=95, maxSize=1205)
[2026-01-17 10:14:26.845] [VDS] VDS (3D)
[2026-01-17 10:14:26.845] [VDS] Dims: 368 x 368 x 368
[2026-01-17 10:14:26.845] [VDS] Mode: SINGLE_THREADED
[2026-01-17 10:14:26.845] [VDS] Requesting 368x368 slice...
[2026-01-17 10:14:26.845] [VDS] Request created, waiting for completion...
[2026-01-17 10:14:26.845] [VDS] Slice: Inline 96/368
[2026-01-17 10:14:26.845] [VDS] Output: 368 x 368
[2026-01-17 10:14:26.845] [VDS] Raw: min=-3.03e+02 max=2.66e+02 mean=-3.57e-02
[2026-01-17 10:14:26.845] [VDS] Saved: C:\Users\jonathan\AppData\LocalLow\Temp\openvds-preview-slice.bmp
[2026-01-17 10:14:27.168] Render: slice=94, maxSize=1205
[2026-01-17 10:14:27.168] RenderSlice(dim=2, slice=94, maxSize=1205) | 
[2026-01-17 10:14:27.168] RenderSlice(dim=2, slice=94, maxSize=1205) | VDS (3D) | Dims: 368 x 368 x 368 | Mode: SINGLE_THREADED | 
[2026-01-17 10:14:27.168] RenderSlice(dim=2, slice=94, maxSize=1205) | VDS (3D) | Dims: 368 x 368 x 368 | Mode: SINGLE_THREADED | Requesting 368x368 slice... | 
[2026-01-17 10:14:27.168] RenderSlice(dim=2, slice=94, maxSize=1205) | VDS (3D) | Dims: 368 x 368 x 368 | Mode: SINGLE_THREADED | Requesting 368x368 slice... | Request created, waiting for completion... | 
[2026-01-17 10:14:27.168] RenderSlice(dim=2, slice=94, maxSize=1205) | VDS (3D) | Dims: 368 x 368 x 368 | Mode: SINGLE_THREADED | Requesting 368x368 slice... | Request created, waiting for completion... | Slice: Inline 95/368 | Output: 368 x 368 | Raw: min=-3.11e+02 max=2.64e+02 mean=-4.24e-02 | 
[2026-01-17 10:14:27.177] [VDS] RenderSlice(dim=2, slice=94, maxSize=1205)
[2026-01-17 10:14:27.177] [VDS] VDS (3D)
[2026-01-17 10:14:27.179] [VDS] Dims: 368 x 368 x 368
[2026-01-17 10:14:27.179] [VDS] Mode: SINGLE_THREADED
[2026-01-17 10:14:27.179] [VDS] Requesting 368x368 slice...
[2026-01-17 10:14:27.179] [VDS] Request created, waiting for completion...
[2026-01-17 10:14:27.181] [VDS] Slice: Inline 95/368
[2026-01-17 10:14:27.181] [VDS] Output: 368 x 368
[2026-01-17 10:14:27.181] [VDS] Raw: min=-3.11e+02 max=2.64e+02 mean=-4.24e-02
[2026-01-17 10:14:27.181] [VDS] Saved: C:\Users\jonathan\AppData\LocalLow\Temp\openvds-preview-slice.bmp
[2026-01-17 10:14:27.199] Render: slice=93, maxSize=1205
[2026-01-17 10:14:27.199] RenderSlice(dim=2, slice=93, maxSize=1205) | 
[2026-01-17 10:14:27.199] RenderSlice(dim=2, slice=93, maxSize=1205) | VDS (3D) | Dims: 368 x 368 x 368 | Mode: SINGLE_THREADED | 
[2026-01-17 10:14:27.199] RenderSlice(dim=2, slice=93, maxSize=1205) | VDS (3D) | Dims: 368 x 368 x 368 | Mode: SINGLE_THREADED | Requesting 368x368 slice... | 
[2026-01-17 10:14:27.199] RenderSlice(dim=2, slice=93, maxSize=1205) | VDS (3D) | Dims: 368 x 368 x 368 | Mode: SINGLE_THREADED | Requesting 368x368 slice... | Request created, waiting for completion... | 
[2026-01-17 10:14:27.215] RenderSlice(dim=2, slice=93, maxSize=1205) | VDS (3D) | Dims: 368 x 368 x 368 | Mode: SINGLE_THREADED | Requesting 368x368 slice... | Request created, waiting for completion... | Slice: Inline 94/368 | Output: 368 x 368 | Raw: min=-3.22e+02 max=2.94e+02 mean=-5.69e-02 | 
[2026-01-17 10:14:27.215] [VDS] RenderSlice(dim=2, slice=93, maxSize=1205)
[2026-01-17 10:14:27.215] [VDS] VDS (3D)
[2026-01-17 10:14:27.231] [VDS] Dims: 368 x 368 x 368
[2026-01-17 10:14:27.231] [VDS] Mode: SINGLE_THREADED
[2026-01-17 10:14:27.231] [VDS] Requesting 368x368 slice...
[2026-01-17 10:14:27.231] [VDS] Request created, waiting for completion...
[2026-01-17 10:14:27.231] [VDS] Slice: Inline 94/368
[2026-01-17 10:14:27.231] [VDS] Output: 368 x 368
[2026-01-17 10:14:27.231] [VDS] Raw: min=-3.22e+02 max=2.94e+02 mean=-5.69e-02
[2026-01-17 10:14:27.231] [VDS] Saved: C:\Users\jonathan\AppData\LocalLow\Temp\openvds-preview-slice.bmp
[2026-01-17 10:14:27.263] Render: slice=90, maxSize=1205
[2026-01-17 10:14:27.263] RenderSlice(dim=2, slice=90, maxSize=1205) | 
[2026-01-17 10:14:27.263] RenderSlice(dim=2, slice=90, maxSize=1205) | VDS (3D) | Dims: 368 x 368 x 368 | Mode: SINGLE_THREADED | 
[2026-01-17 10:14:27.263] RenderSlice(dim=2, slice=90, maxSize=1205) | VDS (3D) | Dims: 368 x 368 x 368 | Mode: SINGLE_THREADED | Requesting 368x368 slice... | 
[2026-01-17 10:14:27.263] RenderSlice(dim=2, slice=90, maxSize=1205) | VDS (3D) | Dims: 368 x 368 x 368 | Mode: SINGLE_THREADED | Requesting 368x368 slice... | Request created, waiting for completion... | 
[2026-01-17 10:14:27.263] RenderSlice(dim=2, slice=90, maxSize=1205) | VDS (3D) | Dims: 368 x 368 x 368 | Mode: SINGLE_THREADED | Requesting 368x368 slice... | Request created, waiting for completion... | Slice: Inline 91/368 | Output: 368 x 368 | Raw: min=-3.10e+02 max=2.39e+02 mean=-1.80e-02 | 
[2026-01-17 10:14:27.263] [VDS] RenderSlice(dim=2, slice=90, maxSize=1205)
[2026-01-17 10:14:27.279] [VDS] VDS (3D)
[2026-01-17 10:14:27.279] [VDS] Dims: 368 x 368 x 368
[2026-01-17 10:14:27.279] [VDS] Mode: SINGLE_THREADED
[2026-01-17 10:14:27.279] [VDS] Requesting 368x368 slice...
[2026-01-17 10:14:27.279] [VDS] Request created, waiting for completion...
[2026-01-17 10:14:27.279] [VDS] Slice: Inline 91/368
[2026-01-17 10:14:27.279] [VDS] Output: 368 x 368
[2026-01-17 10:14:27.279] [VDS] Raw: min=-3.10e+02 max=2.39e+02 mean=-1.80e-02
[2026-01-17 10:14:27.279] [VDS] Saved: C:\Users\jonathan\AppData\LocalLow\Temp\openvds-preview-slice.bmp
[2026-01-17 10:14:27.295] Render: slice=88, maxSize=1205
[2026-01-17 10:14:27.311] RenderSlice(dim=2, slice=88, maxSize=1205) | 
[2026-01-17 10:14:27.311] RenderSlice(dim=2, slice=88, maxSize=1205) | VDS (3D) | Dims: 368 x 368 x 368 | Mode: SINGLE_THREADED | 
[2026-01-17 10:14:27.311] RenderSlice(dim=2, slice=88, maxSize=1205) | VDS (3D) | Dims: 368 x 368 x 368 | Mode: SINGLE_THREADED | Requesting 368x368 slice... | 
[2026-01-17 10:14:27.311] RenderSlice(dim=2, slice=88, maxSize=1205) | VDS (3D) | Dims: 368 x 368 x 368 | Mode: SINGLE_THREADED | Requesting 368x368 slice... | Request created, waiting for completion... | 
[2026-01-17 10:14:27.327] RenderSlice(dim=2, slice=88, maxSize=1205) | VDS (3D) | Dims: 368 x 368 x 368 | Mode: SINGLE_THREADED | Requesting 368x368 slice... | Request created, waiting for completion... | Slice: Inline 89/368 | Output: 368 x 368 | Raw: min=-2.99e+02 max=2.61e+02 mean=8.13e-03 | 
[2026-01-17 10:14:27.327] [VDS] RenderSlice(dim=2, slice=88, maxSize=1205)
[2026-01-17 10:14:27.327] [VDS] VDS (3D)
[2026-01-17 10:14:27.327] [VDS] Dims: 368 x 368 x 368
[2026-01-17 10:14:27.327] [VDS] Mode: SINGLE_THREADED
[2026-01-17 10:14:27.327] [VDS] Requesting 368x368 slice...
[2026-01-17 10:14:27.327] [VDS] Request created, waiting for completion...
[2026-01-17 10:14:27.327] [VDS] Slice: Inline 89/368
[2026-01-17 10:14:27.327] [VDS] Output: 368 x 368
[2026-01-17 10:14:27.327] [VDS] Raw: min=-2.99e+02 max=2.61e+02 mean=8.13e-03
[2026-01-17 10:14:27.327] [VDS] Saved: C:\Users\jonathan\AppData\LocalLow\Temp\openvds-preview-slice.bmp
[2026-01-17 10:14:27.343] Render: slice=87, maxSize=1205
[2026-01-17 10:14:27.343] RenderSlice(dim=2, slice=87, maxSize=1205) | 
[2026-01-17 10:14:27.343] RenderSlice(dim=2, slice=87, maxSize=1205) | VDS (3D) | Dims: 368 x 368 x 368 | Mode: SINGLE_THREADED | 
[2026-01-17 10:14:27.343] RenderSlice(dim=2, slice=87, maxSize=1205) | VDS (3D) | Dims: 368 x 368 x 368 | Mode: SINGLE_THREADED | Requesting 368x368 slice... | 
[2026-01-17 10:14:27.359] RenderSlice(dim=2, slice=87, maxSize=1205) | VDS (3D) | Dims: 368 x 368 x 368 | Mode: SINGLE_THREADED | Requesting 368x368 slice... | Request created, waiting for completion... | 
[2026-01-17 10:14:27.359] RenderSlice(dim=2, slice=87, maxSize=1205) | VDS (3D) | Dims: 368 x 368 x 368 | Mode: SINGLE_THREADED | Requesting 368x368 slice... | Request created, waiting for completion... | Slice: Inline 88/368 | Output: 368 x 368 | Raw: min=-2.63e+02 max=2.73e+02 mean=-3.28e-03 | 
[2026-01-17 10:14:27.359] [VDS] RenderSlice(dim=2, slice=87, maxSize=1205)
[2026-01-17 10:14:27.359] [VDS] VDS (3D)
[2026-01-17 10:14:27.359] [VDS] Dims: 368 x 368 x 368
[2026-01-17 10:14:27.359] [VDS] Mode: SINGLE_THREADED
[2026-01-17 10:14:27.359] [VDS] Requesting 368x368 slice...
[2026-01-17 10:14:27.359] [VDS] Request created, waiting for completion...
[2026-01-17 10:14:27.359] [VDS] Slice: Inline 88/368
[2026-01-17 10:14:27.359] [VDS] Output: 368 x 368
[2026-01-17 10:14:27.359] [VDS] Raw: min=-2.63e+02 max=2.73e+02 mean=-3.28e-03
[2026-01-17 10:14:27.359] [VDS] Saved: C:\Users\jonathan\AppData\LocalLow\Temp\openvds-preview-slice.bmp
[2026-01-17 10:14:27.715] Render: slice=86, maxSize=1205
[2026-01-17 10:14:27.715] RenderSlice(dim=2, slice=86, maxSize=1205) | 
[2026-01-17 10:14:27.715] RenderSlice(dim=2, slice=86, maxSize=1205) | VDS (3D) | Dims: 368 x 368 x 368 | Mode: SINGLE_THREADED | 
[2026-01-17 10:14:27.715] RenderSlice(dim=2, slice=86, maxSize=1205) | VDS (3D) | Dims: 368 x 368 x 368 | Mode: SINGLE_THREADED | Requesting 368x368 slice... | 
[2026-01-17 10:14:27.715] RenderSlice(dim=2, slice=86, maxSize=1205) | VDS (3D) | Dims: 368 x 368 x 368 | Mode: SINGLE_THREADED | Requesting 368x368 slice... | Request created, waiting for completion... | 
[2026-01-17 10:14:27.715] RenderSlice(dim=2, slice=86, maxSize=1205) | VDS (3D) | Dims: 368 x 368 x 368 | Mode: SINGLE_THREADED | Requesting 368x368 slice... | Request created, waiting for completion... | Slice: Inline 87/368 | Output: 368 x 368 | Raw: min=-2.82e+02 max=2.93e+02 mean=-2.09e-02 | 
[2026-01-17 10:14:27.715] [VDS] RenderSlice(dim=2, slice=86, maxSize=1205)
[2026-01-17 10:14:27.715] [VDS] VDS (3D)
[2026-01-17 10:14:27.715] [VDS] Dims: 368 x 368 x 368
[2026-01-17 10:14:27.715] [VDS] Mode: SINGLE_THREADED
[2026-01-17 10:14:27.715] [VDS] Requesting 368x368 slice...
[2026-01-17 10:14:27.715] [VDS] Request created, waiting for completion...
[2026-01-17 10:14:27.715] [VDS] Slice: Inline 87/368
[2026-01-17 10:14:27.715] [VDS] Output: 368 x 368
[2026-01-17 10:14:27.715] [VDS] Raw: min=-2.82e+02 max=2.93e+02 mean=-2.09e-02
[2026-01-17 10:14:27.715] [VDS] Saved: C:\Users\jonathan\AppData\LocalLow\Temp\openvds-preview-slice.bmp
[2026-01-17 10:14:27.744] Render: slice=85, maxSize=1205
[2026-01-17 10:14:27.746] RenderSlice(dim=2, slice=85, maxSize=1205) | 
[2026-01-17 10:14:27.746] RenderSlice(dim=2, slice=85, maxSize=1205) | VDS (3D) | Dims: 368 x 368 x 368 | Mode: SINGLE_THREADED | 
[2026-01-17 10:14:27.746] RenderSlice(dim=2, slice=85, maxSize=1205) | VDS (3D) | Dims: 368 x 368 x 368 | Mode: SINGLE_THREADED | Requesting 368x368 slice... | 
[2026-01-17 10:14:27.746] RenderSlice(dim=2, slice=85, maxSize=1205) | VDS (3D) | Dims: 368 x 368 x 368 | Mode: SINGLE_THREADED | Requesting 368x368 slice... | Request created, waiting for completion... | 
[2026-01-17 10:14:27.747] RenderSlice(dim=2, slice=85, maxSize=1205) | VDS (3D) | Dims: 368 x 368 x 368 | Mode: SINGLE_THREADED | Requesting 368x368 slice... | Request created, waiting for completion... | Slice: Inline 86/368 | Output: 368 x 368 | Raw: min=-3.26e+02 max=2.98e+02 mean=-3.09e-02 | 
[2026-01-17 10:14:27.747] [VDS] RenderSlice(dim=2, slice=85, maxSize=1205)
[2026-01-17 10:14:27.747] [VDS] VDS (3D)
[2026-01-17 10:14:27.747] [VDS] Dims: 368 x 368 x 368
[2026-01-17 10:14:27.747] [VDS] Mode: SINGLE_THREADED
[2026-01-17 10:14:27.747] [VDS] Requesting 368x368 slice...
[2026-01-17 10:14:27.747] [VDS] Request created, waiting for completion...
[2026-01-17 10:14:27.747] [VDS] Slice: Inline 86/368
[2026-01-17 10:14:27.747] [VDS] Output: 368 x 368
[2026-01-17 10:14:27.747] [VDS] Raw: min=-3.26e+02 max=2.98e+02 mean=-3.09e-02
[2026-01-17 10:14:27.747] [VDS] Saved: C:\Users\jonathan\AppData\LocalLow\Temp\openvds-preview-slice.bmp
[2026-01-17 10:14:27.755] Render: slice=84, maxSize=1205
[2026-01-17 10:14:27.757] RenderSlice(dim=2, slice=84, maxSize=1205) | 
[2026-01-17 10:14:27.757] RenderSlice(dim=2, slice=84, maxSize=1205) | VDS (3D) | Dims: 368 x 368 x 368 | Mode: SINGLE_THREADED | 
[2026-01-17 10:14:27.757] RenderSlice(dim=2, slice=84, maxSize=1205) | VDS (3D) | Dims: 368 x 368 x 368 | Mode: SINGLE_THREADED | Requesting 368x368 slice... | 
[2026-01-17 10:14:27.757] RenderSlice(dim=2, slice=84, maxSize=1205) | VDS (3D) | Dims: 368 x 368 x 368 | Mode: SINGLE_THREADED | Requesting 368x368 slice... | Request created, waiting for completion... | 
[2026-01-17 10:14:27.757] RenderSlice(dim=2, slice=84, maxSize=1205) | VDS (3D) | Dims: 368 x 368 x 368 | Mode: SINGLE_THREADED | Requesting 368x368 slice... | Request created, waiting for completion... | Slice: Inline 85/368 | Output: 368 x 368 | Raw: min=-3.19e+02 max=2.93e+02 mean=-1.65e-02 | 
[2026-01-17 10:14:27.762] [VDS] RenderSlice(dim=2, slice=84, maxSize=1205)
[2026-01-17 10:14:27.768] [VDS] VDS (3D)
[2026-01-17 10:14:27.768] [VDS] Dims: 368 x 368 x 368
[2026-01-17 10:14:27.768] [VDS] Mode: SINGLE_THREADED
[2026-01-17 10:14:27.768] [VDS] Requesting 368x368 slice...
[2026-01-17 10:14:27.768] [VDS] Request created, waiting for completion...
[2026-01-17 10:14:27.768] [VDS] Slice: Inline 85/368
[2026-01-17 10:14:27.768] [VDS] Output: 368 x 368
[2026-01-17 10:14:27.768] [VDS] Raw: min=-3.19e+02 max=2.93e+02 mean=-1.65e-02
[2026-01-17 10:14:27.768] [VDS] Saved: C:\Users\jonathan\AppData\LocalLow\Temp\openvds-preview-slice.bmp
[2026-01-17 10:14:27.794] Render: slice=82, maxSize=1205
[2026-01-17 10:14:27.794] RenderSlice(dim=2, slice=82, maxSize=1205) | 
[2026-01-17 10:14:27.794] RenderSlice(dim=2, slice=82, maxSize=1205) | VDS (3D) | Dims: 368 x 368 x 368 | Mode: SINGLE_THREADED | 
[2026-01-17 10:14:27.794] RenderSlice(dim=2, slice=82, maxSize=1205) | VDS (3D) | Dims: 368 x 368 x 368 | Mode: SINGLE_THREADED | Requesting 368x368 slice... | 
[2026-01-17 10:14:27.794] RenderSlice(dim=2, slice=82, maxSize=1205) | VDS (3D) | Dims: 368 x 368 x 368 | Mode: SINGLE_THREADED | Requesting 368x368 slice... | Request created, waiting for completion... | 
[2026-01-17 10:14:27.794] RenderSlice(dim=2, slice=82, maxSize=1205) | VDS (3D) | Dims: 368 x 368 x 368 | Mode: SINGLE_THREADED | Requesting 368x368 slice... | Request created, waiting for completion... | Slice: Inline 83/368 | Output: 368 x 368 | Raw: min=-3.84e+02 max=3.04e+02 mean=-2.42e-02 | 
[2026-01-17 10:14:27.811] [VDS] RenderSlice(dim=2, slice=82, maxSize=1205)
[2026-01-17 10:14:27.811] [VDS] VDS (3D)
[2026-01-17 10:14:27.811] [VDS] Dims: 368 x 368 x 368
[2026-01-17 10:14:27.811] [VDS] Mode: SINGLE_THREADED
[2026-01-17 10:14:27.811] [VDS] Requesting 368x368 slice...
[2026-01-17 10:14:27.811] [VDS] Request created, waiting for completion...
[2026-01-17 10:14:27.811] [VDS] Slice: Inline 83/368
[2026-01-17 10:14:27.811] [VDS] Output: 368 x 368
[2026-01-17 10:14:27.811] [VDS] Raw: min=-3.84e+02 max=3.04e+02 mean=-2.42e-02
[2026-01-17 10:14:27.811] [VDS] Saved: C:\Users\jonathan\AppData\LocalLow\Temp\openvds-preview-slice.bmp
[2026-01-17 10:14:27.825] Render: slice=80, maxSize=1205
[2026-01-17 10:14:27.841] RenderSlice(dim=2, slice=80, maxSize=1205) | 
[2026-01-17 10:14:27.841] RenderSlice(dim=2, slice=80, maxSize=1205) | VDS (3D) | Dims: 368 x 368 x 368 | Mode: SINGLE_THREADED | 
[2026-01-17 10:14:27.841] RenderSlice(dim=2, slice=80, maxSize=1205) | VDS (3D) | Dims: 368 x 368 x 368 | Mode: SINGLE_THREADED | Requesting 368x368 slice... | 
[2026-01-17 10:14:27.841] RenderSlice(dim=2, slice=80, maxSize=1205) | VDS (3D) | Dims: 368 x 368 x 368 | Mode: SINGLE_THREADED | Requesting 368x368 slice... | Request created, waiting for completion... | 
[2026-01-17 10:14:27.841] RenderSlice(dim=2, slice=80, maxSize=1205) | VDS (3D) | Dims: 368 x 368 x 368 | Mode: SINGLE_THREADED | Requesting 368x368 slice... | Request created, waiting for completion... | Slice: Inline 81/368 | Output: 368 x 368 | Raw: min=-3.51e+02 max=3.05e+02 mean=-5.09e-03 | 
[2026-01-17 10:14:27.841] [VDS] RenderSlice(dim=2, slice=80, maxSize=1205)
[2026-01-17 10:14:27.841] [VDS] VDS (3D)
[2026-01-17 10:14:27.841] [VDS] Dims: 368 x 368 x 368
[2026-01-17 10:14:27.841] [VDS] Mode: SINGLE_THREADED
[2026-01-17 10:14:27.841] [VDS] Requesting 368x368 slice...
[2026-01-17 10:14:27.841] [VDS] Request created, waiting for completion...
[2026-01-17 10:14:27.841] [VDS] Slice: Inline 81/368
[2026-01-17 10:14:27.857] [VDS] Output: 368 x 368
[2026-01-17 10:14:27.857] [VDS] Raw: min=-3.51e+02 max=3.05e+02 mean=-5.09e-03
[2026-01-17 10:14:27.857] [VDS] Saved: C:\Users\jonathan\AppData\LocalLow\Temp\openvds-preview-slice.bmp
[2026-01-17 10:14:27.873] Render: slice=79, maxSize=1205
[2026-01-17 10:14:27.873] RenderSlice(dim=2, slice=79, maxSize=1205) | 
[2026-01-17 10:14:27.873] RenderSlice(dim=2, slice=79, maxSize=1205) | VDS (3D) | Dims: 368 x 368 x 368 | Mode: SINGLE_THREADED | 
[2026-01-17 10:14:27.873] RenderSlice(dim=2, slice=79, maxSize=1205) | VDS (3D) | Dims: 368 x 368 x 368 | Mode: SINGLE_THREADED | Requesting 368x368 slice... | 
[2026-01-17 10:14:27.873] RenderSlice(dim=2, slice=79, maxSize=1205) | VDS (3D) | Dims: 368 x 368 x 368 | Mode: SINGLE_THREADED | Requesting 368x368 slice... | Request created, waiting for completion... | 
[2026-01-17 10:14:27.889] RenderSlice(dim=2, slice=79, maxSize=1205) | VDS (3D) | Dims: 368 x 368 x 368 | Mode: SINGLE_THREADED | Requesting 368x368 slice... | Request created, waiting for completion... | Slice: Inline 80/368 | Output: 368 x 368 | Raw: min=-3.06e+02 max=3.05e+02 mean=2.07e-02 | 
[2026-01-17 10:14:27.889] [VDS] RenderSlice(dim=2, slice=79, maxSize=1205)
[2026-01-17 10:14:27.889] [VDS] VDS (3D)
[2026-01-17 10:14:27.889] [VDS] Dims: 368 x 368 x 368
[2026-01-17 10:14:27.889] [VDS] Mode: SINGLE_THREADED
[2026-01-17 10:14:27.889] [VDS] Requesting 368x368 slice...
[2026-01-17 10:14:27.889] [VDS] Request created, waiting for completion...
[2026-01-17 10:14:27.889] [VDS] Slice: Inline 80/368
[2026-01-17 10:14:27.889] [VDS] Output: 368 x 368
[2026-01-17 10:14:27.889] [VDS] Raw: min=-3.06e+02 max=3.05e+02 mean=2.07e-02
[2026-01-17 10:14:27.889] [VDS] Saved: C:\Users\jonathan\AppData\LocalLow\Temp\openvds-preview-slice.bmp
[2026-01-17 10:14:28.270] Render: slice=78, maxSize=1205
[2026-01-17 10:14:28.270] RenderSlice(dim=2, slice=78, maxSize=1205) | 
[2026-01-17 10:14:28.270] RenderSlice(dim=2, slice=78, maxSize=1205) | VDS (3D) | Dims: 368 x 368 x 368 | Mode: SINGLE_THREADED | 
[2026-01-17 10:14:28.270] RenderSlice(dim=2, slice=78, maxSize=1205) | VDS (3D) | Dims: 368 x 368 x 368 | Mode: SINGLE_THREADED | Requesting 368x368 slice... | 
[2026-01-17 10:14:28.270] RenderSlice(dim=2, slice=78, maxSize=1205) | VDS (3D) | Dims: 368 x 368 x 368 | Mode: SINGLE_THREADED | Requesting 368x368 slice... | Request created, waiting for completion... | 
[2026-01-17 10:14:28.270] RenderSlice(dim=2, slice=78, maxSize=1205) | VDS (3D) | Dims: 368 x 368 x 368 | Mode: SINGLE_THREADED | Requesting 368x368 slice... | Request created, waiting for completion... | Slice: Inline 79/368 | Output: 368 x 368 | Raw: min=-2.78e+02 max=3.08e+02 mean=1.69e-02 | 
[2026-01-17 10:14:28.272] [VDS] RenderSlice(dim=2, slice=78, maxSize=1205)
[2026-01-17 10:14:28.272] [VDS] VDS (3D)
[2026-01-17 10:14:28.273] [VDS] Dims: 368 x 368 x 368
[2026-01-17 10:14:28.275] [VDS] Mode: SINGLE_THREADED
[2026-01-17 10:14:28.275] [VDS] Requesting 368x368 slice...
[2026-01-17 10:14:28.275] [VDS] Request created, waiting for completion...
[2026-01-17 10:14:28.275] [VDS] Slice: Inline 79/368
[2026-01-17 10:14:28.275] [VDS] Output: 368 x 368
[2026-01-17 10:14:28.275] [VDS] Raw: min=-2.78e+02 max=3.08e+02 mean=1.69e-02
[2026-01-17 10:14:28.275] [VDS] Saved: C:\Users\jonathan\AppData\LocalLow\Temp\openvds-preview-slice.bmp
[2026-01-17 10:14:28.284] Render: slice=77, maxSize=1205
[2026-01-17 10:14:28.284] RenderSlice(dim=2, slice=77, maxSize=1205) | 
[2026-01-17 10:14:28.284] RenderSlice(dim=2, slice=77, maxSize=1205) | VDS (3D) | Dims: 368 x 368 x 368 | Mode: SINGLE_THREADED | 
[2026-01-17 10:14:28.284] RenderSlice(dim=2, slice=77, maxSize=1205) | VDS (3D) | Dims: 368 x 368 x 368 | Mode: SINGLE_THREADED | Requesting 368x368 slice... | 
[2026-01-17 10:14:28.289] RenderSlice(dim=2, slice=77, maxSize=1205) | VDS (3D) | Dims: 368 x 368 x 368 | Mode: SINGLE_THREADED | Requesting 368x368 slice... | Request created, waiting for completion... | 
[2026-01-17 10:14:28.289] RenderSlice(dim=2, slice=77, maxSize=1205) | VDS (3D) | Dims: 368 x 368 x 368 | Mode: SINGLE_THREADED | Requesting 368x368 slice... | Request created, waiting for completion... | Slice: Inline 78/368 | Output: 368 x 368 | Raw: min=-2.90e+02 max=3.16e+02 mean=1.25e-02 | 
[2026-01-17 10:14:28.291] [VDS] RenderSlice(dim=2, slice=77, maxSize=1205)
[2026-01-17 10:14:28.291] [VDS] VDS (3D)
[2026-01-17 10:14:28.291] [VDS] Dims: 368 x 368 x 368
[2026-01-17 10:14:28.291] [VDS] Mode: SINGLE_THREADED
[2026-01-17 10:14:28.291] [VDS] Requesting 368x368 slice...
[2026-01-17 10:14:28.291] [VDS] Request created, waiting for completion...
[2026-01-17 10:14:28.291] [VDS] Slice: Inline 78/368
[2026-01-17 10:14:28.291] [VDS] Output: 368 x 368
[2026-01-17 10:14:28.291] [VDS] Raw: min=-2.90e+02 max=3.16e+02 mean=1.25e-02
[2026-01-17 10:14:28.291] [VDS] Saved: C:\Users\jonathan\AppData\LocalLow\Temp\openvds-preview-slice.bmp
[2026-01-17 10:14:28.307] Render: slice=76, maxSize=1205
[2026-01-17 10:14:28.307] RenderSlice(dim=2, slice=76, maxSize=1205) | 
[2026-01-17 10:14:28.307] RenderSlice(dim=2, slice=76, maxSize=1205) | VDS (3D) | Dims: 368 x 368 x 368 | Mode: SINGLE_THREADED | 
[2026-01-17 10:14:28.307] RenderSlice(dim=2, slice=76, maxSize=1205) | VDS (3D) | Dims: 368 x 368 x 368 | Mode: SINGLE_THREADED | Requesting 368x368 slice... | 
[2026-01-17 10:14:28.307] RenderSlice(dim=2, slice=76, maxSize=1205) | VDS (3D) | Dims: 368 x 368 x 368 | Mode: SINGLE_THREADED | Requesting 368x368 slice... | Request created, waiting for completion... | 
[2026-01-17 10:14:28.320] RenderSlice(dim=2, slice=76, maxSize=1205) | VDS (3D) | Dims: 368 x 368 x 368 | Mode: SINGLE_THREADED | Requesting 368x368 slice... | Request created, waiting for completion... | Slice: Inline 77/368 | Output: 368 x 368 | Raw: min=-2.92e+02 max=3.03e+02 mean=8.77e-03 | 
[2026-01-17 10:14:28.320] [VDS] RenderSlice(dim=2, slice=76, maxSize=1205)
[2026-01-17 10:14:28.320] [VDS] VDS (3D)
[2026-01-17 10:14:28.320] [VDS] Dims: 368 x 368 x 368
[2026-01-17 10:14:28.320] [VDS] Mode: SINGLE_THREADED
[2026-01-17 10:14:28.320] [VDS] Requesting 368x368 slice...
[2026-01-17 10:14:28.320] [VDS] Request created, waiting for completion...
[2026-01-17 10:14:28.320] [VDS] Slice: Inline 77/368
[2026-01-17 10:14:28.320] [VDS] Output: 368 x 368
[2026-01-17 10:14:28.320] [VDS] Raw: min=-2.92e+02 max=3.03e+02 mean=8.77e-03
[2026-01-17 10:14:28.320] [VDS] Saved: C:\Users\jonathan\AppData\LocalLow\Temp\openvds-preview-slice.bmp
[2026-01-17 10:14:28.352] Render: slice=74, maxSize=1205
[2026-01-17 10:14:28.352] RenderSlice(dim=2, slice=74, maxSize=1205) | 
[2026-01-17 10:14:28.352] RenderSlice(dim=2, slice=74, maxSize=1205) | VDS (3D) | Dims: 368 x 368 x 368 | Mode: SINGLE_THREADED | 
[2026-01-17 10:14:28.352] RenderSlice(dim=2, slice=74, maxSize=1205) | VDS (3D) | Dims: 368 x 368 x 368 | Mode: SINGLE_THREADED | Requesting 368x368 slice... | 
[2026-01-17 10:14:28.352] RenderSlice(dim=2, slice=74, maxSize=1205) | VDS (3D) | Dims: 368 x 368 x 368 | Mode: SINGLE_THREADED | Requesting 368x368 slice... | Request created, waiting for completion... | 
[2026-01-17 10:14:28.352] RenderSlice(dim=2, slice=74, maxSize=1205) | VDS (3D) | Dims: 368 x 368 x 368 | Mode: SINGLE_THREADED | Requesting 368x368 slice... | Request created, waiting for completion... | Slice: Inline 75/368 | Output: 368 x 368 | Raw: min=-2.74e+02 max=2.88e+02 mean=-1.02e-02 | 
[2026-01-17 10:14:28.352] [VDS] RenderSlice(dim=2, slice=74, maxSize=1205)
[2026-01-17 10:14:28.352] [VDS] VDS (3D)
[2026-01-17 10:14:28.352] [VDS] Dims: 368 x 368 x 368
[2026-01-17 10:14:28.352] [VDS] Mode: SINGLE_THREADED
[2026-01-17 10:14:28.352] [VDS] Requesting 368x368 slice...
[2026-01-17 10:14:28.352] [VDS] Request created, waiting for completion...
[2026-01-17 10:14:28.352] [VDS] Slice: Inline 75/368
[2026-01-17 10:14:28.352] [VDS] Output: 368 x 368
[2026-01-17 10:14:28.352] [VDS] Raw: min=-2.74e+02 max=2.88e+02 mean=-1.02e-02
[2026-01-17 10:14:28.352] [VDS] Saved: C:\Users\jonathan\AppData\LocalLow\Temp\openvds-preview-slice.bmp
[2026-01-17 10:14:28.384] Render: slice=72, maxSize=1205
[2026-01-17 10:14:28.384] RenderSlice(dim=2, slice=72, maxSize=1205) | 
[2026-01-17 10:14:28.384] RenderSlice(dim=2, slice=72, maxSize=1205) | VDS (3D) | Dims: 368 x 368 x 368 | Mode: SINGLE_THREADED | 
[2026-01-17 10:14:28.384] RenderSlice(dim=2, slice=72, maxSize=1205) | VDS (3D) | Dims: 368 x 368 x 368 | Mode: SINGLE_THREADED | Requesting 368x368 slice... | 
[2026-01-17 10:14:28.384] RenderSlice(dim=2, slice=72, maxSize=1205) | VDS (3D) | Dims: 368 x 368 x 368 | Mode: SINGLE_THREADED | Requesting 368x368 slice... | Request created, waiting for completion... | 
[2026-01-17 10:14:28.384] RenderSlice(dim=2, slice=72, maxSize=1205) | VDS (3D) | Dims: 368 x 368 x 368 | Mode: SINGLE_THREADED | Requesting 368x368 slice... | Request created, waiting for completion... | Slice: Inline 73/368 | Output: 368 x 368 | Raw: min=-2.67e+02 max=2.67e+02 mean=1.87e-03 | 
[2026-01-17 10:14:28.384] [VDS] RenderSlice(dim=2, slice=72, maxSize=1205)
[2026-01-17 10:14:28.384] [VDS] VDS (3D)
[2026-01-17 10:14:28.384] [VDS] Dims: 368 x 368 x 368
[2026-01-17 10:14:28.384] [VDS] Mode: SINGLE_THREADED
[2026-01-17 10:14:28.384] [VDS] Requesting 368x368 slice...
[2026-01-17 10:14:28.384] [VDS] Request created, waiting for completion...
[2026-01-17 10:14:28.400] [VDS] Slice: Inline 73/368
[2026-01-17 10:14:28.400] [VDS] Output: 368 x 368
[2026-01-17 10:14:28.400] [VDS] Raw: min=-2.67e+02 max=2.67e+02 mean=1.87e-03
[2026-01-17 10:14:28.400] [VDS] Saved: C:\Users\jonathan\AppData\LocalLow\Temp\openvds-preview-slice.bmp
[2026-01-17 10:14:28.420] Render: slice=71, maxSize=1205
[2026-01-17 10:14:28.420] RenderSlice(dim=2, slice=71, maxSize=1205) | 
[2026-01-17 10:14:28.420] RenderSlice(dim=2, slice=71, maxSize=1205) | VDS (3D) | Dims: 368 x 368 x 368 | Mode: SINGLE_THREADED | 
[2026-01-17 10:14:28.420] RenderSlice(dim=2, slice=71, maxSize=1205) | VDS (3D) | Dims: 368 x 368 x 368 | Mode: SINGLE_THREADED | Requesting 368x368 slice... | 
[2026-01-17 10:14:28.420] RenderSlice(dim=2, slice=71, maxSize=1205) | VDS (3D) | Dims: 368 x 368 x 368 | Mode: SINGLE_THREADED | Requesting 368x368 slice... | Request created, waiting for completion... | 
[2026-01-17 10:14:28.420] RenderSlice(dim=2, slice=71, maxSize=1205) | VDS (3D) | Dims: 368 x 368 x 368 | Mode: SINGLE_THREADED | Requesting 368x368 slice... | Request created, waiting for completion... | Slice: Inline 72/368 | Output: 368 x 368 | Raw: min=-2.77e+02 max=2.94e+02 mean=1.05e-02 | 
[2026-01-17 10:14:28.420] [VDS] RenderSlice(dim=2, slice=71, maxSize=1205)
[2026-01-17 10:14:28.420] [VDS] VDS (3D)
[2026-01-17 10:14:28.420] [VDS] Dims: 368 x 368 x 368
[2026-01-17 10:14:28.420] [VDS] Mode: SINGLE_THREADED
[2026-01-17 10:14:28.420] [VDS] Requesting 368x368 slice...
[2026-01-17 10:14:28.431] [VDS] Request created, waiting for completion...
[2026-01-17 10:14:28.431] [VDS] Slice: Inline 72/368
[2026-01-17 10:14:28.431] [VDS] Output: 368 x 368
[2026-01-17 10:14:28.431] [VDS] Raw: min=-2.77e+02 max=2.94e+02 mean=1.05e-02
[2026-01-17 10:14:28.435] [VDS] Saved: C:\Users\jonathan\AppData\LocalLow\Temp\openvds-preview-slice.bmp
[2026-01-17 10:14:28.799] Render: slice=70, maxSize=1205
[2026-01-17 10:14:28.799] RenderSlice(dim=2, slice=70, maxSize=1205) | 
[2026-01-17 10:14:28.807] RenderSlice(dim=2, slice=70, maxSize=1205) | VDS (3D) | Dims: 368 x 368 x 368 | Mode: SINGLE_THREADED | 
[2026-01-17 10:14:28.807] RenderSlice(dim=2, slice=70, maxSize=1205) | VDS (3D) | Dims: 368 x 368 x 368 | Mode: SINGLE_THREADED | Requesting 368x368 slice... | 
[2026-01-17 10:14:28.809] RenderSlice(dim=2, slice=70, maxSize=1205) | VDS (3D) | Dims: 368 x 368 x 368 | Mode: SINGLE_THREADED | Requesting 368x368 slice... | Request created, waiting for completion... | 
[2026-01-17 10:14:28.811] RenderSlice(dim=2, slice=70, maxSize=1205) | VDS (3D) | Dims: 368 x 368 x 368 | Mode: SINGLE_THREADED | Requesting 368x368 slice... | Request created, waiting for completion... | Slice: Inline 71/368 | Output: 368 x 368 | Raw: min=-2.78e+02 max=2.88e+02 mean=7.64e-03 | 
[2026-01-17 10:14:28.813] [VDS] RenderSlice(dim=2, slice=70, maxSize=1205)
[2026-01-17 10:14:28.813] [VDS] VDS (3D)
[2026-01-17 10:14:28.813] [VDS] Dims: 368 x 368 x 368
[2026-01-17 10:14:28.813] [VDS] Mode: SINGLE_THREADED
[2026-01-17 10:14:28.813] [VDS] Requesting 368x368 slice...
[2026-01-17 10:14:28.813] [VDS] Request created, waiting for completion...
[2026-01-17 10:14:28.813] [VDS] Slice: Inline 71/368
[2026-01-17 10:14:28.813] [VDS] Output: 368 x 368
[2026-01-17 10:14:28.813] [VDS] Raw: min=-2.78e+02 max=2.88e+02 mean=7.64e-03
[2026-01-17 10:14:28.815] [VDS] Saved: C:\Users\jonathan\AppData\LocalLow\Temp\openvds-preview-slice.bmp
[2026-01-17 10:14:28.821] Render: slice=69, maxSize=1205
[2026-01-17 10:14:28.821] RenderSlice(dim=2, slice=69, maxSize=1205) | 
[2026-01-17 10:14:28.821] RenderSlice(dim=2, slice=69, maxSize=1205) | VDS (3D) | Dims: 368 x 368 x 368 | Mode: SINGLE_THREADED | 
[2026-01-17 10:14:28.821] RenderSlice(dim=2, slice=69, maxSize=1205) | VDS (3D) | Dims: 368 x 368 x 368 | Mode: SINGLE_THREADED | Requesting 368x368 slice... | 
[2026-01-17 10:14:28.823] RenderSlice(dim=2, slice=69, maxSize=1205) | VDS (3D) | Dims: 368 x 368 x 368 | Mode: SINGLE_THREADED | Requesting 368x368 slice... | Request created, waiting for completion... | 
[2026-01-17 10:14:28.823] RenderSlice(dim=2, slice=69, maxSize=1205) | VDS (3D) | Dims: 368 x 368 x 368 | Mode: SINGLE_THREADED | Requesting 368x368 slice... | Request created, waiting for completion... | Slice: Inline 70/368 | Output: 368 x 368 | Raw: min=-2.92e+02 max=2.89e+02 mean=-3.24e-03 | 
[2026-01-17 10:14:28.831] [VDS] RenderSlice(dim=2, slice=69, maxSize=1205)
[2026-01-17 10:14:28.831] [VDS] VDS (3D)
[2026-01-17 10:14:28.831] [VDS] Dims: 368 x 368 x 368
[2026-01-17 10:14:28.831] [VDS] Mode: SINGLE_THREADED
[2026-01-17 10:14:28.831] [VDS] Requesting 368x368 slice...
[2026-01-17 10:14:28.831] [VDS] Request created, waiting for completion...
[2026-01-17 10:14:28.831] [VDS] Slice: Inline 70/368
[2026-01-17 10:14:28.831] [VDS] Output: 368 x 368
[2026-01-17 10:14:28.831] [VDS] Raw: min=-2.92e+02 max=2.89e+02 mean=-3.24e-03
[2026-01-17 10:14:28.831] [VDS] Saved: C:\Users\jonathan\AppData\LocalLow\Temp\openvds-preview-slice.bmp
[2026-01-17 10:14:28.837] Render: slice=68, maxSize=1205
[2026-01-17 10:14:28.837] RenderSlice(dim=2, slice=68, maxSize=1205) | 
[2026-01-17 10:14:28.837] RenderSlice(dim=2, slice=68, maxSize=1205) | VDS (3D) | Dims: 368 x 368 x 368 | Mode: SINGLE_THREADED | 
[2026-01-17 10:14:28.839] RenderSlice(dim=2, slice=68, maxSize=1205) | VDS (3D) | Dims: 368 x 368 x 368 | Mode: SINGLE_THREADED | Requesting 368x368 slice... | 
[2026-01-17 10:14:28.839] RenderSlice(dim=2, slice=68, maxSize=1205) | VDS (3D) | Dims: 368 x 368 x 368 | Mode: SINGLE_THREADED | Requesting 368x368 slice... | Request created, waiting for completion... | 
[2026-01-17 10:14:28.839] RenderSlice(dim=2, slice=68, maxSize=1205) | VDS (3D) | Dims: 368 x 368 x 368 | Mode: SINGLE_THREADED | Requesting 368x368 slice... | Request created, waiting for completion... | Slice: Inline 69/368 | Output: 368 x 368 | Raw: min=-2.87e+02 max=2.63e+02 mean=-3.26e-03 | 
[2026-01-17 10:14:28.839] [VDS] RenderSlice(dim=2, slice=68, maxSize=1205)
[2026-01-17 10:14:28.847] [VDS] VDS (3D)
[2026-01-17 10:14:28.847] [VDS] Dims: 368 x 368 x 368
[2026-01-17 10:14:28.847] [VDS] Mode: SINGLE_THREADED
[2026-01-17 10:14:28.847] [VDS] Requesting 368x368 slice...
[2026-01-17 10:14:28.847] [VDS] Request created, waiting for completion...
[2026-01-17 10:14:28.847] [VDS] Slice: Inline 69/368
[2026-01-17 10:14:28.847] [VDS] Output: 368 x 368
[2026-01-17 10:14:28.847] [VDS] Raw: min=-2.87e+02 max=2.63e+02 mean=-3.26e-03
[2026-01-17 10:14:28.847] [VDS] Saved: C:\Users\jonathan\AppData\LocalLow\Temp\openvds-preview-slice.bmp
[2026-01-17 10:14:28.879] Render: slice=67, maxSize=1205
[2026-01-17 10:14:28.879] RenderSlice(dim=2, slice=67, maxSize=1205) | 
[2026-01-17 10:14:28.879] RenderSlice(dim=2, slice=67, maxSize=1205) | VDS (3D) | Dims: 368 x 368 x 368 | Mode: SINGLE_THREADED | 
[2026-01-17 10:14:28.879] RenderSlice(dim=2, slice=67, maxSize=1205) | VDS (3D) | Dims: 368 x 368 x 368 | Mode: SINGLE_THREADED | Requesting 368x368 slice... | 
[2026-01-17 10:14:28.879] RenderSlice(dim=2, slice=67, maxSize=1205) | VDS (3D) | Dims: 368 x 368 x 368 | Mode: SINGLE_THREADED | Requesting 368x368 slice... | Request created, waiting for completion... | 
[2026-01-17 10:14:28.879] RenderSlice(dim=2, slice=67, maxSize=1205) | VDS (3D) | Dims: 368 x 368 x 368 | Mode: SINGLE_THREADED | Requesting 368x368 slice... | Request created, waiting for completion... | Slice: Inline 68/368 | Output: 368 x 368 | Raw: min=-3.02e+02 max=2.75e+02 mean=1.32e-02 | 
[2026-01-17 10:14:28.894] [VDS] RenderSlice(dim=2, slice=67, maxSize=1205)
[2026-01-17 10:14:28.894] [VDS] VDS (3D)
[2026-01-17 10:14:28.894] [VDS] Dims: 368 x 368 x 368
[2026-01-17 10:14:28.894] [VDS] Mode: SINGLE_THREADED
[2026-01-17 10:14:28.894] [VDS] Requesting 368x368 slice...
[2026-01-17 10:14:28.894] [VDS] Request created, waiting for completion...
[2026-01-17 10:14:28.894] [VDS] Slice: Inline 68/368
[2026-01-17 10:14:28.894] [VDS] Output: 368 x 368
[2026-01-17 10:14:28.894] [VDS] Raw: min=-3.02e+02 max=2.75e+02 mean=1.32e-02
[2026-01-17 10:14:28.894] [VDS] Saved: C:\Users\jonathan\AppData\LocalLow\Temp\openvds-preview-slice.bmp
[2026-01-17 10:14:28.942] Render: slice=64, maxSize=1205
[2026-01-17 10:14:28.942] RenderSlice(dim=2, slice=64, maxSize=1205) | 
[2026-01-17 10:14:28.942] RenderSlice(dim=2, slice=64, maxSize=1205) | VDS (3D) | Dims: 368 x 368 x 368 | Mode: SINGLE_THREADED | 
[2026-01-17 10:14:28.942] RenderSlice(dim=2, slice=64, maxSize=1205) | VDS (3D) | Dims: 368 x 368 x 368 | Mode: SINGLE_THREADED | Requesting 368x368 slice... | 
[2026-01-17 10:14:28.942] RenderSlice(dim=2, slice=64, maxSize=1205) | VDS (3D) | Dims: 368 x 368 x 368 | Mode: SINGLE_THREADED | Requesting 368x368 slice... | Request created, waiting for completion... | 
[2026-01-17 10:14:28.942] RenderSlice(dim=2, slice=64, maxSize=1205) | VDS (3D) | Dims: 368 x 368 x 368 | Mode: SINGLE_THREADED | Requesting 368x368 slice... | Request created, waiting for completion... | Slice: Inline 65/368 | Output: 368 x 368 | Raw: min=-3.47e+02 max=2.82e+02 mean=-2.43e-02 | 
[2026-01-17 10:14:28.949] [VDS] RenderSlice(dim=2, slice=64, maxSize=1205)
[2026-01-17 10:14:28.949] [VDS] VDS (3D)
[2026-01-17 10:14:28.949] [VDS] Dims: 368 x 368 x 368
[2026-01-17 10:14:28.949] [VDS] Mode: SINGLE_THREADED
[2026-01-17 10:14:28.949] [VDS] Requesting 368x368 slice...
[2026-01-17 10:14:28.949] [VDS] Request created, waiting for completion...
[2026-01-17 10:14:28.949] [VDS] Slice: Inline 65/368
[2026-01-17 10:14:28.949] [VDS] Output: 368 x 368
[2026-01-17 10:14:28.949] [VDS] Raw: min=-3.47e+02 max=2.82e+02 mean=-2.43e-02
[2026-01-17 10:14:28.958] [VDS] Saved: C:\Users\jonathan\AppData\LocalLow\Temp\openvds-preview-slice.bmp
[2026-01-17 10:14:28.973] Render: slice=63, maxSize=1205
[2026-01-17 10:14:28.973] RenderSlice(dim=2, slice=63, maxSize=1205) | 
[2026-01-17 10:14:28.973] RenderSlice(dim=2, slice=63, maxSize=1205) | VDS (3D) | Dims: 368 x 368 x 368 | Mode: SINGLE_THREADED | 
[2026-01-17 10:14:28.989] RenderSlice(dim=2, slice=63, maxSize=1205) | VDS (3D) | Dims: 368 x 368 x 368 | Mode: SINGLE_THREADED | Requesting 368x368 slice... | 
[2026-01-17 10:14:28.989] RenderSlice(dim=2, slice=63, maxSize=1205) | VDS (3D) | Dims: 368 x 368 x 368 | Mode: SINGLE_THREADED | Requesting 368x368 slice... | Request created, waiting for completion... | 
[2026-01-17 10:14:28.989] RenderSlice(dim=2, slice=63, maxSize=1205) | VDS (3D) | Dims: 368 x 368 x 368 | Mode: SINGLE_THREADED | Requesting 368x368 slice... | Request created, waiting for completion... | Slice: Inline 64/368 | Output: 368 x 368 | Raw: min=-3.67e+02 max=2.70e+02 mean=-2.97e-02 | 
[2026-01-17 10:14:28.989] [VDS] RenderSlice(dim=2, slice=63, maxSize=1205)
[2026-01-17 10:14:28.989] [VDS] VDS (3D)
[2026-01-17 10:14:28.989] [VDS] Dims: 368 x 368 x 368
[2026-01-17 10:14:28.989] [VDS] Mode: SINGLE_THREADED
[2026-01-17 10:14:28.989] [VDS] Requesting 368x368 slice...
[2026-01-17 10:14:28.989] [VDS] Request created, waiting for completion...
[2026-01-17 10:14:28.989] [VDS] Slice: Inline 64/368
[2026-01-17 10:14:28.989] [VDS] Output: 368 x 368
[2026-01-17 10:14:28.989] [VDS] Raw: min=-3.67e+02 max=2.70e+02 mean=-2.97e-02
[2026-01-17 10:14:28.989] [VDS] Saved: C:\Users\jonathan\AppData\LocalLow\Temp\openvds-preview-slice.bmp
[2026-01-17 10:14:29.327] Render: slice=62, maxSize=1205
[2026-01-17 10:14:29.327] RenderSlice(dim=2, slice=62, maxSize=1205) | 
[2026-01-17 10:14:29.327] RenderSlice(dim=2, slice=62, maxSize=1205) | VDS (3D) | Dims: 368 x 368 x 368 | Mode: SINGLE_THREADED | 
[2026-01-17 10:14:29.327] RenderSlice(dim=2, slice=62, maxSize=1205) | VDS (3D) | Dims: 368 x 368 x 368 | Mode: SINGLE_THREADED | Requesting 368x368 slice... | 
[2026-01-17 10:14:29.327] RenderSlice(dim=2, slice=62, maxSize=1205) | VDS (3D) | Dims: 368 x 368 x 368 | Mode: SINGLE_THREADED | Requesting 368x368 slice... | Request created, waiting for completion... | 
[2026-01-17 10:14:29.327] RenderSlice(dim=2, slice=62, maxSize=1205) | VDS (3D) | Dims: 368 x 368 x 368 | Mode: SINGLE_THREADED | Requesting 368x368 slice... | Request created, waiting for completion... | Slice: Inline 63/368 | Output: 368 x 368 | Raw: min=-3.00e+02 max=2.58e+02 mean=-4.42e-02 | 
[2026-01-17 10:14:29.343] [VDS] RenderSlice(dim=2, slice=62, maxSize=1205)
[2026-01-17 10:14:29.343] [VDS] VDS (3D)
[2026-01-17 10:14:29.347] [VDS] Dims: 368 x 368 x 368
[2026-01-17 10:14:29.347] [VDS] Mode: SINGLE_THREADED
[2026-01-17 10:14:29.347] [VDS] Requesting 368x368 slice...
[2026-01-17 10:14:29.347] [VDS] Request created, waiting for completion...
[2026-01-17 10:14:29.347] [VDS] Slice: Inline 63/368
[2026-01-17 10:14:29.347] [VDS] Output: 368 x 368
[2026-01-17 10:14:29.347] [VDS] Raw: min=-3.00e+02 max=2.58e+02 mean=-4.42e-02
[2026-01-17 10:14:29.347] [VDS] Saved: C:\Users\jonathan\AppData\LocalLow\Temp\openvds-preview-slice.bmp
[2026-01-17 10:14:29.354] Render: slice=61, maxSize=1205
[2026-01-17 10:14:29.354] RenderSlice(dim=2, slice=61, maxSize=1205) | 
[2026-01-17 10:14:29.354] RenderSlice(dim=2, slice=61, maxSize=1205) | VDS (3D) | Dims: 368 x 368 x 368 | Mode: SINGLE_THREADED | 
[2026-01-17 10:14:29.354] RenderSlice(dim=2, slice=61, maxSize=1205) | VDS (3D) | Dims: 368 x 368 x 368 | Mode: SINGLE_THREADED | Requesting 368x368 slice... | 
[2026-01-17 10:14:29.354] RenderSlice(dim=2, slice=61, maxSize=1205) | VDS (3D) | Dims: 368 x 368 x 368 | Mode: SINGLE_THREADED | Requesting 368x368 slice... | Request created, waiting for completion... | 
[2026-01-17 10:14:29.359] RenderSlice(dim=2, slice=61, maxSize=1205) | VDS (3D) | Dims: 368 x 368 x 368 | Mode: SINGLE_THREADED | Requesting 368x368 slice... | Request created, waiting for completion... | Slice: Inline 62/368 | Output: 368 x 368 | Raw: min=-2.57e+02 max=2.51e+02 mean=-4.47e-02 | 
[2026-01-17 10:14:29.359] [VDS] RenderSlice(dim=2, slice=61, maxSize=1205)
[2026-01-17 10:14:29.359] [VDS] VDS (3D)
[2026-01-17 10:14:29.359] [VDS] Dims: 368 x 368 x 368
[2026-01-17 10:14:29.361] [VDS] Mode: SINGLE_THREADED
[2026-01-17 10:14:29.361] [VDS] Requesting 368x368 slice...
[2026-01-17 10:14:29.361] [VDS] Request created, waiting for completion...
[2026-01-17 10:14:29.361] [VDS] Slice: Inline 62/368
[2026-01-17 10:14:29.361] [VDS] Output: 368 x 368
[2026-01-17 10:14:29.361] [VDS] Raw: min=-2.57e+02 max=2.51e+02 mean=-4.47e-02
[2026-01-17 10:14:29.361] [VDS] Saved: C:\Users\jonathan\AppData\LocalLow\Temp\openvds-preview-slice.bmp
[2026-01-17 10:14:29.394] Render: slice=59, maxSize=1205
[2026-01-17 10:14:29.394] RenderSlice(dim=2, slice=59, maxSize=1205) | 
[2026-01-17 10:14:29.396] RenderSlice(dim=2, slice=59, maxSize=1205) | VDS (3D) | Dims: 368 x 368 x 368 | Mode: SINGLE_THREADED | 
[2026-01-17 10:14:29.396] RenderSlice(dim=2, slice=59, maxSize=1205) | VDS (3D) | Dims: 368 x 368 x 368 | Mode: SINGLE_THREADED | Requesting 368x368 slice... | 
[2026-01-17 10:14:29.396] RenderSlice(dim=2, slice=59, maxSize=1205) | VDS (3D) | Dims: 368 x 368 x 368 | Mode: SINGLE_THREADED | Requesting 368x368 slice... | Request created, waiting for completion... | 
[2026-01-17 10:14:29.404] RenderSlice(dim=2, slice=59, maxSize=1205) | VDS (3D) | Dims: 368 x 368 x 368 | Mode: SINGLE_THREADED | Requesting 368x368 slice... | Request created, waiting for completion... | Slice: Inline 60/368 | Output: 368 x 368 | Raw: min=-2.64e+02 max=2.49e+02 mean=-2.28e-02 | 
[2026-01-17 10:14:29.412] [VDS] RenderSlice(dim=2, slice=59, maxSize=1205)
[2026-01-17 10:14:29.412] [VDS] VDS (3D)
[2026-01-17 10:14:29.412] [VDS] Dims: 368 x 368 x 368
[2026-01-17 10:14:29.412] [VDS] Mode: SINGLE_THREADED
[2026-01-17 10:14:29.417] [VDS] Requesting 368x368 slice...
[2026-01-17 10:14:29.417] [VDS] Request created, waiting for completion...
[2026-01-17 10:14:29.417] [VDS] Slice: Inline 60/368
[2026-01-17 10:14:29.417] [VDS] Output: 368 x 368
[2026-01-17 10:14:29.417] [VDS] Raw: min=-2.64e+02 max=2.49e+02 mean=-2.28e-02
[2026-01-17 10:14:29.417] [VDS] Saved: C:\Users\jonathan\AppData\LocalLow\Temp\openvds-preview-slice.bmp
[2026-01-17 10:14:29.455] Render: slice=57, maxSize=1205
[2026-01-17 10:14:29.455] RenderSlice(dim=2, slice=57, maxSize=1205) | 
[2026-01-17 10:14:29.455] RenderSlice(dim=2, slice=57, maxSize=1205) | VDS (3D) | Dims: 368 x 368 x 368 | Mode: SINGLE_THREADED | 
[2026-01-17 10:14:29.455] RenderSlice(dim=2, slice=57, maxSize=1205) | VDS (3D) | Dims: 368 x 368 x 368 | Mode: SINGLE_THREADED | Requesting 368x368 slice... | 
[2026-01-17 10:14:29.467] RenderSlice(dim=2, slice=57, maxSize=1205) | VDS (3D) | Dims: 368 x 368 x 368 | Mode: SINGLE_THREADED | Requesting 368x368 slice... | Request created, waiting for completion... | 
[2026-01-17 10:14:29.473] RenderSlice(dim=2, slice=57, maxSize=1205) | VDS (3D) | Dims: 368 x 368 x 368 | Mode: SINGLE_THREADED | Requesting 368x368 slice... | Request created, waiting for completion... | Slice: Inline 58/368 | Output: 368 x 368 | Raw: min=-2.69e+02 max=2.71e+02 mean=-3.95e-02 | 
[2026-01-17 10:14:29.479] [VDS] RenderSlice(dim=2, slice=57, maxSize=1205)
[2026-01-17 10:14:29.481] [VDS] VDS (3D)
[2026-01-17 10:14:29.481] [VDS] Dims: 368 x 368 x 368
[2026-01-17 10:14:29.481] [VDS] Mode: SINGLE_THREADED
[2026-01-17 10:14:29.481] [VDS] Requesting 368x368 slice...
[2026-01-17 10:14:29.481] [VDS] Request created, waiting for completion...
[2026-01-17 10:14:29.481] [VDS] Slice: Inline 58/368
[2026-01-17 10:14:29.481] [VDS] Output: 368 x 368
[2026-01-17 10:14:29.481] [VDS] Raw: min=-2.69e+02 max=2.71e+02 mean=-3.95e-02
[2026-01-17 10:14:29.483] [VDS] Saved: C:\Users\jonathan\AppData\LocalLow\Temp\openvds-preview-slice.bmp
[2026-01-17 10:14:29.502] Render: slice=55, maxSize=1205
[2026-01-17 10:14:29.502] RenderSlice(dim=2, slice=55, maxSize=1205) | 
[2026-01-17 10:14:29.502] RenderSlice(dim=2, slice=55, maxSize=1205) | VDS (3D) | Dims: 368 x 368 x 368 | Mode: SINGLE_THREADED | 
[2026-01-17 10:14:29.502] RenderSlice(dim=2, slice=55, maxSize=1205) | VDS (3D) | Dims: 368 x 368 x 368 | Mode: SINGLE_THREADED | Requesting 368x368 slice... | 
[2026-01-17 10:14:29.502] RenderSlice(dim=2, slice=55, maxSize=1205) | VDS (3D) | Dims: 368 x 368 x 368 | Mode: SINGLE_THREADED | Requesting 368x368 slice... | Request created, waiting for completion... | 
[2026-01-17 10:14:29.502] RenderSlice(dim=2, slice=55, maxSize=1205) | VDS (3D) | Dims: 368 x 368 x 368 | Mode: SINGLE_THREADED | Requesting 368x368 slice... | Request created, waiting for completion... | Slice: Inline 56/368 | Output: 368 x 368 | Raw: min=-2.86e+02 max=3.22e+02 mean=-5.97e-02 | 
[2026-01-17 10:14:29.516] [VDS] RenderSlice(dim=2, slice=55, maxSize=1205)
[2026-01-17 10:14:29.518] [VDS] VDS (3D)
[2026-01-17 10:14:29.518] [VDS] Dims: 368 x 368 x 368
[2026-01-17 10:14:29.518] [VDS] Mode: SINGLE_THREADED
[2026-01-17 10:14:29.518] [VDS] Requesting 368x368 slice...
[2026-01-17 10:14:29.518] [VDS] Request created, waiting for completion...
[2026-01-17 10:14:29.518] [VDS] Slice: Inline 56/368
[2026-01-17 10:14:29.518] [VDS] Output: 368 x 368
[2026-01-17 10:14:29.518] [VDS] Raw: min=-2.86e+02 max=3.22e+02 mean=-5.97e-02
[2026-01-17 10:14:29.518] [VDS] Saved: C:\Users\jonathan\AppData\LocalLow\Temp\openvds-preview-slice.bmp
[2026-01-17 10:14:29.553] Render: slice=54, maxSize=1205
[2026-01-17 10:14:29.553] RenderSlice(dim=2, slice=54, maxSize=1205) | 
[2026-01-17 10:14:29.553] RenderSlice(dim=2, slice=54, maxSize=1205) | VDS (3D) | Dims: 368 x 368 x 368 | Mode: SINGLE_THREADED | 
[2026-01-17 10:14:29.553] RenderSlice(dim=2, slice=54, maxSize=1205) | VDS (3D) | Dims: 368 x 368 x 368 | Mode: SINGLE_THREADED | Requesting 368x368 slice... | 
[2026-01-17 10:14:29.553] RenderSlice(dim=2, slice=54, maxSize=1205) | VDS (3D) | Dims: 368 x 368 x 368 | Mode: SINGLE_THREADED | Requesting 368x368 slice... | Request created, waiting for completion... | 
[2026-01-17 10:14:29.567] RenderSlice(dim=2, slice=54, maxSize=1205) | VDS (3D) | Dims: 368 x 368 x 368 | Mode: SINGLE_THREADED | Requesting 368x368 slice... | Request created, waiting for completion... | Slice: Inline 55/368 | Output: 368 x 368 | Raw: min=-2.90e+02 max=3.21e+02 mean=-5.92e-02 | 
[2026-01-17 10:14:29.571] [VDS] RenderSlice(dim=2, slice=54, maxSize=1205)
[2026-01-17 10:14:29.571] [VDS] VDS (3D)
[2026-01-17 10:14:29.571] [VDS] Dims: 368 x 368 x 368
[2026-01-17 10:14:29.571] [VDS] Mode: SINGLE_THREADED
[2026-01-17 10:14:29.571] [VDS] Requesting 368x368 slice...
[2026-01-17 10:14:29.571] [VDS] Request created, waiting for completion...
[2026-01-17 10:14:29.571] [VDS] Slice: Inline 55/368
[2026-01-17 10:14:29.571] [VDS] Output: 368 x 368
[2026-01-17 10:14:29.573] [VDS] Raw: min=-2.90e+02 max=3.21e+02 mean=-5.92e-02
[2026-01-17 10:14:29.573] [VDS] Saved: C:\Users\jonathan\AppData\LocalLow\Temp\openvds-preview-slice.bmp
[2026-01-17 10:14:29.869] Render: slice=53, maxSize=1205
[2026-01-17 10:14:29.869] RenderSlice(dim=2, slice=53, maxSize=1205) | 
[2026-01-17 10:14:29.871] RenderSlice(dim=2, slice=53, maxSize=1205) | VDS (3D) | Dims: 368 x 368 x 368 | Mode: SINGLE_THREADED | 
[2026-01-17 10:14:29.871] RenderSlice(dim=2, slice=53, maxSize=1205) | VDS (3D) | Dims: 368 x 368 x 368 | Mode: SINGLE_THREADED | Requesting 368x368 slice... | 
[2026-01-17 10:14:29.871] RenderSlice(dim=2, slice=53, maxSize=1205) | VDS (3D) | Dims: 368 x 368 x 368 | Mode: SINGLE_THREADED | Requesting 368x368 slice... | Request created, waiting for completion... | 
[2026-01-17 10:14:29.871] RenderSlice(dim=2, slice=53, maxSize=1205) | VDS (3D) | Dims: 368 x 368 x 368 | Mode: SINGLE_THREADED | Requesting 368x368 slice... | Request created, waiting for completion... | Slice: Inline 54/368 | Output: 368 x 368 | Raw: min=-3.13e+02 max=2.97e+02 mean=-5.17e-02 | 
[2026-01-17 10:14:29.873] [VDS] RenderSlice(dim=2, slice=53, maxSize=1205)
[2026-01-17 10:14:29.873] [VDS] VDS (3D)
[2026-01-17 10:14:29.873] [VDS] Dims: 368 x 368 x 368
[2026-01-17 10:14:29.873] [VDS] Mode: SINGLE_THREADED
[2026-01-17 10:14:29.873] [VDS] Requesting 368x368 slice...
[2026-01-17 10:14:29.873] [VDS] Request created, waiting for completion...
[2026-01-17 10:14:29.873] [VDS] Slice: Inline 54/368
[2026-01-17 10:14:29.873] [VDS] Output: 368 x 368
[2026-01-17 10:14:29.873] [VDS] Raw: min=-3.13e+02 max=2.97e+02 mean=-5.17e-02
[2026-01-17 10:14:29.873] [VDS] Saved: C:\Users\jonathan\AppData\LocalLow\Temp\openvds-preview-slice.bmp
[2026-01-17 10:14:29.889] Render: slice=52, maxSize=1205
[2026-01-17 10:14:29.889] RenderSlice(dim=2, slice=52, maxSize=1205) | 
[2026-01-17 10:14:29.889] RenderSlice(dim=2, slice=52, maxSize=1205) | VDS (3D) | Dims: 368 x 368 x 368 | Mode: SINGLE_THREADED | 
[2026-01-17 10:14:29.889] RenderSlice(dim=2, slice=52, maxSize=1205) | VDS (3D) | Dims: 368 x 368 x 368 | Mode: SINGLE_THREADED | Requesting 368x368 slice... | 
[2026-01-17 10:14:29.889] RenderSlice(dim=2, slice=52, maxSize=1205) | VDS (3D) | Dims: 368 x 368 x 368 | Mode: SINGLE_THREADED | Requesting 368x368 slice... | Request created, waiting for completion... | 
[2026-01-17 10:14:29.891] RenderSlice(dim=2, slice=52, maxSize=1205) | VDS (3D) | Dims: 368 x 368 x 368 | Mode: SINGLE_THREADED | Requesting 368x368 slice... | Request created, waiting for completion... | Slice: Inline 53/368 | Output: 368 x 368 | Raw: min=-3.09e+02 max=2.77e+02 mean=-4.88e-02 | 
[2026-01-17 10:14:29.893] [VDS] RenderSlice(dim=2, slice=52, maxSize=1205)
[2026-01-17 10:14:29.893] [VDS] VDS (3D)
[2026-01-17 10:14:29.893] [VDS] Dims: 368 x 368 x 368
[2026-01-17 10:14:29.893] [VDS] Mode: SINGLE_THREADED
[2026-01-17 10:14:29.893] [VDS] Requesting 368x368 slice...
[2026-01-17 10:14:29.893] [VDS] Request created, waiting for completion...
[2026-01-17 10:14:29.893] [VDS] Slice: Inline 53/368
[2026-01-17 10:14:29.893] [VDS] Output: 368 x 368
[2026-01-17 10:14:29.893] [VDS] Raw: min=-3.09e+02 max=2.77e+02 mean=-4.88e-02
[2026-01-17 10:14:29.893] [VDS] Saved: C:\Users\jonathan\AppData\LocalLow\Temp\openvds-preview-slice.bmp
[2026-01-17 10:14:29.905] Render: slice=51, maxSize=1205
[2026-01-17 10:14:29.905] RenderSlice(dim=2, slice=51, maxSize=1205) | 
[2026-01-17 10:14:29.905] RenderSlice(dim=2, slice=51, maxSize=1205) | VDS (3D) | Dims: 368 x 368 x 368 | Mode: SINGLE_THREADED | 
[2026-01-17 10:14:29.905] RenderSlice(dim=2, slice=51, maxSize=1205) | VDS (3D) | Dims: 368 x 368 x 368 | Mode: SINGLE_THREADED | Requesting 368x368 slice... | 
[2026-01-17 10:14:29.905] RenderSlice(dim=2, slice=51, maxSize=1205) | VDS (3D) | Dims: 368 x 368 x 368 | Mode: SINGLE_THREADED | Requesting 368x368 slice... | Request created, waiting for completion... | 
[2026-01-17 10:14:29.916] RenderSlice(dim=2, slice=51, maxSize=1205) | VDS (3D) | Dims: 368 x 368 x 368 | Mode: SINGLE_THREADED | Requesting 368x368 slice... | Request created, waiting for completion... | Slice: Inline 52/368 | Output: 368 x 368 | Raw: min=-3.34e+02 max=3.09e+02 mean=-4.01e-02 | 
[2026-01-17 10:14:29.916] [VDS] RenderSlice(dim=2, slice=51, maxSize=1205)
[2026-01-17 10:14:29.916] [VDS] VDS (3D)
[2026-01-17 10:14:29.916] [VDS] Dims: 368 x 368 x 368
[2026-01-17 10:14:29.916] [VDS] Mode: SINGLE_THREADED
[2026-01-17 10:14:29.916] [VDS] Requesting 368x368 slice...
[2026-01-17 10:14:29.932] [VDS] Request created, waiting for completion...
[2026-01-17 10:14:29.932] [VDS] Slice: Inline 52/368
[2026-01-17 10:14:29.932] [VDS] Output: 368 x 368
[2026-01-17 10:14:29.932] [VDS] Raw: min=-3.34e+02 max=3.09e+02 mean=-4.01e-02
[2026-01-17 10:14:29.932] [VDS] Saved: C:\Users\jonathan\AppData\LocalLow\Temp\openvds-preview-slice.bmp
[2026-01-17 10:14:29.948] Render: slice=49, maxSize=1205
[2026-01-17 10:14:29.948] RenderSlice(dim=2, slice=49, maxSize=1205) | 
[2026-01-17 10:14:29.948] RenderSlice(dim=2, slice=49, maxSize=1205) | VDS (3D) | Dims: 368 x 368 x 368 | Mode: SINGLE_THREADED | 
[2026-01-17 10:14:29.948] RenderSlice(dim=2, slice=49, maxSize=1205) | VDS (3D) | Dims: 368 x 368 x 368 | Mode: SINGLE_THREADED | Requesting 368x368 slice... | 
[2026-01-17 10:14:29.948] RenderSlice(dim=2, slice=49, maxSize=1205) | VDS (3D) | Dims: 368 x 368 x 368 | Mode: SINGLE_THREADED | Requesting 368x368 slice... | Request created, waiting for completion... | 
[2026-01-17 10:14:29.948] RenderSlice(dim=2, slice=49, maxSize=1205) | VDS (3D) | Dims: 368 x 368 x 368 | Mode: SINGLE_THREADED | Requesting 368x368 slice... | Request created, waiting for completion... | Slice: Inline 50/368 | Output: 368 x 368 | Raw: min=-3.20e+02 max=2.91e+02 mean=-2.63e-02 | 
[2026-01-17 10:14:29.964] [VDS] RenderSlice(dim=2, slice=49, maxSize=1205)
[2026-01-17 10:14:29.964] [VDS] VDS (3D)
[2026-01-17 10:14:29.964] [VDS] Dims: 368 x 368 x 368
[2026-01-17 10:14:29.964] [VDS] Mode: SINGLE_THREADED
[2026-01-17 10:14:29.964] [VDS] Requesting 368x368 slice...
[2026-01-17 10:14:29.964] [VDS] Request created, waiting for completion...
[2026-01-17 10:14:29.964] [VDS] Slice: Inline 50/368
[2026-01-17 10:14:29.964] [VDS] Output: 368 x 368
[2026-01-17 10:14:29.964] [VDS] Raw: min=-3.20e+02 max=2.91e+02 mean=-2.63e-02
[2026-01-17 10:14:29.964] [VDS] Saved: C:\Users\jonathan\AppData\LocalLow\Temp\openvds-preview-slice.bmp
[2026-01-17 10:14:29.998] Render: slice=47, maxSize=1205
[2026-01-17 10:14:29.998] RenderSlice(dim=2, slice=47, maxSize=1205) | 
[2026-01-17 10:14:29.998] RenderSlice(dim=2, slice=47, maxSize=1205) | VDS (3D) | Dims: 368 x 368 x 368 | Mode: SINGLE_THREADED | 
[2026-01-17 10:14:29.998] RenderSlice(dim=2, slice=47, maxSize=1205) | VDS (3D) | Dims: 368 x 368 x 368 | Mode: SINGLE_THREADED | Requesting 368x368 slice... | 
[2026-01-17 10:14:29.998] RenderSlice(dim=2, slice=47, maxSize=1205) | VDS (3D) | Dims: 368 x 368 x 368 | Mode: SINGLE_THREADED | Requesting 368x368 slice... | Request created, waiting for completion... | 
[2026-01-17 10:14:29.998] RenderSlice(dim=2, slice=47, maxSize=1205) | VDS (3D) | Dims: 368 x 368 x 368 | Mode: SINGLE_THREADED | Requesting 368x368 slice... | Request created, waiting for completion... | Slice: Inline 48/368 | Output: 368 x 368 | Raw: min=-2.97e+02 max=2.98e+02 mean=-8.90e-03 | 
[2026-01-17 10:14:30.011] [VDS] RenderSlice(dim=2, slice=47, maxSize=1205)
[2026-01-17 10:14:30.011] [VDS] VDS (3D)
[2026-01-17 10:14:30.011] [VDS] Dims: 368 x 368 x 368
[2026-01-17 10:14:30.011] [VDS] Mode: SINGLE_THREADED
[2026-01-17 10:14:30.011] [VDS] Requesting 368x368 slice...
[2026-01-17 10:14:30.011] [VDS] Request created, waiting for completion...
[2026-01-17 10:14:30.011] [VDS] Slice: Inline 48/368
[2026-01-17 10:14:30.011] [VDS] Output: 368 x 368
[2026-01-17 10:14:30.011] [VDS] Raw: min=-2.97e+02 max=2.98e+02 mean=-8.90e-03
[2026-01-17 10:14:30.011] [VDS] Saved: C:\Users\jonathan\AppData\LocalLow\Temp\openvds-preview-slice.bmp
[2026-01-17 10:14:30.043] Render: slice=46, maxSize=1205
[2026-01-17 10:14:30.043] RenderSlice(dim=2, slice=46, maxSize=1205) | 
[2026-01-17 10:14:30.043] RenderSlice(dim=2, slice=46, maxSize=1205) | VDS (3D) | Dims: 368 x 368 x 368 | Mode: SINGLE_THREADED | 
[2026-01-17 10:14:30.043] RenderSlice(dim=2, slice=46, maxSize=1205) | VDS (3D) | Dims: 368 x 368 x 368 | Mode: SINGLE_THREADED | Requesting 368x368 slice... | 
[2026-01-17 10:14:30.043] RenderSlice(dim=2, slice=46, maxSize=1205) | VDS (3D) | Dims: 368 x 368 x 368 | Mode: SINGLE_THREADED | Requesting 368x368 slice... | Request created, waiting for completion... | 
[2026-01-17 10:14:30.043] RenderSlice(dim=2, slice=46, maxSize=1205) | VDS (3D) | Dims: 368 x 368 x 368 | Mode: SINGLE_THREADED | Requesting 368x368 slice... | Request created, waiting for completion... | Slice: Inline 47/368 | Output: 368 x 368 | Raw: min=-3.17e+02 max=3.06e+02 mean=-8.21e-03 | 
[2026-01-17 10:14:30.043] [VDS] RenderSlice(dim=2, slice=46, maxSize=1205)
[2026-01-17 10:14:30.043] [VDS] VDS (3D)
[2026-01-17 10:14:30.043] [VDS] Dims: 368 x 368 x 368
[2026-01-17 10:14:30.043] [VDS] Mode: SINGLE_THREADED
[2026-01-17 10:14:30.043] [VDS] Requesting 368x368 slice...
[2026-01-17 10:14:30.043] [VDS] Request created, waiting for completion...
[2026-01-17 10:14:30.043] [VDS] Slice: Inline 47/368
[2026-01-17 10:14:30.043] [VDS] Output: 368 x 368
[2026-01-17 10:14:30.043] [VDS] Raw: min=-3.17e+02 max=3.06e+02 mean=-8.21e-03
[2026-01-17 10:14:30.043] [VDS] Saved: C:\Users\jonathan\AppData\LocalLow\Temp\openvds-preview-slice.bmp
[2026-01-17 10:14:30.587] Render: slice=45, maxSize=1205
[2026-01-17 10:14:30.587] RenderSlice(dim=2, slice=45, maxSize=1205) | 
[2026-01-17 10:14:30.587] RenderSlice(dim=2, slice=45, maxSize=1205) | VDS (3D) | Dims: 368 x 368 x 368 | Mode: SINGLE_THREADED | 
[2026-01-17 10:14:30.589] RenderSlice(dim=2, slice=45, maxSize=1205) | VDS (3D) | Dims: 368 x 368 x 368 | Mode: SINGLE_THREADED | Requesting 368x368 slice... | 
[2026-01-17 10:14:30.589] RenderSlice(dim=2, slice=45, maxSize=1205) | VDS (3D) | Dims: 368 x 368 x 368 | Mode: SINGLE_THREADED | Requesting 368x368 slice... | Request created, waiting for completion... | 
[2026-01-17 10:14:30.589] RenderSlice(dim=2, slice=45, maxSize=1205) | VDS (3D) | Dims: 368 x 368 x 368 | Mode: SINGLE_THREADED | Requesting 368x368 slice... | Request created, waiting for completion... | Slice: Inline 46/368 | Output: 368 x 368 | Raw: min=-2.82e+02 max=2.78e+02 mean=-1.90e-03 | 
[2026-01-17 10:14:30.591] [VDS] RenderSlice(dim=2, slice=45, maxSize=1205)
[2026-01-17 10:14:30.591] [VDS] VDS (3D)
[2026-01-17 10:14:30.591] [VDS] Dims: 368 x 368 x 368
[2026-01-17 10:14:30.591] [VDS] Mode: SINGLE_THREADED
[2026-01-17 10:14:30.591] [VDS] Requesting 368x368 slice...
[2026-01-17 10:14:30.591] [VDS] Request created, waiting for completion...
[2026-01-17 10:14:30.591] [VDS] Slice: Inline 46/368
[2026-01-17 10:14:30.592] [VDS] Output: 368 x 368
[2026-01-17 10:14:30.592] [VDS] Raw: min=-2.82e+02 max=2.78e+02 mean=-1.90e-03
[2026-01-17 10:14:30.592] [VDS] Saved: C:\Users\jonathan\AppData\LocalLow\Temp\openvds-preview-slice.bmp
[2026-01-17 10:14:30.608] Render: slice=44, maxSize=1205
[2026-01-17 10:14:30.610] RenderSlice(dim=2, slice=44, maxSize=1205) | 
[2026-01-17 10:14:30.610] RenderSlice(dim=2, slice=44, maxSize=1205) | VDS (3D) | Dims: 368 x 368 x 368 | Mode: SINGLE_THREADED | 
[2026-01-17 10:14:30.610] RenderSlice(dim=2, slice=44, maxSize=1205) | VDS (3D) | Dims: 368 x 368 x 368 | Mode: SINGLE_THREADED | Requesting 368x368 slice... | 
[2026-01-17 10:14:30.610] RenderSlice(dim=2, slice=44, maxSize=1205) | VDS (3D) | Dims: 368 x 368 x 368 | Mode: SINGLE_THREADED | Requesting 368x368 slice... | Request created, waiting for completion... | 
[2026-01-17 10:14:30.610] RenderSlice(dim=2, slice=44, maxSize=1205) | VDS (3D) | Dims: 368 x 368 x 368 | Mode: SINGLE_THREADED | Requesting 368x368 slice... | Request created, waiting for completion... | Slice: Inline 45/368 | Output: 368 x 368 | Raw: min=-2.65e+02 max=2.68e+02 mean=2.61e-03 | 
[2026-01-17 10:14:30.612] [VDS] RenderSlice(dim=2, slice=44, maxSize=1205)
[2026-01-17 10:14:30.612] [VDS] VDS (3D)
[2026-01-17 10:14:30.612] [VDS] Dims: 368 x 368 x 368
[2026-01-17 10:14:30.612] [VDS] Mode: SINGLE_THREADED
[2026-01-17 10:14:30.612] [VDS] Requesting 368x368 slice...
[2026-01-17 10:14:30.612] [VDS] Request created, waiting for completion...
[2026-01-17 10:14:30.612] [VDS] Slice: Inline 45/368
[2026-01-17 10:14:30.612] [VDS] Output: 368 x 368
[2026-01-17 10:14:30.612] [VDS] Raw: min=-2.65e+02 max=2.68e+02 mean=2.61e-03
[2026-01-17 10:14:30.612] [VDS] Saved: C:\Users\jonathan\AppData\LocalLow\Temp\openvds-preview-slice.bmp
[2026-01-17 10:14:30.624] Render: slice=43, maxSize=1205
[2026-01-17 10:14:30.624] RenderSlice(dim=2, slice=43, maxSize=1205) | 
[2026-01-17 10:14:30.624] RenderSlice(dim=2, slice=43, maxSize=1205) | VDS (3D) | Dims: 368 x 368 x 368 | Mode: SINGLE_THREADED | 
[2026-01-17 10:14:30.624] RenderSlice(dim=2, slice=43, maxSize=1205) | VDS (3D) | Dims: 368 x 368 x 368 | Mode: SINGLE_THREADED | Requesting 368x368 slice... | 
[2026-01-17 10:14:30.624] RenderSlice(dim=2, slice=43, maxSize=1205) | VDS (3D) | Dims: 368 x 368 x 368 | Mode: SINGLE_THREADED | Requesting 368x368 slice... | Request created, waiting for completion... | 
[2026-01-17 10:14:30.624] RenderSlice(dim=2, slice=43, maxSize=1205) | VDS (3D) | Dims: 368 x 368 x 368 | Mode: SINGLE_THREADED | Requesting 368x368 slice... | Request created, waiting for completion... | Slice: Inline 44/368 | Output: 368 x 368 | Raw: min=-2.79e+02 max=2.75e+02 mean=1.95e-02 | 
[2026-01-17 10:14:30.624] [VDS] RenderSlice(dim=2, slice=43, maxSize=1205)
[2026-01-17 10:14:30.624] [VDS] VDS (3D)
[2026-01-17 10:14:30.624] [VDS] Dims: 368 x 368 x 368
[2026-01-17 10:14:30.624] [VDS] Mode: SINGLE_THREADED
[2026-01-17 10:14:30.624] [VDS] Requesting 368x368 slice...
[2026-01-17 10:14:30.624] [VDS] Request created, waiting for completion...
[2026-01-17 10:14:30.640] [VDS] Slice: Inline 44/368
[2026-01-17 10:14:30.640] [VDS] Output: 368 x 368
[2026-01-17 10:14:30.640] [VDS] Raw: min=-2.79e+02 max=2.75e+02 mean=1.95e-02
[2026-01-17 10:14:30.640] [VDS] Saved: C:\Users\jonathan\AppData\LocalLow\Temp\openvds-preview-slice.bmp
[2026-01-17 10:14:30.656] Render: slice=41, maxSize=1205
[2026-01-17 10:14:30.656] RenderSlice(dim=2, slice=41, maxSize=1205) | 
[2026-01-17 10:14:30.656] RenderSlice(dim=2, slice=41, maxSize=1205) | VDS (3D) | Dims: 368 x 368 x 368 | Mode: SINGLE_THREADED | 
[2026-01-17 10:14:30.656] RenderSlice(dim=2, slice=41, maxSize=1205) | VDS (3D) | Dims: 368 x 368 x 368 | Mode: SINGLE_THREADED | Requesting 368x368 slice... | 
[2026-01-17 10:14:30.656] RenderSlice(dim=2, slice=41, maxSize=1205) | VDS (3D) | Dims: 368 x 368 x 368 | Mode: SINGLE_THREADED | Requesting 368x368 slice... | Request created, waiting for completion... | 
[2026-01-17 10:14:30.672] RenderSlice(dim=2, slice=41, maxSize=1205) | VDS (3D) | Dims: 368 x 368 x 368 | Mode: SINGLE_THREADED | Requesting 368x368 slice... | Request created, waiting for completion... | Slice: Inline 42/368 | Output: 368 x 368 | Raw: min=-2.91e+02 max=2.40e+02 mean=-1.84e-02 | 
[2026-01-17 10:14:30.672] [VDS] RenderSlice(dim=2, slice=41, maxSize=1205)
[2026-01-17 10:14:30.672] [VDS] VDS (3D)
[2026-01-17 10:14:30.672] [VDS] Dims: 368 x 368 x 368
[2026-01-17 10:14:30.672] [VDS] Mode: SINGLE_THREADED
[2026-01-17 10:14:30.672] [VDS] Requesting 368x368 slice...
[2026-01-17 10:14:30.672] [VDS] Request created, waiting for completion...
[2026-01-17 10:14:30.672] [VDS] Slice: Inline 42/368
[2026-01-17 10:14:30.672] [VDS] Output: 368 x 368
[2026-01-17 10:14:30.672] [VDS] Raw: min=-2.91e+02 max=2.40e+02 mean=-1.84e-02
[2026-01-17 10:14:30.672] [VDS] Saved: C:\Users\jonathan\AppData\LocalLow\Temp\openvds-preview-slice.bmp
[2026-01-17 10:14:30.704] Render: slice=39, maxSize=1205
[2026-01-17 10:14:30.710] RenderSlice(dim=2, slice=39, maxSize=1205) | 
[2026-01-17 10:14:30.710] RenderSlice(dim=2, slice=39, maxSize=1205) | VDS (3D) | Dims: 368 x 368 x 368 | Mode: SINGLE_THREADED | 
[2026-01-17 10:14:30.710] RenderSlice(dim=2, slice=39, maxSize=1205) | VDS (3D) | Dims: 368 x 368 x 368 | Mode: SINGLE_THREADED | Requesting 368x368 slice... | 
[2026-01-17 10:14:30.710] RenderSlice(dim=2, slice=39, maxSize=1205) | VDS (3D) | Dims: 368 x 368 x 368 | Mode: SINGLE_THREADED | Requesting 368x368 slice... | Request created, waiting for completion... | 
[2026-01-17 10:14:30.710] RenderSlice(dim=2, slice=39, maxSize=1205) | VDS (3D) | Dims: 368 x 368 x 368 | Mode: SINGLE_THREADED | Requesting 368x368 slice... | Request created, waiting for completion... | Slice: Inline 40/368 | Output: 368 x 368 | Raw: min=-2.97e+02 max=2.51e+02 mean=-7.57e-03 | 
[2026-01-17 10:14:30.710] [VDS] RenderSlice(dim=2, slice=39, maxSize=1205)
[2026-01-17 10:14:30.710] [VDS] VDS (3D)
[2026-01-17 10:14:30.710] [VDS] Dims: 368 x 368 x 368
[2026-01-17 10:14:30.710] [VDS] Mode: SINGLE_THREADED
[2026-01-17 10:14:30.710] [VDS] Requesting 368x368 slice...
[2026-01-17 10:14:30.719] [VDS] Request created, waiting for completion...
[2026-01-17 10:14:30.719] [VDS] Slice: Inline 40/368
[2026-01-17 10:14:30.719] [VDS] Output: 368 x 368
[2026-01-17 10:14:30.719] [VDS] Raw: min=-2.97e+02 max=2.51e+02 mean=-7.57e-03
[2026-01-17 10:14:30.719] [VDS] Saved: C:\Users\jonathan\AppData\LocalLow\Temp\openvds-preview-slice.bmp
[2026-01-17 10:14:30.735] Render: slice=38, maxSize=1205
[2026-01-17 10:14:30.735] RenderSlice(dim=2, slice=38, maxSize=1205) | 
[2026-01-17 10:14:30.735] RenderSlice(dim=2, slice=38, maxSize=1205) | VDS (3D) | Dims: 368 x 368 x 368 | Mode: SINGLE_THREADED | 
[2026-01-17 10:14:30.735] RenderSlice(dim=2, slice=38, maxSize=1205) | VDS (3D) | Dims: 368 x 368 x 368 | Mode: SINGLE_THREADED | Requesting 368x368 slice... | 
[2026-01-17 10:14:30.751] RenderSlice(dim=2, slice=38, maxSize=1205) | VDS (3D) | Dims: 368 x 368 x 368 | Mode: SINGLE_THREADED | Requesting 368x368 slice... | Request created, waiting for completion... | 
[2026-01-17 10:14:30.751] RenderSlice(dim=2, slice=38, maxSize=1205) | VDS (3D) | Dims: 368 x 368 x 368 | Mode: SINGLE_THREADED | Requesting 368x368 slice... | Request created, waiting for completion... | Slice: Inline 39/368 | Output: 368 x 368 | Raw: min=-3.20e+02 max=2.81e+02 mean=-2.20e-02 | 
[2026-01-17 10:14:30.751] [VDS] RenderSlice(dim=2, slice=38, maxSize=1205)
[2026-01-17 10:14:30.751] [VDS] VDS (3D)
[2026-01-17 10:14:30.751] [VDS] Dims: 368 x 368 x 368
[2026-01-17 10:14:30.751] [VDS] Mode: SINGLE_THREADED
[2026-01-17 10:14:30.751] [VDS] Requesting 368x368 slice...
[2026-01-17 10:14:30.751] [VDS] Request created, waiting for completion...
[2026-01-17 10:14:30.751] [VDS] Slice: Inline 39/368
[2026-01-17 10:14:30.751] [VDS] Output: 368 x 368
[2026-01-17 10:14:30.751] [VDS] Raw: min=-3.20e+02 max=2.81e+02 mean=-2.20e-02
[2026-01-17 10:14:30.751] [VDS] Saved: C:\Users\jonathan\AppData\LocalLow\Temp\openvds-preview-slice.bmp
[2026-01-17 10:14:31.085] Render: slice=37, maxSize=1205
[2026-01-17 10:14:31.085] RenderSlice(dim=2, slice=37, maxSize=1205) | 
[2026-01-17 10:14:31.085] RenderSlice(dim=2, slice=37, maxSize=1205) | VDS (3D) | Dims: 368 x 368 x 368 | Mode: SINGLE_THREADED | 
[2026-01-17 10:14:31.085] RenderSlice(dim=2, slice=37, maxSize=1205) | VDS (3D) | Dims: 368 x 368 x 368 | Mode: SINGLE_THREADED | Requesting 368x368 slice... | 
[2026-01-17 10:14:31.101] RenderSlice(dim=2, slice=37, maxSize=1205) | VDS (3D) | Dims: 368 x 368 x 368 | Mode: SINGLE_THREADED | Requesting 368x368 slice... | Request created, waiting for completion... | 
[2026-01-17 10:14:31.101] RenderSlice(dim=2, slice=37, maxSize=1205) | VDS (3D) | Dims: 368 x 368 x 368 | Mode: SINGLE_THREADED | Requesting 368x368 slice... | Request created, waiting for completion... | Slice: Inline 38/368 | Output: 368 x 368 | Raw: min=-3.08e+02 max=2.70e+02 mean=-1.58e-02 | 
[2026-01-17 10:14:31.101] [VDS] RenderSlice(dim=2, slice=37, maxSize=1205)
[2026-01-17 10:14:31.101] [VDS] VDS (3D)
[2026-01-17 10:14:31.101] [VDS] Dims: 368 x 368 x 368
[2026-01-17 10:14:31.101] [VDS] Mode: SINGLE_THREADED
[2026-01-17 10:14:31.101] [VDS] Requesting 368x368 slice...
[2026-01-17 10:14:31.101] [VDS] Request created, waiting for completion...
[2026-01-17 10:14:31.101] [VDS] Slice: Inline 38/368
[2026-01-17 10:14:31.101] [VDS] Output: 368 x 368
[2026-01-17 10:14:31.105] [VDS] Raw: min=-3.08e+02 max=2.70e+02 mean=-1.58e-02
[2026-01-17 10:14:31.105] [VDS] Saved: C:\Users\jonathan\AppData\LocalLow\Temp\openvds-preview-slice.bmp
[2026-01-17 10:14:31.117] Render: slice=36, maxSize=1205
[2026-01-17 10:14:31.117] RenderSlice(dim=2, slice=36, maxSize=1205) | 
[2026-01-17 10:14:31.117] RenderSlice(dim=2, slice=36, maxSize=1205) | VDS (3D) | Dims: 368 x 368 x 368 | Mode: SINGLE_THREADED | 
[2026-01-17 10:14:31.117] RenderSlice(dim=2, slice=36, maxSize=1205) | VDS (3D) | Dims: 368 x 368 x 368 | Mode: SINGLE_THREADED | Requesting 368x368 slice... | 
[2026-01-17 10:14:31.117] RenderSlice(dim=2, slice=36, maxSize=1205) | VDS (3D) | Dims: 368 x 368 x 368 | Mode: SINGLE_THREADED | Requesting 368x368 slice... | Request created, waiting for completion... | 
[2026-01-17 10:14:31.117] RenderSlice(dim=2, slice=36, maxSize=1205) | VDS (3D) | Dims: 368 x 368 x 368 | Mode: SINGLE_THREADED | Requesting 368x368 slice... | Request created, waiting for completion... | Slice: Inline 37/368 | Output: 368 x 368 | Raw: min=-3.16e+02 max=3.03e+02 mean=-2.80e-02 | 
[2026-01-17 10:14:31.117] [VDS] RenderSlice(dim=2, slice=36, maxSize=1205)
[2026-01-17 10:14:31.117] [VDS] VDS (3D)
[2026-01-17 10:14:31.117] [VDS] Dims: 368 x 368 x 368
[2026-01-17 10:14:31.117] [VDS] Mode: SINGLE_THREADED
[2026-01-17 10:14:31.117] [VDS] Requesting 368x368 slice...
[2026-01-17 10:14:31.117] [VDS] Request created, waiting for completion...
[2026-01-17 10:14:31.117] [VDS] Slice: Inline 37/368
[2026-01-17 10:14:31.117] [VDS] Output: 368 x 368
[2026-01-17 10:14:31.117] [VDS] Raw: min=-3.16e+02 max=3.03e+02 mean=-2.80e-02
[2026-01-17 10:14:31.117] [VDS] Saved: C:\Users\jonathan\AppData\LocalLow\Temp\openvds-preview-slice.bmp
[2026-01-17 10:14:31.133] Render: slice=35, maxSize=1205
[2026-01-17 10:14:31.133] RenderSlice(dim=2, slice=35, maxSize=1205) | 
[2026-01-17 10:14:31.133] RenderSlice(dim=2, slice=35, maxSize=1205) | VDS (3D) | Dims: 368 x 368 x 368 | Mode: SINGLE_THREADED | 
[2026-01-17 10:14:31.133] RenderSlice(dim=2, slice=35, maxSize=1205) | VDS (3D) | Dims: 368 x 368 x 368 | Mode: SINGLE_THREADED | Requesting 368x368 slice... | 
[2026-01-17 10:14:31.133] RenderSlice(dim=2, slice=35, maxSize=1205) | VDS (3D) | Dims: 368 x 368 x 368 | Mode: SINGLE_THREADED | Requesting 368x368 slice... | Request created, waiting for completion... | 
[2026-01-17 10:14:31.142] RenderSlice(dim=2, slice=35, maxSize=1205) | VDS (3D) | Dims: 368 x 368 x 368 | Mode: SINGLE_THREADED | Requesting 368x368 slice... | Request created, waiting for completion... | Slice: Inline 36/368 | Output: 368 x 368 | Raw: min=-3.59e+02 max=3.25e+02 mean=-4.33e-02 | 
[2026-01-17 10:14:31.149] [VDS] RenderSlice(dim=2, slice=35, maxSize=1205)
[2026-01-17 10:14:31.149] [VDS] VDS (3D)
[2026-01-17 10:14:31.149] [VDS] Dims: 368 x 368 x 368
[2026-01-17 10:14:31.151] [VDS] Mode: SINGLE_THREADED
[2026-01-17 10:14:31.151] [VDS] Requesting 368x368 slice...
[2026-01-17 10:14:31.151] [VDS] Request created, waiting for completion...
[2026-01-17 10:14:31.151] [VDS] Slice: Inline 36/368
[2026-01-17 10:14:31.151] [VDS] Output: 368 x 368
[2026-01-17 10:14:31.151] [VDS] Raw: min=-3.59e+02 max=3.25e+02 mean=-4.33e-02
[2026-01-17 10:14:31.153] [VDS] Saved: C:\Users\jonathan\AppData\LocalLow\Temp\openvds-preview-slice.bmp
[2026-01-17 10:14:31.185] Render: slice=33, maxSize=1205
[2026-01-17 10:14:31.187] RenderSlice(dim=2, slice=33, maxSize=1205) | 
[2026-01-17 10:14:31.187] RenderSlice(dim=2, slice=33, maxSize=1205) | VDS (3D) | Dims: 368 x 368 x 368 | Mode: SINGLE_THREADED | 
[2026-01-17 10:14:31.187] RenderSlice(dim=2, slice=33, maxSize=1205) | VDS (3D) | Dims: 368 x 368 x 368 | Mode: SINGLE_THREADED | Requesting 368x368 slice... | 
[2026-01-17 10:14:31.187] RenderSlice(dim=2, slice=33, maxSize=1205) | VDS (3D) | Dims: 368 x 368 x 368 | Mode: SINGLE_THREADED | Requesting 368x368 slice... | Request created, waiting for completion... | 
[2026-01-17 10:14:31.191] RenderSlice(dim=2, slice=33, maxSize=1205) | VDS (3D) | Dims: 368 x 368 x 368 | Mode: SINGLE_THREADED | Requesting 368x368 slice... | Request created, waiting for completion... | Slice: Inline 34/368 | Output: 368 x 368 | Raw: min=-3.19e+02 max=2.94e+02 mean=-4.62e-02 | 
[2026-01-17 10:14:31.196] [VDS] RenderSlice(dim=2, slice=33, maxSize=1205)
[2026-01-17 10:14:31.196] [VDS] VDS (3D)
[2026-01-17 10:14:31.196] [VDS] Dims: 368 x 368 x 368
[2026-01-17 10:14:31.196] [VDS] Mode: SINGLE_THREADED
[2026-01-17 10:14:31.196] [VDS] Requesting 368x368 slice...
[2026-01-17 10:14:31.196] [VDS] Request created, waiting for completion...
[2026-01-17 10:14:31.196] [VDS] Slice: Inline 34/368
[2026-01-17 10:14:31.201] [VDS] Output: 368 x 368
[2026-01-17 10:14:31.202] [VDS] Raw: min=-3.19e+02 max=2.94e+02 mean=-4.62e-02
[2026-01-17 10:14:31.203] [VDS] Saved: C:\Users\jonathan\AppData\LocalLow\Temp\openvds-preview-slice.bmp
[2026-01-17 10:14:31.246] Render: slice=31, maxSize=1205
[2026-01-17 10:14:31.246] RenderSlice(dim=2, slice=31, maxSize=1205) | 
[2026-01-17 10:14:31.246] RenderSlice(dim=2, slice=31, maxSize=1205) | VDS (3D) | Dims: 368 x 368 x 368 | Mode: SINGLE_THREADED | 
[2026-01-17 10:14:31.260] RenderSlice(dim=2, slice=31, maxSize=1205) | VDS (3D) | Dims: 368 x 368 x 368 | Mode: SINGLE_THREADED | Requesting 368x368 slice... | 
[2026-01-17 10:14:31.260] RenderSlice(dim=2, slice=31, maxSize=1205) | VDS (3D) | Dims: 368 x 368 x 368 | Mode: SINGLE_THREADED | Requesting 368x368 slice... | Request created, waiting for completion... | 
[2026-01-17 10:14:31.260] RenderSlice(dim=2, slice=31, maxSize=1205) | VDS (3D) | Dims: 368 x 368 x 368 | Mode: SINGLE_THREADED | Requesting 368x368 slice... | Request created, waiting for completion... | Slice: Inline 32/368 | Output: 368 x 368 | Raw: min=-2.87e+02 max=2.69e+02 mean=-2.83e-02 | 
[2026-01-17 10:14:31.260] [VDS] RenderSlice(dim=2, slice=31, maxSize=1205)
[2026-01-17 10:14:31.260] [VDS] VDS (3D)
[2026-01-17 10:14:31.260] [VDS] Dims: 368 x 368 x 368
[2026-01-17 10:14:31.260] [VDS] Mode: SINGLE_THREADED
[2026-01-17 10:14:31.260] [VDS] Requesting 368x368 slice...
[2026-01-17 10:14:31.260] [VDS] Request created, waiting for completion...
[2026-01-17 10:14:31.271] [VDS] Slice: Inline 32/368
[2026-01-17 10:14:31.271] [VDS] Output: 368 x 368
[2026-01-17 10:14:31.271] [VDS] Raw: min=-2.87e+02 max=2.69e+02 mean=-2.83e-02
[2026-01-17 10:14:31.271] [VDS] Saved: C:\Users\jonathan\AppData\LocalLow\Temp\openvds-preview-slice.bmp
[2026-01-17 10:14:31.291] Render: slice=30, maxSize=1205
[2026-01-17 10:14:31.291] RenderSlice(dim=2, slice=30, maxSize=1205) | 
[2026-01-17 10:14:31.291] RenderSlice(dim=2, slice=30, maxSize=1205) | VDS (3D) | Dims: 368 x 368 x 368 | Mode: SINGLE_THREADED | 
[2026-01-17 10:14:31.291] RenderSlice(dim=2, slice=30, maxSize=1205) | VDS (3D) | Dims: 368 x 368 x 368 | Mode: SINGLE_THREADED | Requesting 368x368 slice... | 
[2026-01-17 10:14:31.291] RenderSlice(dim=2, slice=30, maxSize=1205) | VDS (3D) | Dims: 368 x 368 x 368 | Mode: SINGLE_THREADED | Requesting 368x368 slice... | Request created, waiting for completion... | 
[2026-01-17 10:14:31.291] RenderSlice(dim=2, slice=30, maxSize=1205) | VDS (3D) | Dims: 368 x 368 x 368 | Mode: SINGLE_THREADED | Requesting 368x368 slice... | Request created, waiting for completion... | Slice: Inline 31/368 | Output: 368 x 368 | Raw: min=-2.62e+02 max=2.53e+02 mean=-2.47e-02 | 
[2026-01-17 10:14:31.311] [VDS] RenderSlice(dim=2, slice=30, maxSize=1205)
[2026-01-17 10:14:31.313] [VDS] VDS (3D)
[2026-01-17 10:14:31.313] [VDS] Dims: 368 x 368 x 368
[2026-01-17 10:14:31.313] [VDS] Mode: SINGLE_THREADED
[2026-01-17 10:14:31.313] [VDS] Requesting 368x368 slice...
[2026-01-17 10:14:31.313] [VDS] Request created, waiting for completion...
[2026-01-17 10:14:31.313] [VDS] Slice: Inline 31/368
[2026-01-17 10:14:31.313] [VDS] Output: 368 x 368
[2026-01-17 10:14:31.313] [VDS] Raw: min=-2.62e+02 max=2.53e+02 mean=-2.47e-02
[2026-01-17 10:14:31.313] [VDS] Saved: C:\Users\jonathan\AppData\LocalLow\Temp\openvds-preview-slice.bmp
[2026-01-17 10:14:31.985] Render: slice=31, maxSize=1205
[2026-01-17 10:14:31.985] RenderSlice(dim=2, slice=31, maxSize=1205) | 
[2026-01-17 10:14:31.985] RenderSlice(dim=2, slice=31, maxSize=1205) | VDS (3D) | Dims: 368 x 368 x 368 | Mode: SINGLE_THREADED | 
[2026-01-17 10:14:31.985] RenderSlice(dim=2, slice=31, maxSize=1205) | VDS (3D) | Dims: 368 x 368 x 368 | Mode: SINGLE_THREADED | Requesting 368x368 slice... | 
[2026-01-17 10:14:31.985] RenderSlice(dim=2, slice=31, maxSize=1205) | VDS (3D) | Dims: 368 x 368 x 368 | Mode: SINGLE_THREADED | Requesting 368x368 slice... | Request created, waiting for completion... | 
[2026-01-17 10:14:31.985] RenderSlice(dim=2, slice=31, maxSize=1205) | VDS (3D) | Dims: 368 x 368 x 368 | Mode: SINGLE_THREADED | Requesting 368x368 slice... | Request created, waiting for completion... | Slice: Inline 32/368 | Output: 368 x 368 | Raw: min=-2.87e+02 max=2.69e+02 mean=-2.83e-02 | 
[2026-01-17 10:14:31.987] [VDS] RenderSlice(dim=2, slice=31, maxSize=1205)
[2026-01-17 10:14:31.987] [VDS] VDS (3D)
[2026-01-17 10:14:31.987] [VDS] Dims: 368 x 368 x 368
[2026-01-17 10:14:31.987] [VDS] Mode: SINGLE_THREADED
[2026-01-17 10:14:31.987] [VDS] Requesting 368x368 slice...
[2026-01-17 10:14:31.987] [VDS] Request created, waiting for completion...
[2026-01-17 10:14:31.987] [VDS] Slice: Inline 32/368
[2026-01-17 10:14:31.987] [VDS] Output: 368 x 368
[2026-01-17 10:14:31.987] [VDS] Raw: min=-2.87e+02 max=2.69e+02 mean=-2.83e-02
[2026-01-17 10:14:31.987] [VDS] Saved: C:\Users\jonathan\AppData\LocalLow\Temp\openvds-preview-slice.bmp
[2026-01-17 10:14:31.999] Render: slice=32, maxSize=1205
[2026-01-17 10:14:31.999] RenderSlice(dim=2, slice=32, maxSize=1205) | 
[2026-01-17 10:14:31.999] RenderSlice(dim=2, slice=32, maxSize=1205) | VDS (3D) | Dims: 368 x 368 x 368 | Mode: SINGLE_THREADED | 
[2026-01-17 10:14:31.999] RenderSlice(dim=2, slice=32, maxSize=1205) | VDS (3D) | Dims: 368 x 368 x 368 | Mode: SINGLE_THREADED | Requesting 368x368 slice... | 
[2026-01-17 10:14:32.002] RenderSlice(dim=2, slice=32, maxSize=1205) | VDS (3D) | Dims: 368 x 368 x 368 | Mode: SINGLE_THREADED | Requesting 368x368 slice... | Request created, waiting for completion... | 
[2026-01-17 10:14:32.002] RenderSlice(dim=2, slice=32, maxSize=1205) | VDS (3D) | Dims: 368 x 368 x 368 | Mode: SINGLE_THREADED | Requesting 368x368 slice... | Request created, waiting for completion... | Slice: Inline 33/368 | Output: 368 x 368 | Raw: min=-2.68e+02 max=2.80e+02 mean=-1.79e-02 | 
[2026-01-17 10:14:32.004] [VDS] RenderSlice(dim=2, slice=32, maxSize=1205)
[2026-01-17 10:14:32.004] [VDS] VDS (3D)
[2026-01-17 10:14:32.004] [VDS] Dims: 368 x 368 x 368
[2026-01-17 10:14:32.004] [VDS] Mode: SINGLE_THREADED
[2026-01-17 10:14:32.004] [VDS] Requesting 368x368 slice...
[2026-01-17 10:14:32.004] [VDS] Request created, waiting for completion...
[2026-01-17 10:14:32.004] [VDS] Slice: Inline 33/368
[2026-01-17 10:14:32.004] [VDS] Output: 368 x 368
[2026-01-17 10:14:32.004] [VDS] Raw: min=-2.68e+02 max=2.80e+02 mean=-1.79e-02
[2026-01-17 10:14:32.004] [VDS] Saved: C:\Users\jonathan\AppData\LocalLow\Temp\openvds-preview-slice.bmp
[2026-01-17 10:14:32.015] Render: slice=33, maxSize=1205
[2026-01-17 10:14:32.015] RenderSlice(dim=2, slice=33, maxSize=1205) | 
[2026-01-17 10:14:32.017] RenderSlice(dim=2, slice=33, maxSize=1205) | VDS (3D) | Dims: 368 x 368 x 368 | Mode: SINGLE_THREADED | 
[2026-01-17 10:14:32.017] RenderSlice(dim=2, slice=33, maxSize=1205) | VDS (3D) | Dims: 368 x 368 x 368 | Mode: SINGLE_THREADED | Requesting 368x368 slice... | 
[2026-01-17 10:14:32.017] RenderSlice(dim=2, slice=33, maxSize=1205) | VDS (3D) | Dims: 368 x 368 x 368 | Mode: SINGLE_THREADED | Requesting 368x368 slice... | Request created, waiting for completion... | 
[2026-01-17 10:14:32.017] RenderSlice(dim=2, slice=33, maxSize=1205) | VDS (3D) | Dims: 368 x 368 x 368 | Mode: SINGLE_THREADED | Requesting 368x368 slice... | Request created, waiting for completion... | Slice: Inline 34/368 | Output: 368 x 368 | Raw: min=-3.19e+02 max=2.94e+02 mean=-4.62e-02 | 
[2026-01-17 10:14:32.019] [VDS] RenderSlice(dim=2, slice=33, maxSize=1205)
[2026-01-17 10:14:32.019] [VDS] VDS (3D)
[2026-01-17 10:14:32.019] [VDS] Dims: 368 x 368 x 368
[2026-01-17 10:14:32.019] [VDS] Mode: SINGLE_THREADED
[2026-01-17 10:14:32.019] [VDS] Requesting 368x368 slice...
[2026-01-17 10:14:32.019] [VDS] Request created, waiting for completion...
[2026-01-17 10:14:32.019] [VDS] Slice: Inline 34/368
[2026-01-17 10:14:32.019] [VDS] Output: 368 x 368
[2026-01-17 10:14:32.019] [VDS] Raw: min=-3.19e+02 max=2.94e+02 mean=-4.62e-02
[2026-01-17 10:14:32.019] [VDS] Saved: C:\Users\jonathan\AppData\LocalLow\Temp\openvds-preview-slice.bmp
[2026-01-17 10:14:32.047] Render: slice=34, maxSize=1205
[2026-01-17 10:14:32.047] RenderSlice(dim=2, slice=34, maxSize=1205) | 
[2026-01-17 10:14:32.047] RenderSlice(dim=2, slice=34, maxSize=1205) | VDS (3D) | Dims: 368 x 368 x 368 | Mode: SINGLE_THREADED | 
[2026-01-17 10:14:32.047] RenderSlice(dim=2, slice=34, maxSize=1205) | VDS (3D) | Dims: 368 x 368 x 368 | Mode: SINGLE_THREADED | Requesting 368x368 slice... | 
[2026-01-17 10:14:32.047] RenderSlice(dim=2, slice=34, maxSize=1205) | VDS (3D) | Dims: 368 x 368 x 368 | Mode: SINGLE_THREADED | Requesting 368x368 slice... | Request created, waiting for completion... | 
[2026-01-17 10:14:32.047] RenderSlice(dim=2, slice=34, maxSize=1205) | VDS (3D) | Dims: 368 x 368 x 368 | Mode: SINGLE_THREADED | Requesting 368x368 slice... | Request created, waiting for completion... | Slice: Inline 35/368 | Output: 368 x 368 | Raw: min=-3.61e+02 max=3.16e+02 mean=-4.67e-02 | 
[2026-01-17 10:14:32.047] [VDS] RenderSlice(dim=2, slice=34, maxSize=1205)
[2026-01-17 10:14:32.047] [VDS] VDS (3D)
[2026-01-17 10:14:32.062] [VDS] Dims: 368 x 368 x 368
[2026-01-17 10:14:32.062] [VDS] Mode: SINGLE_THREADED
[2026-01-17 10:14:32.062] [VDS] Requesting 368x368 slice...
[2026-01-17 10:14:32.062] [VDS] Request created, waiting for completion...
[2026-01-17 10:14:32.062] [VDS] Slice: Inline 35/368
[2026-01-17 10:14:32.062] [VDS] Output: 368 x 368
[2026-01-17 10:14:32.062] [VDS] Raw: min=-3.61e+02 max=3.16e+02 mean=-4.67e-02
[2026-01-17 10:14:32.062] [VDS] Saved: C:\Users\jonathan\AppData\LocalLow\Temp\openvds-preview-slice.bmp
[2026-01-17 10:14:32.079] Render: slice=36, maxSize=1205
[2026-01-17 10:14:32.079] RenderSlice(dim=2, slice=36, maxSize=1205) | 
[2026-01-17 10:14:32.079] RenderSlice(dim=2, slice=36, maxSize=1205) | VDS (3D) | Dims: 368 x 368 x 368 | Mode: SINGLE_THREADED | 
[2026-01-17 10:14:32.079] RenderSlice(dim=2, slice=36, maxSize=1205) | VDS (3D) | Dims: 368 x 368 x 368 | Mode: SINGLE_THREADED | Requesting 368x368 slice... | 
[2026-01-17 10:14:32.079] RenderSlice(dim=2, slice=36, maxSize=1205) | VDS (3D) | Dims: 368 x 368 x 368 | Mode: SINGLE_THREADED | Requesting 368x368 slice... | Request created, waiting for completion... | 
[2026-01-17 10:14:32.079] RenderSlice(dim=2, slice=36, maxSize=1205) | VDS (3D) | Dims: 368 x 368 x 368 | Mode: SINGLE_THREADED | Requesting 368x368 slice... | Request created, waiting for completion... | Slice: Inline 37/368 | Output: 368 x 368 | Raw: min=-3.16e+02 max=3.03e+02 mean=-2.80e-02 | 
[2026-01-17 10:14:32.095] [VDS] RenderSlice(dim=2, slice=36, maxSize=1205)
[2026-01-17 10:14:32.095] [VDS] VDS (3D)
[2026-01-17 10:14:32.095] [VDS] Dims: 368 x 368 x 368
[2026-01-17 10:14:32.095] [VDS] Mode: SINGLE_THREADED
[2026-01-17 10:14:32.095] [VDS] Requesting 368x368 slice...
[2026-01-17 10:14:32.095] [VDS] Request created, waiting for completion...
[2026-01-17 10:14:32.095] [VDS] Slice: Inline 37/368
[2026-01-17 10:14:32.095] [VDS] Output: 368 x 368
[2026-01-17 10:14:32.095] [VDS] Raw: min=-3.16e+02 max=3.03e+02 mean=-2.80e-02
[2026-01-17 10:14:32.095] [VDS] Saved: C:\Users\jonathan\AppData\LocalLow\Temp\openvds-preview-slice.bmp
[2026-01-17 10:14:32.126] Render: slice=37, maxSize=1205
[2026-01-17 10:14:32.126] RenderSlice(dim=2, slice=37, maxSize=1205) | 
[2026-01-17 10:14:32.142] RenderSlice(dim=2, slice=37, maxSize=1205) | VDS (3D) | Dims: 368 x 368 x 368 | Mode: SINGLE_THREADED | 
[2026-01-17 10:14:32.142] RenderSlice(dim=2, slice=37, maxSize=1205) | VDS (3D) | Dims: 368 x 368 x 368 | Mode: SINGLE_THREADED | Requesting 368x368 slice... | 
[2026-01-17 10:14:32.142] RenderSlice(dim=2, slice=37, maxSize=1205) | VDS (3D) | Dims: 368 x 368 x 368 | Mode: SINGLE_THREADED | Requesting 368x368 slice... | Request created, waiting for completion... | 
[2026-01-17 10:14:32.142] RenderSlice(dim=2, slice=37, maxSize=1205) | VDS (3D) | Dims: 368 x 368 x 368 | Mode: SINGLE_THREADED | Requesting 368x368 slice... | Request created, waiting for completion... | Slice: Inline 38/368 | Output: 368 x 368 | Raw: min=-3.08e+02 max=2.70e+02 mean=-1.58e-02 | 
[2026-01-17 10:14:32.142] [VDS] RenderSlice(dim=2, slice=37, maxSize=1205)
[2026-01-17 10:14:32.142] [VDS] VDS (3D)
[2026-01-17 10:14:32.142] [VDS] Dims: 368 x 368 x 368
[2026-01-17 10:14:32.142] [VDS] Mode: SINGLE_THREADED
[2026-01-17 10:14:32.142] [VDS] Requesting 368x368 slice...
[2026-01-17 10:14:32.158] [VDS] Request created, waiting for completion...
[2026-01-17 10:14:32.158] [VDS] Slice: Inline 38/368
[2026-01-17 10:14:32.158] [VDS] Output: 368 x 368
[2026-01-17 10:14:32.158] [VDS] Raw: min=-3.08e+02 max=2.70e+02 mean=-1.58e-02
[2026-01-17 10:14:32.158] [VDS] Saved: C:\Users\jonathan\AppData\LocalLow\Temp\openvds-preview-slice.bmp
[2026-01-17 10:14:32.174] Render: slice=38, maxSize=1205
[2026-01-17 10:14:32.174] RenderSlice(dim=2, slice=38, maxSize=1205) | 
[2026-01-17 10:14:32.174] RenderSlice(dim=2, slice=38, maxSize=1205) | VDS (3D) | Dims: 368 x 368 x 368 | Mode: SINGLE_THREADED | 
[2026-01-17 10:14:32.189] RenderSlice(dim=2, slice=38, maxSize=1205) | VDS (3D) | Dims: 368 x 368 x 368 | Mode: SINGLE_THREADED | Requesting 368x368 slice... | 
[2026-01-17 10:14:32.189] RenderSlice(dim=2, slice=38, maxSize=1205) | VDS (3D) | Dims: 368 x 368 x 368 | Mode: SINGLE_THREADED | Requesting 368x368 slice... | Request created, waiting for completion... | 
[2026-01-17 10:14:32.189] RenderSlice(dim=2, slice=38, maxSize=1205) | VDS (3D) | Dims: 368 x 368 x 368 | Mode: SINGLE_THREADED | Requesting 368x368 slice... | Request created, waiting for completion... | Slice: Inline 39/368 | Output: 368 x 368 | Raw: min=-3.20e+02 max=2.81e+02 mean=-2.20e-02 | 
[2026-01-17 10:14:32.189] [VDS] RenderSlice(dim=2, slice=38, maxSize=1205)
[2026-01-17 10:14:32.189] [VDS] VDS (3D)
[2026-01-17 10:14:32.189] [VDS] Dims: 368 x 368 x 368
[2026-01-17 10:14:32.189] [VDS] Mode: SINGLE_THREADED
[2026-01-17 10:14:32.200] [VDS] Requesting 368x368 slice...
[2026-01-17 10:14:32.200] [VDS] Request created, waiting for completion...
[2026-01-17 10:14:32.200] [VDS] Slice: Inline 39/368
[2026-01-17 10:14:32.200] [VDS] Output: 368 x 368
[2026-01-17 10:14:32.200] [VDS] Raw: min=-3.20e+02 max=2.81e+02 mean=-2.20e-02
[2026-01-17 10:14:32.200] [VDS] Saved: C:\Users\jonathan\AppData\LocalLow\Temp\openvds-preview-slice.bmp
[2026-01-17 10:14:32.475] Render: slice=39, maxSize=1205
[2026-01-17 10:14:32.475] RenderSlice(dim=2, slice=39, maxSize=1205) | 
[2026-01-17 10:14:32.475] RenderSlice(dim=2, slice=39, maxSize=1205) | VDS (3D) | Dims: 368 x 368 x 368 | Mode: SINGLE_THREADED | 
[2026-01-17 10:14:32.475] RenderSlice(dim=2, slice=39, maxSize=1205) | VDS (3D) | Dims: 368 x 368 x 368 | Mode: SINGLE_THREADED | Requesting 368x368 slice... | 
[2026-01-17 10:14:32.491] RenderSlice(dim=2, slice=39, maxSize=1205) | VDS (3D) | Dims: 368 x 368 x 368 | Mode: SINGLE_THREADED | Requesting 368x368 slice... | Request created, waiting for completion... | 
[2026-01-17 10:14:32.493] RenderSlice(dim=2, slice=39, maxSize=1205) | VDS (3D) | Dims: 368 x 368 x 368 | Mode: SINGLE_THREADED | Requesting 368x368 slice... | Request created, waiting for completion... | Slice: Inline 40/368 | Output: 368 x 368 | Raw: min=-2.97e+02 max=2.51e+02 mean=-7.57e-03 | 
[2026-01-17 10:14:32.497] [VDS] RenderSlice(dim=2, slice=39, maxSize=1205)
[2026-01-17 10:14:32.497] [VDS] VDS (3D)
[2026-01-17 10:14:32.497] [VDS] Dims: 368 x 368 x 368
[2026-01-17 10:14:32.497] [VDS] Mode: SINGLE_THREADED
[2026-01-17 10:14:32.497] [VDS] Requesting 368x368 slice...
[2026-01-17 10:14:32.499] [VDS] Request created, waiting for completion...
[2026-01-17 10:14:32.499] [VDS] Slice: Inline 40/368
[2026-01-17 10:14:32.499] [VDS] Output: 368 x 368
[2026-01-17 10:14:32.499] [VDS] Raw: min=-2.97e+02 max=2.51e+02 mean=-7.57e-03
[2026-01-17 10:14:32.499] [VDS] Saved: C:\Users\jonathan\AppData\LocalLow\Temp\openvds-preview-slice.bmp
[2026-01-17 10:14:33.855] Render: slice=40, maxSize=1205
[2026-01-17 10:14:33.855] RenderSlice(dim=2, slice=40, maxSize=1205) | 
[2026-01-17 10:14:33.855] RenderSlice(dim=2, slice=40, maxSize=1205) | VDS (3D) | Dims: 368 x 368 x 368 | Mode: SINGLE_THREADED | 
[2026-01-17 10:14:33.855] RenderSlice(dim=2, slice=40, maxSize=1205) | VDS (3D) | Dims: 368 x 368 x 368 | Mode: SINGLE_THREADED | Requesting 368x368 slice... | 
[2026-01-17 10:14:33.855] RenderSlice(dim=2, slice=40, maxSize=1205) | VDS (3D) | Dims: 368 x 368 x 368 | Mode: SINGLE_THREADED | Requesting 368x368 slice... | Request created, waiting for completion... | 
[2026-01-17 10:14:33.855] RenderSlice(dim=2, slice=40, maxSize=1205) | VDS (3D) | Dims: 368 x 368 x 368 | Mode: SINGLE_THREADED | Requesting 368x368 slice... | Request created, waiting for completion... | Slice: Inline 41/368 | Output: 368 x 368 | Raw: min=-3.31e+02 max=2.69e+02 mean=-5.13e-03 | 
[2026-01-17 10:14:33.865] [VDS] RenderSlice(dim=2, slice=40, maxSize=1205)
[2026-01-17 10:14:33.865] [VDS] VDS (3D)
[2026-01-17 10:14:33.865] [VDS] Dims: 368 x 368 x 368
[2026-01-17 10:14:33.865] [VDS] Mode: SINGLE_THREADED
[2026-01-17 10:14:33.865] [VDS] Requesting 368x368 slice...
[2026-01-17 10:14:33.865] [VDS] Request created, waiting for completion...
[2026-01-17 10:14:33.865] [VDS] Slice: Inline 41/368
[2026-01-17 10:14:33.865] [VDS] Output: 368 x 368
[2026-01-17 10:14:33.865] [VDS] Raw: min=-3.31e+02 max=2.69e+02 mean=-5.13e-03
[2026-01-17 10:14:33.865] [VDS] Saved: C:\Users\jonathan\AppData\LocalLow\Temp\openvds-preview-slice.bmp
[2026-01-17 10:14:33.874] Render: slice=41, maxSize=1205
[2026-01-17 10:14:33.874] RenderSlice(dim=2, slice=41, maxSize=1205) | 
[2026-01-17 10:14:33.874] RenderSlice(dim=2, slice=41, maxSize=1205) | VDS (3D) | Dims: 368 x 368 x 368 | Mode: SINGLE_THREADED | 
[2026-01-17 10:14:33.874] RenderSlice(dim=2, slice=41, maxSize=1205) | VDS (3D) | Dims: 368 x 368 x 368 | Mode: SINGLE_THREADED | Requesting 368x368 slice... | 
[2026-01-17 10:14:33.874] RenderSlice(dim=2, slice=41, maxSize=1205) | VDS (3D) | Dims: 368 x 368 x 368 | Mode: SINGLE_THREADED | Requesting 368x368 slice... | Request created, waiting for completion... | 
[2026-01-17 10:14:33.876] RenderSlice(dim=2, slice=41, maxSize=1205) | VDS (3D) | Dims: 368 x 368 x 368 | Mode: SINGLE_THREADED | Requesting 368x368 slice... | Request created, waiting for completion... | Slice: Inline 42/368 | Output: 368 x 368 | Raw: min=-2.91e+02 max=2.40e+02 mean=-1.84e-02 | 
[2026-01-17 10:14:33.876] [VDS] RenderSlice(dim=2, slice=41, maxSize=1205)
[2026-01-17 10:14:33.876] [VDS] VDS (3D)
[2026-01-17 10:14:33.876] [VDS] Dims: 368 x 368 x 368
[2026-01-17 10:14:33.878] [VDS] Mode: SINGLE_THREADED
[2026-01-17 10:14:33.878] [VDS] Requesting 368x368 slice...
[2026-01-17 10:14:33.878] [VDS] Request created, waiting for completion...
[2026-01-17 10:14:33.878] [VDS] Slice: Inline 42/368
[2026-01-17 10:14:33.878] [VDS] Output: 368 x 368
[2026-01-17 10:14:33.878] [VDS] Raw: min=-2.91e+02 max=2.40e+02 mean=-1.84e-02
[2026-01-17 10:14:33.878] [VDS] Saved: C:\Users\jonathan\AppData\LocalLow\Temp\openvds-preview-slice.bmp
[2026-01-17 10:14:33.890] Render: slice=42, maxSize=1205
[2026-01-17 10:14:33.892] RenderSlice(dim=2, slice=42, maxSize=1205) | 
[2026-01-17 10:14:33.892] RenderSlice(dim=2, slice=42, maxSize=1205) | VDS (3D) | Dims: 368 x 368 x 368 | Mode: SINGLE_THREADED | 
[2026-01-17 10:14:33.892] RenderSlice(dim=2, slice=42, maxSize=1205) | VDS (3D) | Dims: 368 x 368 x 368 | Mode: SINGLE_THREADED | Requesting 368x368 slice... | 
[2026-01-17 10:14:33.892] RenderSlice(dim=2, slice=42, maxSize=1205) | VDS (3D) | Dims: 368 x 368 x 368 | Mode: SINGLE_THREADED | Requesting 368x368 slice... | Request created, waiting for completion... | 
[2026-01-17 10:14:33.892] RenderSlice(dim=2, slice=42, maxSize=1205) | VDS (3D) | Dims: 368 x 368 x 368 | Mode: SINGLE_THREADED | Requesting 368x368 slice... | Request created, waiting for completion... | Slice: Inline 43/368 | Output: 368 x 368 | Raw: min=-2.69e+02 max=2.49e+02 mean=5.73e-03 | 
[2026-01-17 10:14:33.901] [VDS] RenderSlice(dim=2, slice=42, maxSize=1205)
[2026-01-17 10:14:33.901] [VDS] VDS (3D)
[2026-01-17 10:14:33.901] [VDS] Dims: 368 x 368 x 368
[2026-01-17 10:14:33.901] [VDS] Mode: SINGLE_THREADED
[2026-01-17 10:14:33.901] [VDS] Requesting 368x368 slice...
[2026-01-17 10:14:33.901] [VDS] Request created, waiting for completion...
[2026-01-17 10:14:33.901] [VDS] Slice: Inline 43/368
[2026-01-17 10:14:33.901] [VDS] Output: 368 x 368
[2026-01-17 10:14:33.901] [VDS] Raw: min=-2.69e+02 max=2.49e+02 mean=5.73e-03
[2026-01-17 10:14:33.901] [VDS] Saved: C:\Users\jonathan\AppData\LocalLow\Temp\openvds-preview-slice.bmp
[2026-01-17 10:14:33.931] Render: slice=44, maxSize=1205
[2026-01-17 10:14:33.931] RenderSlice(dim=2, slice=44, maxSize=1205) | 
[2026-01-17 10:14:33.931] RenderSlice(dim=2, slice=44, maxSize=1205) | VDS (3D) | Dims: 368 x 368 x 368 | Mode: SINGLE_THREADED | 
[2026-01-17 10:14:33.931] RenderSlice(dim=2, slice=44, maxSize=1205) | VDS (3D) | Dims: 368 x 368 x 368 | Mode: SINGLE_THREADED | Requesting 368x368 slice... | 
[2026-01-17 10:14:33.931] RenderSlice(dim=2, slice=44, maxSize=1205) | VDS (3D) | Dims: 368 x 368 x 368 | Mode: SINGLE_THREADED | Requesting 368x368 slice... | Request created, waiting for completion... | 
[2026-01-17 10:14:33.931] RenderSlice(dim=2, slice=44, maxSize=1205) | VDS (3D) | Dims: 368 x 368 x 368 | Mode: SINGLE_THREADED | Requesting 368x368 slice... | Request created, waiting for completion... | Slice: Inline 45/368 | Output: 368 x 368 | Raw: min=-2.65e+02 max=2.68e+02 mean=2.61e-03 | 
[2026-01-17 10:14:33.931] [VDS] RenderSlice(dim=2, slice=44, maxSize=1205)
[2026-01-17 10:14:33.931] [VDS] VDS (3D)
[2026-01-17 10:14:33.931] [VDS] Dims: 368 x 368 x 368
[2026-01-17 10:14:33.931] [VDS] Mode: SINGLE_THREADED
[2026-01-17 10:14:33.947] [VDS] Requesting 368x368 slice...
[2026-01-17 10:14:33.947] [VDS] Request created, waiting for completion...
[2026-01-17 10:14:33.947] [VDS] Slice: Inline 45/368
[2026-01-17 10:14:33.947] [VDS] Output: 368 x 368
[2026-01-17 10:14:33.947] [VDS] Raw: min=-2.65e+02 max=2.68e+02 mean=2.61e-03
[2026-01-17 10:14:33.947] [VDS] Saved: C:\Users\jonathan\AppData\LocalLow\Temp\openvds-preview-slice.bmp
[2026-01-17 10:14:33.963] Render: slice=46, maxSize=1205
[2026-01-17 10:14:33.963] RenderSlice(dim=2, slice=46, maxSize=1205) | 
[2026-01-17 10:14:33.963] RenderSlice(dim=2, slice=46, maxSize=1205) | VDS (3D) | Dims: 368 x 368 x 368 | Mode: SINGLE_THREADED | 
[2026-01-17 10:14:33.963] RenderSlice(dim=2, slice=46, maxSize=1205) | VDS (3D) | Dims: 368 x 368 x 368 | Mode: SINGLE_THREADED | Requesting 368x368 slice... | 
[2026-01-17 10:14:33.963] RenderSlice(dim=2, slice=46, maxSize=1205) | VDS (3D) | Dims: 368 x 368 x 368 | Mode: SINGLE_THREADED | Requesting 368x368 slice... | Request created, waiting for completion... | 
[2026-01-17 10:14:33.963] RenderSlice(dim=2, slice=46, maxSize=1205) | VDS (3D) | Dims: 368 x 368 x 368 | Mode: SINGLE_THREADED | Requesting 368x368 slice... | Request created, waiting for completion... | Slice: Inline 47/368 | Output: 368 x 368 | Raw: min=-3.17e+02 max=3.06e+02 mean=-8.21e-03 | 
[2026-01-17 10:14:33.963] [VDS] RenderSlice(dim=2, slice=46, maxSize=1205)
[2026-01-17 10:14:33.979] [VDS] VDS (3D)
[2026-01-17 10:14:33.979] [VDS] Dims: 368 x 368 x 368
[2026-01-17 10:14:33.979] [VDS] Mode: SINGLE_THREADED
[2026-01-17 10:14:33.979] [VDS] Requesting 368x368 slice...
[2026-01-17 10:14:33.979] [VDS] Request created, waiting for completion...
[2026-01-17 10:14:33.979] [VDS] Slice: Inline 47/368
[2026-01-17 10:14:33.979] [VDS] Output: 368 x 368
[2026-01-17 10:14:33.979] [VDS] Raw: min=-3.17e+02 max=3.06e+02 mean=-8.21e-03
[2026-01-17 10:14:33.979] [VDS] Saved: C:\Users\jonathan\AppData\LocalLow\Temp\openvds-preview-slice.bmp
[2026-01-17 10:14:33.994] Render: slice=47, maxSize=1205
[2026-01-17 10:14:33.994] RenderSlice(dim=2, slice=47, maxSize=1205) | 
[2026-01-17 10:14:33.994] RenderSlice(dim=2, slice=47, maxSize=1205) | VDS (3D) | Dims: 368 x 368 x 368 | Mode: SINGLE_THREADED | 
[2026-01-17 10:14:33.994] RenderSlice(dim=2, slice=47, maxSize=1205) | VDS (3D) | Dims: 368 x 368 x 368 | Mode: SINGLE_THREADED | Requesting 368x368 slice... | 
[2026-01-17 10:14:33.994] RenderSlice(dim=2, slice=47, maxSize=1205) | VDS (3D) | Dims: 368 x 368 x 368 | Mode: SINGLE_THREADED | Requesting 368x368 slice... | Request created, waiting for completion... | 
[2026-01-17 10:14:33.994] RenderSlice(dim=2, slice=47, maxSize=1205) | VDS (3D) | Dims: 368 x 368 x 368 | Mode: SINGLE_THREADED | Requesting 368x368 slice... | Request created, waiting for completion... | Slice: Inline 48/368 | Output: 368 x 368 | Raw: min=-2.97e+02 max=2.98e+02 mean=-8.90e-03 | 
[2026-01-17 10:14:34.010] [VDS] RenderSlice(dim=2, slice=47, maxSize=1205)
[2026-01-17 10:14:34.010] [VDS] VDS (3D)
[2026-01-17 10:14:34.010] [VDS] Dims: 368 x 368 x 368
[2026-01-17 10:14:34.010] [VDS] Mode: SINGLE_THREADED
[2026-01-17 10:14:34.010] [VDS] Requesting 368x368 slice...
[2026-01-17 10:14:34.010] [VDS] Request created, waiting for completion...
[2026-01-17 10:14:34.010] [VDS] Slice: Inline 48/368
[2026-01-17 10:14:34.010] [VDS] Output: 368 x 368
[2026-01-17 10:14:34.010] [VDS] Raw: min=-2.97e+02 max=2.98e+02 mean=-8.90e-03
[2026-01-17 10:14:34.010] [VDS] Saved: C:\Users\jonathan\AppData\LocalLow\Temp\openvds-preview-slice.bmp
[2026-01-17 10:14:37.253] Render: slice=48, maxSize=1205
[2026-01-17 10:14:37.253] RenderSlice(dim=2, slice=48, maxSize=1205) | 
[2026-01-17 10:14:37.253] RenderSlice(dim=2, slice=48, maxSize=1205) | VDS (3D) | Dims: 368 x 368 x 368 | Mode: SINGLE_THREADED | 
[2026-01-17 10:14:37.253] RenderSlice(dim=2, slice=48, maxSize=1205) | VDS (3D) | Dims: 368 x 368 x 368 | Mode: SINGLE_THREADED | Requesting 368x368 slice... | 
[2026-01-17 10:14:37.253] RenderSlice(dim=2, slice=48, maxSize=1205) | VDS (3D) | Dims: 368 x 368 x 368 | Mode: SINGLE_THREADED | Requesting 368x368 slice... | Request created, waiting for completion... | 
[2026-01-17 10:14:37.259] RenderSlice(dim=2, slice=48, maxSize=1205) | VDS (3D) | Dims: 368 x 368 x 368 | Mode: SINGLE_THREADED | Requesting 368x368 slice... | Request created, waiting for completion... | Slice: Inline 49/368 | Output: 368 x 368 | Raw: min=-3.08e+02 max=2.96e+02 mean=-1.40e-02 | 
[2026-01-17 10:14:37.261] [VDS] RenderSlice(dim=2, slice=48, maxSize=1205)
[2026-01-17 10:14:37.261] [VDS] VDS (3D)
[2026-01-17 10:14:37.261] [VDS] Dims: 368 x 368 x 368
[2026-01-17 10:14:37.261] [VDS] Mode: SINGLE_THREADED
[2026-01-17 10:14:37.263] [VDS] Requesting 368x368 slice...
[2026-01-17 10:14:37.263] [VDS] Request created, waiting for completion...
[2026-01-17 10:14:37.263] [VDS] Slice: Inline 49/368
[2026-01-17 10:14:37.263] [VDS] Output: 368 x 368
[2026-01-17 10:14:37.263] [VDS] Raw: min=-3.08e+02 max=2.96e+02 mean=-1.40e-02
[2026-01-17 10:14:37.263] [VDS] Saved: C:\Users\jonathan\AppData\LocalLow\Temp\openvds-preview-slice.bmp
[2026-01-17 10:14:37.273] Render: slice=49, maxSize=1205
[2026-01-17 10:14:37.273] RenderSlice(dim=2, slice=49, maxSize=1205) | 
[2026-01-17 10:14:37.273] RenderSlice(dim=2, slice=49, maxSize=1205) | VDS (3D) | Dims: 368 x 368 x 368 | Mode: SINGLE_THREADED | 
[2026-01-17 10:14:37.273] RenderSlice(dim=2, slice=49, maxSize=1205) | VDS (3D) | Dims: 368 x 368 x 368 | Mode: SINGLE_THREADED | Requesting 368x368 slice... | 
[2026-01-17 10:14:37.273] RenderSlice(dim=2, slice=49, maxSize=1205) | VDS (3D) | Dims: 368 x 368 x 368 | Mode: SINGLE_THREADED | Requesting 368x368 slice... | Request created, waiting for completion... | 
[2026-01-17 10:14:37.273] RenderSlice(dim=2, slice=49, maxSize=1205) | VDS (3D) | Dims: 368 x 368 x 368 | Mode: SINGLE_THREADED | Requesting 368x368 slice... | Request created, waiting for completion... | Slice: Inline 50/368 | Output: 368 x 368 | Raw: min=-3.20e+02 max=2.91e+02 mean=-2.63e-02 | 
[2026-01-17 10:14:37.275] [VDS] RenderSlice(dim=2, slice=49, maxSize=1205)
[2026-01-17 10:14:37.275] [VDS] VDS (3D)
[2026-01-17 10:14:37.275] [VDS] Dims: 368 x 368 x 368
[2026-01-17 10:14:37.275] [VDS] Mode: SINGLE_THREADED
[2026-01-17 10:14:37.275] [VDS] Requesting 368x368 slice...
[2026-01-17 10:14:37.275] [VDS] Request created, waiting for completion...
[2026-01-17 10:14:37.275] [VDS] Slice: Inline 50/368
[2026-01-17 10:14:37.275] [VDS] Output: 368 x 368
[2026-01-17 10:14:37.275] [VDS] Raw: min=-3.20e+02 max=2.91e+02 mean=-2.63e-02
[2026-01-17 10:14:37.275] [VDS] Saved: C:\Users\jonathan\AppData\LocalLow\Temp\openvds-preview-slice.bmp
[2026-01-17 10:14:37.289] Render: slice=50, maxSize=1205
[2026-01-17 10:14:37.289] RenderSlice(dim=2, slice=50, maxSize=1205) | 
[2026-01-17 10:14:37.289] RenderSlice(dim=2, slice=50, maxSize=1205) | VDS (3D) | Dims: 368 x 368 x 368 | Mode: SINGLE_THREADED | 
[2026-01-17 10:14:37.299] RenderSlice(dim=2, slice=50, maxSize=1205) | VDS (3D) | Dims: 368 x 368 x 368 | Mode: SINGLE_THREADED | Requesting 368x368 slice... | 
[2026-01-17 10:14:37.299] RenderSlice(dim=2, slice=50, maxSize=1205) | VDS (3D) | Dims: 368 x 368 x 368 | Mode: SINGLE_THREADED | Requesting 368x368 slice... | Request created, waiting for completion... | 
[2026-01-17 10:14:37.299] RenderSlice(dim=2, slice=50, maxSize=1205) | VDS (3D) | Dims: 368 x 368 x 368 | Mode: SINGLE_THREADED | Requesting 368x368 slice... | Request created, waiting for completion... | Slice: Inline 51/368 | Output: 368 x 368 | Raw: min=-2.91e+02 max=3.14e+02 mean=-3.37e-02 | 
[2026-01-17 10:14:37.299] [VDS] RenderSlice(dim=2, slice=50, maxSize=1205)
[2026-01-17 10:14:37.299] [VDS] VDS (3D)
[2026-01-17 10:14:37.299] [VDS] Dims: 368 x 368 x 368
[2026-01-17 10:14:37.299] [VDS] Mode: SINGLE_THREADED
[2026-01-17 10:14:37.299] [VDS] Requesting 368x368 slice...
[2026-01-17 10:14:37.314] [VDS] Request created, waiting for completion...
[2026-01-17 10:14:37.314] [VDS] Slice: Inline 51/368
[2026-01-17 10:14:37.314] [VDS] Output: 368 x 368
[2026-01-17 10:14:37.314] [VDS] Raw: min=-2.91e+02 max=3.14e+02 mean=-3.37e-02
[2026-01-17 10:14:37.314] [VDS] Saved: C:\Users\jonathan\AppData\LocalLow\Temp\openvds-preview-slice.bmp
[2026-01-17 10:14:37.343] Render: slice=52, maxSize=1205
[2026-01-17 10:14:37.343] RenderSlice(dim=2, slice=52, maxSize=1205) | 
[2026-01-17 10:14:37.343] RenderSlice(dim=2, slice=52, maxSize=1205) | VDS (3D) | Dims: 368 x 368 x 368 | Mode: SINGLE_THREADED | 
[2026-01-17 10:14:37.343] RenderSlice(dim=2, slice=52, maxSize=1205) | VDS (3D) | Dims: 368 x 368 x 368 | Mode: SINGLE_THREADED | Requesting 368x368 slice... | 
[2026-01-17 10:14:37.346] RenderSlice(dim=2, slice=52, maxSize=1205) | VDS (3D) | Dims: 368 x 368 x 368 | Mode: SINGLE_THREADED | Requesting 368x368 slice... | Request created, waiting for completion... | 
[2026-01-17 10:14:37.346] RenderSlice(dim=2, slice=52, maxSize=1205) | VDS (3D) | Dims: 368 x 368 x 368 | Mode: SINGLE_THREADED | Requesting 368x368 slice... | Request created, waiting for completion... | Slice: Inline 53/368 | Output: 368 x 368 | Raw: min=-3.09e+02 max=2.77e+02 mean=-4.88e-02 | 
[2026-01-17 10:14:37.346] [VDS] RenderSlice(dim=2, slice=52, maxSize=1205)
[2026-01-17 10:14:37.346] [VDS] VDS (3D)
[2026-01-17 10:14:37.346] [VDS] Dims: 368 x 368 x 368
[2026-01-17 10:14:37.346] [VDS] Mode: SINGLE_THREADED
[2026-01-17 10:14:37.346] [VDS] Requesting 368x368 slice...
[2026-01-17 10:14:37.346] [VDS] Request created, waiting for completion...
[2026-01-17 10:14:37.346] [VDS] Slice: Inline 53/368
[2026-01-17 10:14:37.346] [VDS] Output: 368 x 368
[2026-01-17 10:14:37.346] [VDS] Raw: min=-3.09e+02 max=2.77e+02 mean=-4.88e-02
[2026-01-17 10:14:37.346] [VDS] Saved: C:\Users\jonathan\AppData\LocalLow\Temp\openvds-preview-slice.bmp
[2026-01-17 10:14:37.366] Render: slice=55, maxSize=1205
[2026-01-17 10:14:37.366] RenderSlice(dim=2, slice=55, maxSize=1205) | 
[2026-01-17 10:14:37.378] RenderSlice(dim=2, slice=55, maxSize=1205) | VDS (3D) | Dims: 368 x 368 x 368 | Mode: SINGLE_THREADED | 
[2026-01-17 10:14:37.378] RenderSlice(dim=2, slice=55, maxSize=1205) | VDS (3D) | Dims: 368 x 368 x 368 | Mode: SINGLE_THREADED | Requesting 368x368 slice... | 
[2026-01-17 10:14:37.378] RenderSlice(dim=2, slice=55, maxSize=1205) | VDS (3D) | Dims: 368 x 368 x 368 | Mode: SINGLE_THREADED | Requesting 368x368 slice... | Request created, waiting for completion... | 
[2026-01-17 10:14:37.378] RenderSlice(dim=2, slice=55, maxSize=1205) | VDS (3D) | Dims: 368 x 368 x 368 | Mode: SINGLE_THREADED | Requesting 368x368 slice... | Request created, waiting for completion... | Slice: Inline 56/368 | Output: 368 x 368 | Raw: min=-2.86e+02 max=3.22e+02 mean=-5.97e-02 | 
[2026-01-17 10:14:37.378] [VDS] RenderSlice(dim=2, slice=55, maxSize=1205)
[2026-01-17 10:14:37.378] [VDS] VDS (3D)
[2026-01-17 10:14:37.378] [VDS] Dims: 368 x 368 x 368
[2026-01-17 10:14:37.378] [VDS] Mode: SINGLE_THREADED
[2026-01-17 10:14:37.378] [VDS] Requesting 368x368 slice...
[2026-01-17 10:14:37.378] [VDS] Request created, waiting for completion...
[2026-01-17 10:14:37.378] [VDS] Slice: Inline 56/368
[2026-01-17 10:14:37.378] [VDS] Output: 368 x 368
[2026-01-17 10:14:37.378] [VDS] Raw: min=-2.86e+02 max=3.22e+02 mean=-5.97e-02
[2026-01-17 10:14:37.378] [VDS] Saved: C:\Users\jonathan\AppData\LocalLow\Temp\openvds-preview-slice.bmp
[2026-01-17 10:14:37.412] Render: slice=56, maxSize=1205
[2026-01-17 10:14:37.412] RenderSlice(dim=2, slice=56, maxSize=1205) | 
[2026-01-17 10:14:37.412] RenderSlice(dim=2, slice=56, maxSize=1205) | VDS (3D) | Dims: 368 x 368 x 368 | Mode: SINGLE_THREADED | 
[2026-01-17 10:14:37.412] RenderSlice(dim=2, slice=56, maxSize=1205) | VDS (3D) | Dims: 368 x 368 x 368 | Mode: SINGLE_THREADED | Requesting 368x368 slice... | 
[2026-01-17 10:14:37.412] RenderSlice(dim=2, slice=56, maxSize=1205) | VDS (3D) | Dims: 368 x 368 x 368 | Mode: SINGLE_THREADED | Requesting 368x368 slice... | Request created, waiting for completion... | 
[2026-01-17 10:14:37.412] RenderSlice(dim=2, slice=56, maxSize=1205) | VDS (3D) | Dims: 368 x 368 x 368 | Mode: SINGLE_THREADED | Requesting 368x368 slice... | Request created, waiting for completion... | Slice: Inline 57/368 | Output: 368 x 368 | Raw: min=-3.09e+02 max=2.90e+02 mean=-5.08e-02 | 
[2026-01-17 10:14:37.412] [VDS] RenderSlice(dim=2, slice=56, maxSize=1205)
[2026-01-17 10:14:37.412] [VDS] VDS (3D)
[2026-01-17 10:14:37.412] [VDS] Dims: 368 x 368 x 368
[2026-01-17 10:14:37.412] [VDS] Mode: SINGLE_THREADED
[2026-01-17 10:14:37.412] [VDS] Requesting 368x368 slice...
[2026-01-17 10:14:37.412] [VDS] Request created, waiting for completion...
[2026-01-17 10:14:37.412] [VDS] Slice: Inline 57/368
[2026-01-17 10:14:37.412] [VDS] Output: 368 x 368
[2026-01-17 10:14:37.412] [VDS] Raw: min=-3.09e+02 max=2.90e+02 mean=-5.08e-02
[2026-01-17 10:14:37.412] [VDS] Saved: C:\Users\jonathan\AppData\LocalLow\Temp\openvds-preview-slice.bmp
[2026-01-17 10:14:37.753] Render: slice=57, maxSize=1205
[2026-01-17 10:14:37.753] RenderSlice(dim=2, slice=57, maxSize=1205) | 
[2026-01-17 10:14:37.753] RenderSlice(dim=2, slice=57, maxSize=1205) | VDS (3D) | Dims: 368 x 368 x 368 | Mode: SINGLE_THREADED | 
[2026-01-17 10:14:37.753] RenderSlice(dim=2, slice=57, maxSize=1205) | VDS (3D) | Dims: 368 x 368 x 368 | Mode: SINGLE_THREADED | Requesting 368x368 slice... | 
[2026-01-17 10:14:37.753] RenderSlice(dim=2, slice=57, maxSize=1205) | VDS (3D) | Dims: 368 x 368 x 368 | Mode: SINGLE_THREADED | Requesting 368x368 slice... | Request created, waiting for completion... | 
[2026-01-17 10:14:37.762] RenderSlice(dim=2, slice=57, maxSize=1205) | VDS (3D) | Dims: 368 x 368 x 368 | Mode: SINGLE_THREADED | Requesting 368x368 slice... | Request created, waiting for completion... | Slice: Inline 58/368 | Output: 368 x 368 | Raw: min=-2.69e+02 max=2.71e+02 mean=-3.95e-02 | 
[2026-01-17 10:14:37.762] [VDS] RenderSlice(dim=2, slice=57, maxSize=1205)
[2026-01-17 10:14:37.762] [VDS] VDS (3D)
[2026-01-17 10:14:37.762] [VDS] Dims: 368 x 368 x 368
[2026-01-17 10:14:37.762] [VDS] Mode: SINGLE_THREADED
[2026-01-17 10:14:37.762] [VDS] Requesting 368x368 slice...
[2026-01-17 10:14:37.762] [VDS] Request created, waiting for completion...
[2026-01-17 10:14:37.762] [VDS] Slice: Inline 58/368
[2026-01-17 10:14:37.762] [VDS] Output: 368 x 368
[2026-01-17 10:14:37.762] [VDS] Raw: min=-2.69e+02 max=2.71e+02 mean=-3.95e-02
[2026-01-17 10:14:37.762] [VDS] Saved: C:\Users\jonathan\AppData\LocalLow\Temp\openvds-preview-slice.bmp
[2026-01-17 10:14:37.769] Render: slice=58, maxSize=1205
[2026-01-17 10:14:37.769] RenderSlice(dim=2, slice=58, maxSize=1205) | 
[2026-01-17 10:14:37.769] RenderSlice(dim=2, slice=58, maxSize=1205) | VDS (3D) | Dims: 368 x 368 x 368 | Mode: SINGLE_THREADED | 
[2026-01-17 10:14:37.769] RenderSlice(dim=2, slice=58, maxSize=1205) | VDS (3D) | Dims: 368 x 368 x 368 | Mode: SINGLE_THREADED | Requesting 368x368 slice... | 
[2026-01-17 10:14:37.769] RenderSlice(dim=2, slice=58, maxSize=1205) | VDS (3D) | Dims: 368 x 368 x 368 | Mode: SINGLE_THREADED | Requesting 368x368 slice... | Request created, waiting for completion... | 
[2026-01-17 10:14:37.769] RenderSlice(dim=2, slice=58, maxSize=1205) | VDS (3D) | Dims: 368 x 368 x 368 | Mode: SINGLE_THREADED | Requesting 368x368 slice... | Request created, waiting for completion... | Slice: Inline 59/368 | Output: 368 x 368 | Raw: min=-2.65e+02 max=2.66e+02 mean=-4.00e-02 | 
[2026-01-17 10:14:37.769] [VDS] RenderSlice(dim=2, slice=58, maxSize=1205)
[2026-01-17 10:14:37.769] [VDS] VDS (3D)
[2026-01-17 10:14:37.769] [VDS] Dims: 368 x 368 x 368
[2026-01-17 10:14:37.776] [VDS] Mode: SINGLE_THREADED
[2026-01-17 10:14:37.776] [VDS] Requesting 368x368 slice...
[2026-01-17 10:14:37.776] [VDS] Request created, waiting for completion...
[2026-01-17 10:14:37.776] [VDS] Slice: Inline 59/368
[2026-01-17 10:14:37.776] [VDS] Output: 368 x 368
[2026-01-17 10:14:37.776] [VDS] Raw: min=-2.65e+02 max=2.66e+02 mean=-4.00e-02
[2026-01-17 10:14:37.776] [VDS] Saved: C:\Users\jonathan\AppData\LocalLow\Temp\openvds-preview-slice.bmp
[2026-01-17 10:14:37.794] Render: slice=59, maxSize=1205
[2026-01-17 10:14:37.794] RenderSlice(dim=2, slice=59, maxSize=1205) | 
[2026-01-17 10:14:37.794] RenderSlice(dim=2, slice=59, maxSize=1205) | VDS (3D) | Dims: 368 x 368 x 368 | Mode: SINGLE_THREADED | 
[2026-01-17 10:14:37.794] RenderSlice(dim=2, slice=59, maxSize=1205) | VDS (3D) | Dims: 368 x 368 x 368 | Mode: SINGLE_THREADED | Requesting 368x368 slice... | 
[2026-01-17 10:14:37.794] RenderSlice(dim=2, slice=59, maxSize=1205) | VDS (3D) | Dims: 368 x 368 x 368 | Mode: SINGLE_THREADED | Requesting 368x368 slice... | Request created, waiting for completion... | 
[2026-01-17 10:14:37.810] RenderSlice(dim=2, slice=59, maxSize=1205) | VDS (3D) | Dims: 368 x 368 x 368 | Mode: SINGLE_THREADED | Requesting 368x368 slice... | Request created, waiting for completion... | Slice: Inline 60/368 | Output: 368 x 368 | Raw: min=-2.64e+02 max=2.49e+02 mean=-2.28e-02 | 
[2026-01-17 10:14:37.810] [VDS] RenderSlice(dim=2, slice=59, maxSize=1205)
[2026-01-17 10:14:37.810] [VDS] VDS (3D)
[2026-01-17 10:14:37.825] [VDS] Dims: 368 x 368 x 368
[2026-01-17 10:14:37.825] [VDS] Mode: SINGLE_THREADED
[2026-01-17 10:14:37.825] [VDS] Requesting 368x368 slice...
[2026-01-17 10:14:37.833] [VDS] Request created, waiting for completion...
[2026-01-17 10:14:37.833] [VDS] Slice: Inline 60/368
[2026-01-17 10:14:37.841] [VDS] Output: 368 x 368
[2026-01-17 10:14:37.841] [VDS] Raw: min=-2.64e+02 max=2.49e+02 mean=-2.28e-02
[2026-01-17 10:14:37.841] [VDS] Saved: C:\Users\jonathan\AppData\LocalLow\Temp\openvds-preview-slice.bmp
[2026-01-17 10:14:37.858] Render: slice=63, maxSize=1205
[2026-01-17 10:14:37.858] RenderSlice(dim=2, slice=63, maxSize=1205) | 
[2026-01-17 10:14:37.858] RenderSlice(dim=2, slice=63, maxSize=1205) | VDS (3D) | Dims: 368 x 368 x 368 | Mode: SINGLE_THREADED | 
[2026-01-17 10:14:37.858] RenderSlice(dim=2, slice=63, maxSize=1205) | VDS (3D) | Dims: 368 x 368 x 368 | Mode: SINGLE_THREADED | Requesting 368x368 slice... | 
[2026-01-17 10:14:37.858] RenderSlice(dim=2, slice=63, maxSize=1205) | VDS (3D) | Dims: 368 x 368 x 368 | Mode: SINGLE_THREADED | Requesting 368x368 slice... | Request created, waiting for completion... | 
[2026-01-17 10:14:37.858] RenderSlice(dim=2, slice=63, maxSize=1205) | VDS (3D) | Dims: 368 x 368 x 368 | Mode: SINGLE_THREADED | Requesting 368x368 slice... | Request created, waiting for completion... | Slice: Inline 64/368 | Output: 368 x 368 | Raw: min=-3.67e+02 max=2.70e+02 mean=-2.97e-02 | 
[2026-01-17 10:14:37.874] [VDS] RenderSlice(dim=2, slice=63, maxSize=1205)
[2026-01-17 10:14:37.874] [VDS] VDS (3D)
[2026-01-17 10:14:37.874] [VDS] Dims: 368 x 368 x 368
[2026-01-17 10:14:37.874] [VDS] Mode: SINGLE_THREADED
[2026-01-17 10:14:37.874] [VDS] Requesting 368x368 slice...
[2026-01-17 10:14:37.874] [VDS] Request created, waiting for completion...
[2026-01-17 10:14:37.874] [VDS] Slice: Inline 64/368
[2026-01-17 10:14:37.874] [VDS] Output: 368 x 368
[2026-01-17 10:14:37.874] [VDS] Raw: min=-3.67e+02 max=2.70e+02 mean=-2.97e-02
[2026-01-17 10:14:37.874] [VDS] Saved: C:\Users\jonathan\AppData\LocalLow\Temp\openvds-preview-slice.bmp
[2026-01-17 10:14:37.906] Render: slice=64, maxSize=1205
[2026-01-17 10:14:37.906] RenderSlice(dim=2, slice=64, maxSize=1205) | 
[2026-01-17 10:14:37.906] RenderSlice(dim=2, slice=64, maxSize=1205) | VDS (3D) | Dims: 368 x 368 x 368 | Mode: SINGLE_THREADED | 
[2026-01-17 10:14:37.906] RenderSlice(dim=2, slice=64, maxSize=1205) | VDS (3D) | Dims: 368 x 368 x 368 | Mode: SINGLE_THREADED | Requesting 368x368 slice... | 
[2026-01-17 10:14:37.906] RenderSlice(dim=2, slice=64, maxSize=1205) | VDS (3D) | Dims: 368 x 368 x 368 | Mode: SINGLE_THREADED | Requesting 368x368 slice... | Request created, waiting for completion... | 
[2026-01-17 10:14:37.906] RenderSlice(dim=2, slice=64, maxSize=1205) | VDS (3D) | Dims: 368 x 368 x 368 | Mode: SINGLE_THREADED | Requesting 368x368 slice... | Request created, waiting for completion... | Slice: Inline 65/368 | Output: 368 x 368 | Raw: min=-3.47e+02 max=2.82e+02 mean=-2.43e-02 | 
[2026-01-17 10:14:37.906] [VDS] RenderSlice(dim=2, slice=64, maxSize=1205)
[2026-01-17 10:14:37.906] [VDS] VDS (3D)
[2026-01-17 10:14:37.906] [VDS] Dims: 368 x 368 x 368
[2026-01-17 10:14:37.906] [VDS] Mode: SINGLE_THREADED
[2026-01-17 10:14:37.906] [VDS] Requesting 368x368 slice...
[2026-01-17 10:14:37.906] [VDS] Request created, waiting for completion...
[2026-01-17 10:14:37.906] [VDS] Slice: Inline 65/368
[2026-01-17 10:14:37.906] [VDS] Output: 368 x 368
[2026-01-17 10:14:37.906] [VDS] Raw: min=-3.47e+02 max=2.82e+02 mean=-2.43e-02
[2026-01-17 10:14:37.906] [VDS] Saved: C:\Users\jonathan\AppData\LocalLow\Temp\openvds-preview-slice.bmp
[2026-01-17 10:14:38.212] Render: slice=65, maxSize=1205
[2026-01-17 10:14:38.212] RenderSlice(dim=2, slice=65, maxSize=1205) | 
[2026-01-17 10:14:38.212] RenderSlice(dim=2, slice=65, maxSize=1205) | VDS (3D) | Dims: 368 x 368 x 368 | Mode: SINGLE_THREADED | 
[2026-01-17 10:14:38.212] RenderSlice(dim=2, slice=65, maxSize=1205) | VDS (3D) | Dims: 368 x 368 x 368 | Mode: SINGLE_THREADED | Requesting 368x368 slice... | 
[2026-01-17 10:14:38.212] RenderSlice(dim=2, slice=65, maxSize=1205) | VDS (3D) | Dims: 368 x 368 x 368 | Mode: SINGLE_THREADED | Requesting 368x368 slice... | Request created, waiting for completion... | 
[2026-01-17 10:14:38.212] RenderSlice(dim=2, slice=65, maxSize=1205) | VDS (3D) | Dims: 368 x 368 x 368 | Mode: SINGLE_THREADED | Requesting 368x368 slice... | Request created, waiting for completion... | Slice: Inline 66/368 | Output: 368 x 368 | Raw: min=-3.06e+02 max=3.31e+02 mean=-8.00e-03 | 
[2026-01-17 10:14:38.220] [VDS] RenderSlice(dim=2, slice=65, maxSize=1205)
[2026-01-17 10:14:38.220] [VDS] VDS (3D)
[2026-01-17 10:14:38.220] [VDS] Dims: 368 x 368 x 368
[2026-01-17 10:14:38.220] [VDS] Mode: SINGLE_THREADED
[2026-01-17 10:14:38.220] [VDS] Requesting 368x368 slice...
[2026-01-17 10:14:38.220] [VDS] Request created, waiting for completion...
[2026-01-17 10:14:38.220] [VDS] Slice: Inline 66/368
[2026-01-17 10:14:38.220] [VDS] Output: 368 x 368
[2026-01-17 10:14:38.220] [VDS] Raw: min=-3.06e+02 max=3.31e+02 mean=-8.00e-03
[2026-01-17 10:14:38.220] [VDS] Saved: C:\Users\jonathan\AppData\LocalLow\Temp\openvds-preview-slice.bmp
[2026-01-17 10:14:38.238] Render: slice=66, maxSize=1205
[2026-01-17 10:14:38.239] RenderSlice(dim=2, slice=66, maxSize=1205) | 
[2026-01-17 10:14:38.239] RenderSlice(dim=2, slice=66, maxSize=1205) | VDS (3D) | Dims: 368 x 368 x 368 | Mode: SINGLE_THREADED | 
[2026-01-17 10:14:38.239] RenderSlice(dim=2, slice=66, maxSize=1205) | VDS (3D) | Dims: 368 x 368 x 368 | Mode: SINGLE_THREADED | Requesting 368x368 slice... | 
[2026-01-17 10:14:38.239] RenderSlice(dim=2, slice=66, maxSize=1205) | VDS (3D) | Dims: 368 x 368 x 368 | Mode: SINGLE_THREADED | Requesting 368x368 slice... | Request created, waiting for completion... | 
[2026-01-17 10:14:38.239] RenderSlice(dim=2, slice=66, maxSize=1205) | VDS (3D) | Dims: 368 x 368 x 368 | Mode: SINGLE_THREADED | Requesting 368x368 slice... | Request created, waiting for completion... | Slice: Inline 67/368 | Output: 368 x 368 | Raw: min=-2.88e+02 max=3.32e+02 mean=-1.02e-02 | 
[2026-01-17 10:14:38.241] [VDS] RenderSlice(dim=2, slice=66, maxSize=1205)
[2026-01-17 10:14:38.241] [VDS] VDS (3D)
[2026-01-17 10:14:38.244] [VDS] Dims: 368 x 368 x 368
[2026-01-17 10:14:38.244] [VDS] Mode: SINGLE_THREADED
[2026-01-17 10:14:38.244] [VDS] Requesting 368x368 slice...
[2026-01-17 10:14:38.244] [VDS] Request created, waiting for completion...
[2026-01-17 10:14:38.244] [VDS] Slice: Inline 67/368
[2026-01-17 10:14:38.244] [VDS] Output: 368 x 368
[2026-01-17 10:14:38.244] [VDS] Raw: min=-2.88e+02 max=3.32e+02 mean=-1.02e-02
[2026-01-17 10:14:38.244] [VDS] Saved: C:\Users\jonathan\AppData\LocalLow\Temp\openvds-preview-slice.bmp
[2026-01-17 10:14:38.271] Render: slice=68, maxSize=1205
[2026-01-17 10:14:38.271] RenderSlice(dim=2, slice=68, maxSize=1205) | 
[2026-01-17 10:14:38.271] RenderSlice(dim=2, slice=68, maxSize=1205) | VDS (3D) | Dims: 368 x 368 x 368 | Mode: SINGLE_THREADED | 
[2026-01-17 10:14:38.271] RenderSlice(dim=2, slice=68, maxSize=1205) | VDS (3D) | Dims: 368 x 368 x 368 | Mode: SINGLE_THREADED | Requesting 368x368 slice... | 
[2026-01-17 10:14:38.271] RenderSlice(dim=2, slice=68, maxSize=1205) | VDS (3D) | Dims: 368 x 368 x 368 | Mode: SINGLE_THREADED | Requesting 368x368 slice... | Request created, waiting for completion... | 
[2026-01-17 10:14:38.271] RenderSlice(dim=2, slice=68, maxSize=1205) | VDS (3D) | Dims: 368 x 368 x 368 | Mode: SINGLE_THREADED | Requesting 368x368 slice... | Request created, waiting for completion... | Slice: Inline 69/368 | Output: 368 x 368 | Raw: min=-2.87e+02 max=2.63e+02 mean=-3.26e-03 | 
[2026-01-17 10:14:38.271] [VDS] RenderSlice(dim=2, slice=68, maxSize=1205)
[2026-01-17 10:14:38.271] [VDS] VDS (3D)
[2026-01-17 10:14:38.271] [VDS] Dims: 368 x 368 x 368
[2026-01-17 10:14:38.271] [VDS] Mode: SINGLE_THREADED
[2026-01-17 10:14:38.271] [VDS] Requesting 368x368 slice...
[2026-01-17 10:14:38.271] [VDS] Request created, waiting for completion...
[2026-01-17 10:14:38.271] [VDS] Slice: Inline 69/368
[2026-01-17 10:14:38.271] [VDS] Output: 368 x 368
[2026-01-17 10:14:38.271] [VDS] Raw: min=-2.87e+02 max=2.63e+02 mean=-3.26e-03
[2026-01-17 10:14:38.271] [VDS] Saved: C:\Users\jonathan\AppData\LocalLow\Temp\openvds-preview-slice.bmp
[2026-01-17 10:14:38.301] Render: slice=71, maxSize=1205
[2026-01-17 10:14:38.301] RenderSlice(dim=2, slice=71, maxSize=1205) | 
[2026-01-17 10:14:38.301] RenderSlice(dim=2, slice=71, maxSize=1205) | VDS (3D) | Dims: 368 x 368 x 368 | Mode: SINGLE_THREADED | 
[2026-01-17 10:14:38.303] RenderSlice(dim=2, slice=71, maxSize=1205) | VDS (3D) | Dims: 368 x 368 x 368 | Mode: SINGLE_THREADED | Requesting 368x368 slice... | 
[2026-01-17 10:14:38.303] RenderSlice(dim=2, slice=71, maxSize=1205) | VDS (3D) | Dims: 368 x 368 x 368 | Mode: SINGLE_THREADED | Requesting 368x368 slice... | Request created, waiting for completion... | 
[2026-01-17 10:14:38.303] RenderSlice(dim=2, slice=71, maxSize=1205) | VDS (3D) | Dims: 368 x 368 x 368 | Mode: SINGLE_THREADED | Requesting 368x368 slice... | Request created, waiting for completion... | Slice: Inline 72/368 | Output: 368 x 368 | Raw: min=-2.77e+02 max=2.94e+02 mean=1.05e-02 | 
[2026-01-17 10:14:38.303] [VDS] RenderSlice(dim=2, slice=71, maxSize=1205)
[2026-01-17 10:14:38.303] [VDS] VDS (3D)
[2026-01-17 10:14:38.303] [VDS] Dims: 368 x 368 x 368
[2026-01-17 10:14:38.303] [VDS] Mode: SINGLE_THREADED
[2026-01-17 10:14:38.303] [VDS] Requesting 368x368 slice...
[2026-01-17 10:14:38.303] [VDS] Request created, waiting for completion...
[2026-01-17 10:14:38.303] [VDS] Slice: Inline 72/368
[2026-01-17 10:14:38.303] [VDS] Output: 368 x 368
[2026-01-17 10:14:38.303] [VDS] Raw: min=-2.77e+02 max=2.94e+02 mean=1.05e-02
[2026-01-17 10:14:38.303] [VDS] Saved: C:\Users\jonathan\AppData\LocalLow\Temp\openvds-preview-slice.bmp
[2026-01-17 10:14:38.344] Render: slice=72, maxSize=1205
[2026-01-17 10:14:38.344] RenderSlice(dim=2, slice=72, maxSize=1205) | 
[2026-01-17 10:14:38.344] RenderSlice(dim=2, slice=72, maxSize=1205) | VDS (3D) | Dims: 368 x 368 x 368 | Mode: SINGLE_THREADED | 
[2026-01-17 10:14:38.344] RenderSlice(dim=2, slice=72, maxSize=1205) | VDS (3D) | Dims: 368 x 368 x 368 | Mode: SINGLE_THREADED | Requesting 368x368 slice... | 
[2026-01-17 10:14:38.344] RenderSlice(dim=2, slice=72, maxSize=1205) | VDS (3D) | Dims: 368 x 368 x 368 | Mode: SINGLE_THREADED | Requesting 368x368 slice... | Request created, waiting for completion... | 
[2026-01-17 10:14:38.350] RenderSlice(dim=2, slice=72, maxSize=1205) | VDS (3D) | Dims: 368 x 368 x 368 | Mode: SINGLE_THREADED | Requesting 368x368 slice... | Request created, waiting for completion... | Slice: Inline 73/368 | Output: 368 x 368 | Raw: min=-2.67e+02 max=2.67e+02 mean=1.87e-03 | 
[2026-01-17 10:14:38.350] [VDS] RenderSlice(dim=2, slice=72, maxSize=1205)
[2026-01-17 10:14:38.350] [VDS] VDS (3D)
[2026-01-17 10:14:38.350] [VDS] Dims: 368 x 368 x 368
[2026-01-17 10:14:38.350] [VDS] Mode: SINGLE_THREADED
[2026-01-17 10:14:38.350] [VDS] Requesting 368x368 slice...
[2026-01-17 10:14:38.350] [VDS] Request created, waiting for completion...
[2026-01-17 10:14:38.350] [VDS] Slice: Inline 73/368
[2026-01-17 10:14:38.350] [VDS] Output: 368 x 368
[2026-01-17 10:14:38.350] [VDS] Raw: min=-2.67e+02 max=2.67e+02 mean=1.87e-03
[2026-01-17 10:14:38.350] [VDS] Saved: C:\Users\jonathan\AppData\LocalLow\Temp\openvds-preview-slice.bmp
[2026-01-17 10:14:39.759] Stream: 12211826 bytes
[2026-01-17 10:14:39.759] VdsRenderer::Initialize | Opened 3D VDS successfully | Dims: 368 x 368 x 368 | 
[2026-01-17 10:14:39.759] VDS OK: 3D, slice 185/368
[2026-01-17 10:14:39.781] Render: slice=184, maxSize=1205
[2026-01-17 10:14:39.781] RenderSlice(dim=2, slice=184, maxSize=1205) | 
[2026-01-17 10:14:39.781] RenderSlice(dim=2, slice=184, maxSize=1205) | VDS (3D) | Dims: 368 x 368 x 368 | Mode: SINGLE_THREADED | 
[2026-01-17 10:14:39.781] RenderSlice(dim=2, slice=184, maxSize=1205) | VDS (3D) | Dims: 368 x 368 x 368 | Mode: SINGLE_THREADED | Requesting 368x368 slice... | 
[2026-01-17 10:14:39.797] Skipping re-entrant render
[2026-01-17 10:14:39.817] Skipping re-entrant render
[2026-01-17 10:14:40.460] RenderSlice(dim=2, slice=184, maxSize=1205) | VDS (3D) | Dims: 368 x 368 x 368 | Mode: SINGLE_THREADED | Requesting 368x368 slice... | Request created, waiting for completion... | 
[2026-01-17 10:14:40.463] RenderSlice(dim=2, slice=184, maxSize=1205) | VDS (3D) | Dims: 368 x 368 x 368 | Mode: SINGLE_THREADED | Requesting 368x368 slice... | Request created, waiting for completion... | Slice: Inline 185/368 | Output: 368 x 368 | Raw: min=-2.84e+02 max=2.72e+02 mean=-2.99e-02 | 
[2026-01-17 10:14:40.483] [VDS] RenderSlice(dim=2, slice=184, maxSize=1205)
[2026-01-17 10:14:40.483] [VDS] VDS (3D)
[2026-01-17 10:14:40.483] [VDS] Dims: 368 x 368 x 368
[2026-01-17 10:14:40.483] [VDS] Mode: SINGLE_THREADED
[2026-01-17 10:14:40.483] [VDS] Requesting 368x368 slice...
[2026-01-17 10:14:40.483] [VDS] Request created, waiting for completion...
[2026-01-17 10:14:40.483] [VDS] Slice: Inline 185/368
[2026-01-17 10:14:40.483] [VDS] Output: 368 x 368
[2026-01-17 10:14:40.483] [VDS] Raw: min=-2.84e+02 max=2.72e+02 mean=-2.99e-02
[2026-01-17 10:14:40.483] [VDS] Saved: C:\Users\jonathan\AppData\LocalLow\Temp\openvds-preview-slice.bmp
[2026-01-17 10:14:40.861] Render: slice=183, maxSize=1205
[2026-01-17 10:14:40.861] RenderSlice(dim=2, slice=183, maxSize=1205) | 
[2026-01-17 10:14:40.861] RenderSlice(dim=2, slice=183, maxSize=1205) | VDS (3D) | Dims: 368 x 368 x 368 | Mode: SINGLE_THREADED | 
[2026-01-17 10:14:40.861] RenderSlice(dim=2, slice=183, maxSize=1205) | VDS (3D) | Dims: 368 x 368 x 368 | Mode: SINGLE_THREADED | Requesting 368x368 slice... | 
[2026-01-17 10:14:40.863] RenderSlice(dim=2, slice=183, maxSize=1205) | VDS (3D) | Dims: 368 x 368 x 368 | Mode: SINGLE_THREADED | Requesting 368x368 slice... | Request created, waiting for completion... | 
[2026-01-17 10:14:40.863] RenderSlice(dim=2, slice=183, maxSize=1205) | VDS (3D) | Dims: 368 x 368 x 368 | Mode: SINGLE_THREADED | Requesting 368x368 slice... | Request created, waiting for completion... | Slice: Inline 184/368 | Output: 368 x 368 | Raw: min=-3.18e+02 max=2.65e+02 mean=-2.66e-02 | 
[2026-01-17 10:14:40.865] [VDS] RenderSlice(dim=2, slice=183, maxSize=1205)
[2026-01-17 10:14:40.865] [VDS] VDS (3D)
[2026-01-17 10:14:40.865] [VDS] Dims: 368 x 368 x 368
[2026-01-17 10:14:40.865] [VDS] Mode: SINGLE_THREADED
[2026-01-17 10:14:40.865] [VDS] Requesting 368x368 slice...
[2026-01-17 10:14:40.865] [VDS] Request created, waiting for completion...
[2026-01-17 10:14:40.865] [VDS] Slice: Inline 184/368
[2026-01-17 10:14:40.865] [VDS] Output: 368 x 368
[2026-01-17 10:14:40.865] [VDS] Raw: min=-3.18e+02 max=2.65e+02 mean=-2.66e-02
[2026-01-17 10:14:40.865] [VDS] Saved: C:\Users\jonathan\AppData\LocalLow\Temp\openvds-preview-slice.bmp
[2026-01-17 10:14:40.884] Render: slice=182, maxSize=1205
[2026-01-17 10:14:40.884] RenderSlice(dim=2, slice=182, maxSize=1205) | 
[2026-01-17 10:14:40.884] RenderSlice(dim=2, slice=182, maxSize=1205) | VDS (3D) | Dims: 368 x 368 x 368 | Mode: SINGLE_THREADED | 
[2026-01-17 10:14:40.884] RenderSlice(dim=2, slice=182, maxSize=1205) | VDS (3D) | Dims: 368 x 368 x 368 | Mode: SINGLE_THREADED | Requesting 368x368 slice... | 
[2026-01-17 10:14:40.884] RenderSlice(dim=2, slice=182, maxSize=1205) | VDS (3D) | Dims: 368 x 368 x 368 | Mode: SINGLE_THREADED | Requesting 368x368 slice... | Request created, waiting for completion... | 
[2026-01-17 10:14:40.892] RenderSlice(dim=2, slice=182, maxSize=1205) | VDS (3D) | Dims: 368 x 368 x 368 | Mode: SINGLE_THREADED | Requesting 368x368 slice... | Request created, waiting for completion... | Slice: Inline 183/368 | Output: 368 x 368 | Raw: min=-2.93e+02 max=2.75e+02 mean=-1.94e-02 | 
[2026-01-17 10:14:40.892] [VDS] RenderSlice(dim=2, slice=182, maxSize=1205)
[2026-01-17 10:14:40.892] [VDS] VDS (3D)
[2026-01-17 10:14:40.897] [VDS] Dims: 368 x 368 x 368
[2026-01-17 10:14:40.897] [VDS] Mode: SINGLE_THREADED
[2026-01-17 10:14:40.899] [VDS] Requesting 368x368 slice...
[2026-01-17 10:14:40.899] [VDS] Request created, waiting for completion...
[2026-01-17 10:14:40.899] [VDS] Slice: Inline 183/368
[2026-01-17 10:14:40.899] [VDS] Output: 368 x 368
[2026-01-17 10:14:40.899] [VDS] Raw: min=-2.93e+02 max=2.75e+02 mean=-1.94e-02
[2026-01-17 10:14:40.899] [VDS] Saved: C:\Users\jonathan\AppData\LocalLow\Temp\openvds-preview-slice.bmp
[2026-01-17 10:14:40.923] Render: slice=181, maxSize=1205
[2026-01-17 10:14:40.923] RenderSlice(dim=2, slice=181, maxSize=1205) | 
[2026-01-17 10:14:40.931] RenderSlice(dim=2, slice=181, maxSize=1205) | VDS (3D) | Dims: 368 x 368 x 368 | Mode: SINGLE_THREADED | 
[2026-01-17 10:14:40.931] RenderSlice(dim=2, slice=181, maxSize=1205) | VDS (3D) | Dims: 368 x 368 x 368 | Mode: SINGLE_THREADED | Requesting 368x368 slice... | 
[2026-01-17 10:14:40.931] RenderSlice(dim=2, slice=181, maxSize=1205) | VDS (3D) | Dims: 368 x 368 x 368 | Mode: SINGLE_THREADED | Requesting 368x368 slice... | Request created, waiting for completion... | 
[2026-01-17 10:14:40.931] RenderSlice(dim=2, slice=181, maxSize=1205) | VDS (3D) | Dims: 368 x 368 x 368 | Mode: SINGLE_THREADED | Requesting 368x368 slice... | Request created, waiting for completion... | Slice: Inline 182/368 | Output: 368 x 368 | Raw: min=-2.81e+02 max=2.80e+02 mean=-4.04e-02 | 
[2026-01-17 10:14:40.939] [VDS] RenderSlice(dim=2, slice=181, maxSize=1205)
[2026-01-17 10:14:40.939] [VDS] VDS (3D)
[2026-01-17 10:14:40.939] [VDS] Dims: 368 x 368 x 368
[2026-01-17 10:14:40.939] [VDS] Mode: SINGLE_THREADED
[2026-01-17 10:14:40.939] [VDS] Requesting 368x368 slice...
[2026-01-17 10:14:40.939] [VDS] Request created, waiting for completion...
[2026-01-17 10:14:40.939] [VDS] Slice: Inline 182/368
[2026-01-17 10:14:40.939] [VDS] Output: 368 x 368
[2026-01-17 10:14:40.939] [VDS] Raw: min=-2.81e+02 max=2.80e+02 mean=-4.04e-02
[2026-01-17 10:14:40.939] [VDS] Saved: C:\Users\jonathan\AppData\LocalLow\Temp\openvds-preview-slice.bmp
[2026-01-17 10:14:40.971] Render: slice=179, maxSize=1205
[2026-01-17 10:14:40.971] RenderSlice(dim=2, slice=179, maxSize=1205) | 
[2026-01-17 10:14:40.971] RenderSlice(dim=2, slice=179, maxSize=1205) | VDS (3D) | Dims: 368 x 368 x 368 | Mode: SINGLE_THREADED | 
[2026-01-17 10:14:40.971] RenderSlice(dim=2, slice=179, maxSize=1205) | VDS (3D) | Dims: 368 x 368 x 368 | Mode: SINGLE_THREADED | Requesting 368x368 slice... | 
[2026-01-17 10:14:40.971] RenderSlice(dim=2, slice=179, maxSize=1205) | VDS (3D) | Dims: 368 x 368 x 368 | Mode: SINGLE_THREADED | Requesting 368x368 slice... | Request created, waiting for completion... | 
[2026-01-17 10:14:40.977] RenderSlice(dim=2, slice=179, maxSize=1205) | VDS (3D) | Dims: 368 x 368 x 368 | Mode: SINGLE_THREADED | Requesting 368x368 slice... | Request created, waiting for completion... | Slice: Inline 180/368 | Output: 368 x 368 | Raw: min=-2.85e+02 max=2.63e+02 mean=-4.40e-02 | 
[2026-01-17 10:14:40.977] [VDS] RenderSlice(dim=2, slice=179, maxSize=1205)
[2026-01-17 10:14:40.977] [VDS] VDS (3D)
[2026-01-17 10:14:40.977] [VDS] Dims: 368 x 368 x 368
[2026-01-17 10:14:40.977] [VDS] Mode: SINGLE_THREADED
[2026-01-17 10:14:40.986] [VDS] Requesting 368x368 slice...
[2026-01-17 10:14:40.986] [VDS] Request created, waiting for completion...
[2026-01-17 10:14:40.986] [VDS] Slice: Inline 180/368
[2026-01-17 10:14:40.986] [VDS] Output: 368 x 368
[2026-01-17 10:14:40.986] [VDS] Raw: min=-2.85e+02 max=2.63e+02 mean=-4.40e-02
[2026-01-17 10:14:40.986] [VDS] Saved: C:\Users\jonathan\AppData\LocalLow\Temp\openvds-preview-slice.bmp
[2026-01-17 10:14:41.002] Render: slice=177, maxSize=1205
[2026-01-17 10:14:41.002] RenderSlice(dim=2, slice=177, maxSize=1205) | 
[2026-01-17 10:14:41.002] RenderSlice(dim=2, slice=177, maxSize=1205) | VDS (3D) | Dims: 368 x 368 x 368 | Mode: SINGLE_THREADED | 
[2026-01-17 10:14:41.002] RenderSlice(dim=2, slice=177, maxSize=1205) | VDS (3D) | Dims: 368 x 368 x 368 | Mode: SINGLE_THREADED | Requesting 368x368 slice... | 
[2026-01-17 10:14:41.002] RenderSlice(dim=2, slice=177, maxSize=1205) | VDS (3D) | Dims: 368 x 368 x 368 | Mode: SINGLE_THREADED | Requesting 368x368 slice... | Request created, waiting for completion... | 
[2026-01-17 10:14:41.018] RenderSlice(dim=2, slice=177, maxSize=1205) | VDS (3D) | Dims: 368 x 368 x 368 | Mode: SINGLE_THREADED | Requesting 368x368 slice... | Request created, waiting for completion... | Slice: Inline 178/368 | Output: 368 x 368 | Raw: min=-2.88e+02 max=2.71e+02 mean=-3.43e-02 | 
[2026-01-17 10:14:41.018] [VDS] RenderSlice(dim=2, slice=177, maxSize=1205)
[2026-01-17 10:14:41.018] [VDS] VDS (3D)
[2026-01-17 10:14:41.018] [VDS] Dims: 368 x 368 x 368
[2026-01-17 10:14:41.018] [VDS] Mode: SINGLE_THREADED
[2026-01-17 10:14:41.018] [VDS] Requesting 368x368 slice...
[2026-01-17 10:14:41.018] [VDS] Request created, waiting for completion...
[2026-01-17 10:14:41.018] [VDS] Slice: Inline 178/368
[2026-01-17 10:14:41.018] [VDS] Output: 368 x 368
[2026-01-17 10:14:41.018] [VDS] Raw: min=-2.88e+02 max=2.71e+02 mean=-3.43e-02
[2026-01-17 10:14:41.018] [VDS] Saved: C:\Users\jonathan\AppData\LocalLow\Temp\openvds-preview-slice.bmp
[2026-01-17 10:14:41.052] Render: slice=176, maxSize=1205
[2026-01-17 10:14:41.052] RenderSlice(dim=2, slice=176, maxSize=1205) | 
[2026-01-17 10:14:41.052] RenderSlice(dim=2, slice=176, maxSize=1205) | VDS (3D) | Dims: 368 x 368 x 368 | Mode: SINGLE_THREADED | 
[2026-01-17 10:14:41.052] RenderSlice(dim=2, slice=176, maxSize=1205) | VDS (3D) | Dims: 368 x 368 x 368 | Mode: SINGLE_THREADED | Requesting 368x368 slice... | 
[2026-01-17 10:14:41.052] RenderSlice(dim=2, slice=176, maxSize=1205) | VDS (3D) | Dims: 368 x 368 x 368 | Mode: SINGLE_THREADED | Requesting 368x368 slice... | Request created, waiting for completion... | 
[2026-01-17 10:14:41.052] RenderSlice(dim=2, slice=176, maxSize=1205) | VDS (3D) | Dims: 368 x 368 x 368 | Mode: SINGLE_THREADED | Requesting 368x368 slice... | Request created, waiting for completion... | Slice: Inline 177/368 | Output: 368 x 368 | Raw: min=-2.86e+02 max=2.53e+02 mean=4.42e-03 | 
[2026-01-17 10:14:41.052] [VDS] RenderSlice(dim=2, slice=176, maxSize=1205)
[2026-01-17 10:14:41.065] [VDS] VDS (3D)
[2026-01-17 10:14:41.067] [VDS] Dims: 368 x 368 x 368
[2026-01-17 10:14:41.067] [VDS] Mode: SINGLE_THREADED
[2026-01-17 10:14:41.067] [VDS] Requesting 368x368 slice...
[2026-01-17 10:14:41.067] [VDS] Request created, waiting for completion...
[2026-01-17 10:14:41.067] [VDS] Slice: Inline 177/368
[2026-01-17 10:14:41.067] [VDS] Output: 368 x 368
[2026-01-17 10:14:41.067] [VDS] Raw: min=-2.86e+02 max=2.53e+02 mean=4.42e-03
[2026-01-17 10:14:41.067] [VDS] Saved: C:\Users\jonathan\AppData\LocalLow\Temp\openvds-preview-slice.bmp
[2026-01-17 10:14:41.375] Render: slice=175, maxSize=1205
[2026-01-17 10:14:41.375] RenderSlice(dim=2, slice=175, maxSize=1205) | 
[2026-01-17 10:14:41.375] RenderSlice(dim=2, slice=175, maxSize=1205) | VDS (3D) | Dims: 368 x 368 x 368 | Mode: SINGLE_THREADED | 
[2026-01-17 10:14:41.375] RenderSlice(dim=2, slice=175, maxSize=1205) | VDS (3D) | Dims: 368 x 368 x 368 | Mode: SINGLE_THREADED | Requesting 368x368 slice... | 
[2026-01-17 10:14:41.375] RenderSlice(dim=2, slice=175, maxSize=1205) | VDS (3D) | Dims: 368 x 368 x 368 | Mode: SINGLE_THREADED | Requesting 368x368 slice... | Request created, waiting for completion... | 
[2026-01-17 10:14:41.375] RenderSlice(dim=2, slice=175, maxSize=1205) | VDS (3D) | Dims: 368 x 368 x 368 | Mode: SINGLE_THREADED | Requesting 368x368 slice... | Request created, waiting for completion... | Slice: Inline 176/368 | Output: 368 x 368 | Raw: min=-2.73e+02 max=2.60e+02 mean=1.77e-02 | 
[2026-01-17 10:14:41.375] [VDS] RenderSlice(dim=2, slice=175, maxSize=1205)
[2026-01-17 10:14:41.375] [VDS] VDS (3D)
[2026-01-17 10:14:41.375] [VDS] Dims: 368 x 368 x 368
[2026-01-17 10:14:41.375] [VDS] Mode: SINGLE_THREADED
[2026-01-17 10:14:41.375] [VDS] Requesting 368x368 slice...
[2026-01-17 10:14:41.375] [VDS] Request created, waiting for completion...
[2026-01-17 10:14:41.375] [VDS] Slice: Inline 176/368
[2026-01-17 10:14:41.382] [VDS] Output: 368 x 368
[2026-01-17 10:14:41.382] [VDS] Raw: min=-2.73e+02 max=2.60e+02 mean=1.77e-02
[2026-01-17 10:14:41.382] [VDS] Saved: C:\Users\jonathan\AppData\LocalLow\Temp\openvds-preview-slice.bmp
[2026-01-17 10:14:41.388] Render: slice=174, maxSize=1205
[2026-01-17 10:14:41.388] RenderSlice(dim=2, slice=174, maxSize=1205) | 
[2026-01-17 10:14:41.389] RenderSlice(dim=2, slice=174, maxSize=1205) | VDS (3D) | Dims: 368 x 368 x 368 | Mode: SINGLE_THREADED | 
[2026-01-17 10:14:41.389] RenderSlice(dim=2, slice=174, maxSize=1205) | VDS (3D) | Dims: 368 x 368 x 368 | Mode: SINGLE_THREADED | Requesting 368x368 slice... | 
[2026-01-17 10:14:41.389] RenderSlice(dim=2, slice=174, maxSize=1205) | VDS (3D) | Dims: 368 x 368 x 368 | Mode: SINGLE_THREADED | Requesting 368x368 slice... | Request created, waiting for completion... | 
[2026-01-17 10:14:41.389] RenderSlice(dim=2, slice=174, maxSize=1205) | VDS (3D) | Dims: 368 x 368 x 368 | Mode: SINGLE_THREADED | Requesting 368x368 slice... | Request created, waiting for completion... | Slice: Inline 175/368 | Output: 368 x 368 | Raw: min=-3.15e+02 max=2.57e+02 mean=4.98e-02 | 
[2026-01-17 10:14:41.389] [VDS] RenderSlice(dim=2, slice=174, maxSize=1205)
[2026-01-17 10:14:41.389] [VDS] VDS (3D)
[2026-01-17 10:14:41.389] [VDS] Dims: 368 x 368 x 368
[2026-01-17 10:14:41.389] [VDS] Mode: SINGLE_THREADED
[2026-01-17 10:14:41.389] [VDS] Requesting 368x368 slice...
[2026-01-17 10:14:41.393] [VDS] Request created, waiting for completion...
[2026-01-17 10:14:41.393] [VDS] Slice: Inline 175/368
[2026-01-17 10:14:41.393] [VDS] Output: 368 x 368
[2026-01-17 10:14:41.393] [VDS] Raw: min=-3.15e+02 max=2.57e+02 mean=4.98e-02
[2026-01-17 10:14:41.393] [VDS] Saved: C:\Users\jonathan\AppData\LocalLow\Temp\openvds-preview-slice.bmp
[2026-01-17 10:14:41.407] Render: slice=173, maxSize=1205
[2026-01-17 10:14:41.407] RenderSlice(dim=2, slice=173, maxSize=1205) | 
[2026-01-17 10:14:41.407] RenderSlice(dim=2, slice=173, maxSize=1205) | VDS (3D) | Dims: 368 x 368 x 368 | Mode: SINGLE_THREADED | 
[2026-01-17 10:14:41.407] RenderSlice(dim=2, slice=173, maxSize=1205) | VDS (3D) | Dims: 368 x 368 x 368 | Mode: SINGLE_THREADED | Requesting 368x368 slice... | 
[2026-01-17 10:14:41.407] RenderSlice(dim=2, slice=173, maxSize=1205) | VDS (3D) | Dims: 368 x 368 x 368 | Mode: SINGLE_THREADED | Requesting 368x368 slice... | Request created, waiting for completion... | 
[2026-01-17 10:14:41.409] RenderSlice(dim=2, slice=173, maxSize=1205) | VDS (3D) | Dims: 368 x 368 x 368 | Mode: SINGLE_THREADED | Requesting 368x368 slice... | Request created, waiting for completion... | Slice: Inline 174/368 | Output: 368 x 368 | Raw: min=-3.15e+02 max=2.81e+02 mean=6.08e-02 | 
[2026-01-17 10:14:41.409] [VDS] RenderSlice(dim=2, slice=173, maxSize=1205)
[2026-01-17 10:14:41.409] [VDS] VDS (3D)
[2026-01-17 10:14:41.409] [VDS] Dims: 368 x 368 x 368
[2026-01-17 10:14:41.409] [VDS] Mode: SINGLE_THREADED
[2026-01-17 10:14:41.409] [VDS] Requesting 368x368 slice...
[2026-01-17 10:14:41.409] [VDS] Request created, waiting for completion...
[2026-01-17 10:14:41.409] [VDS] Slice: Inline 174/368
[2026-01-17 10:14:41.409] [VDS] Output: 368 x 368
[2026-01-17 10:14:41.409] [VDS] Raw: min=-3.15e+02 max=2.81e+02 mean=6.08e-02
[2026-01-17 10:14:41.409] [VDS] Saved: C:\Users\jonathan\AppData\LocalLow\Temp\openvds-preview-slice.bmp
[2026-01-17 10:14:41.437] Render: slice=172, maxSize=1205
[2026-01-17 10:14:41.437] RenderSlice(dim=2, slice=172, maxSize=1205) | 
[2026-01-17 10:14:41.437] RenderSlice(dim=2, slice=172, maxSize=1205) | VDS (3D) | Dims: 368 x 368 x 368 | Mode: SINGLE_THREADED | 
[2026-01-17 10:14:41.437] RenderSlice(dim=2, slice=172, maxSize=1205) | VDS (3D) | Dims: 368 x 368 x 368 | Mode: SINGLE_THREADED | Requesting 368x368 slice... | 
[2026-01-17 10:14:41.437] RenderSlice(dim=2, slice=172, maxSize=1205) | VDS (3D) | Dims: 368 x 368 x 368 | Mode: SINGLE_THREADED | Requesting 368x368 slice... | Request created, waiting for completion... | 
[2026-01-17 10:14:41.437] RenderSlice(dim=2, slice=172, maxSize=1205) | VDS (3D) | Dims: 368 x 368 x 368 | Mode: SINGLE_THREADED | Requesting 368x368 slice... | Request created, waiting for completion... | Slice: Inline 173/368 | Output: 368 x 368 | Raw: min=-2.58e+02 max=2.61e+02 mean=6.02e-02 | 
[2026-01-17 10:14:41.453] [VDS] RenderSlice(dim=2, slice=172, maxSize=1205)
[2026-01-17 10:14:41.453] [VDS] VDS (3D)
[2026-01-17 10:14:41.453] [VDS] Dims: 368 x 368 x 368
[2026-01-17 10:14:41.453] [VDS] Mode: SINGLE_THREADED
[2026-01-17 10:14:41.453] [VDS] Requesting 368x368 slice...
[2026-01-17 10:14:41.453] [VDS] Request created, waiting for completion...
[2026-01-17 10:14:41.453] [VDS] Slice: Inline 173/368
[2026-01-17 10:14:41.453] [VDS] Output: 368 x 368
[2026-01-17 10:14:41.453] [VDS] Raw: min=-2.58e+02 max=2.61e+02 mean=6.02e-02
[2026-01-17 10:14:41.453] [VDS] Saved: C:\Users\jonathan\AppData\LocalLow\Temp\openvds-preview-slice.bmp
[2026-01-17 10:14:41.485] Render: slice=169, maxSize=1205
[2026-01-17 10:14:41.490] RenderSlice(dim=2, slice=169, maxSize=1205) | 
[2026-01-17 10:14:41.490] RenderSlice(dim=2, slice=169, maxSize=1205) | VDS (3D) | Dims: 368 x 368 x 368 | Mode: SINGLE_THREADED | 
[2026-01-17 10:14:41.490] RenderSlice(dim=2, slice=169, maxSize=1205) | VDS (3D) | Dims: 368 x 368 x 368 | Mode: SINGLE_THREADED | Requesting 368x368 slice... | 
[2026-01-17 10:14:41.490] RenderSlice(dim=2, slice=169, maxSize=1205) | VDS (3D) | Dims: 368 x 368 x 368 | Mode: SINGLE_THREADED | Requesting 368x368 slice... | Request created, waiting for completion... | 
[2026-01-17 10:14:41.490] RenderSlice(dim=2, slice=169, maxSize=1205) | VDS (3D) | Dims: 368 x 368 x 368 | Mode: SINGLE_THREADED | Requesting 368x368 slice... | Request created, waiting for completion... | Slice: Inline 170/368 | Output: 368 x 368 | Raw: min=-2.95e+02 max=2.83e+02 mean=3.88e-02 | 
[2026-01-17 10:14:41.490] [VDS] RenderSlice(dim=2, slice=169, maxSize=1205)
[2026-01-17 10:14:41.490] [VDS] VDS (3D)
[2026-01-17 10:14:41.490] [VDS] Dims: 368 x 368 x 368
[2026-01-17 10:14:41.490] [VDS] Mode: SINGLE_THREADED
[2026-01-17 10:14:41.490] [VDS] Requesting 368x368 slice...
[2026-01-17 10:14:41.490] [VDS] Request created, waiting for completion...
[2026-01-17 10:14:41.490] [VDS] Slice: Inline 170/368
[2026-01-17 10:14:41.490] [VDS] Output: 368 x 368
[2026-01-17 10:14:41.490] [VDS] Raw: min=-2.95e+02 max=2.83e+02 mean=3.88e-02
[2026-01-17 10:14:41.490] [VDS] Saved: C:\Users\jonathan\AppData\LocalLow\Temp\openvds-preview-slice.bmp
[2026-01-17 10:14:41.516] Render: slice=168, maxSize=1205
[2026-01-17 10:14:41.516] RenderSlice(dim=2, slice=168, maxSize=1205) | 
[2026-01-17 10:14:41.516] RenderSlice(dim=2, slice=168, maxSize=1205) | VDS (3D) | Dims: 368 x 368 x 368 | Mode: SINGLE_THREADED | 
[2026-01-17 10:14:41.516] RenderSlice(dim=2, slice=168, maxSize=1205) | VDS (3D) | Dims: 368 x 368 x 368 | Mode: SINGLE_THREADED | Requesting 368x368 slice... | 
[2026-01-17 10:14:41.516] RenderSlice(dim=2, slice=168, maxSize=1205) | VDS (3D) | Dims: 368 x 368 x 368 | Mode: SINGLE_THREADED | Requesting 368x368 slice... | Request created, waiting for completion... | 
[2026-01-17 10:14:41.516] RenderSlice(dim=2, slice=168, maxSize=1205) | VDS (3D) | Dims: 368 x 368 x 368 | Mode: SINGLE_THREADED | Requesting 368x368 slice... | Request created, waiting for completion... | Slice: Inline 169/368 | Output: 368 x 368 | Raw: min=-3.02e+02 max=2.92e+02 mean=4.14e-02 | 
[2026-01-17 10:14:41.532] [VDS] RenderSlice(dim=2, slice=168, maxSize=1205)
[2026-01-17 10:14:41.532] [VDS] VDS (3D)
[2026-01-17 10:14:41.532] [VDS] Dims: 368 x 368 x 368
[2026-01-17 10:14:41.532] [VDS] Mode: SINGLE_THREADED
[2026-01-17 10:14:41.532] [VDS] Requesting 368x368 slice...
[2026-01-17 10:14:41.532] [VDS] Request created, waiting for completion...
[2026-01-17 10:14:41.532] [VDS] Slice: Inline 169/368
[2026-01-17 10:14:41.532] [VDS] Output: 368 x 368
[2026-01-17 10:14:41.532] [VDS] Raw: min=-3.02e+02 max=2.92e+02 mean=4.14e-02
[2026-01-17 10:14:41.532] [VDS] Saved: C:\Users\jonathan\AppData\LocalLow\Temp\openvds-preview-slice.bmp
[2026-01-17 10:14:42.357] Stream: 12211826 bytes
[2026-01-17 10:14:42.360] VdsRenderer::Initialize | Opened 3D VDS successfully | Dims: 368 x 368 x 368 | 
[2026-01-17 10:14:42.362] VDS OK: 3D, slice 185/368
[2026-01-17 10:14:42.379] Render: slice=184, maxSize=1205
[2026-01-17 10:14:42.379] RenderSlice(dim=2, slice=184, maxSize=1205) | 
[2026-01-17 10:14:42.379] RenderSlice(dim=2, slice=184, maxSize=1205) | VDS (3D) | Dims: 368 x 368 x 368 | Mode: SINGLE_THREADED | 
[2026-01-17 10:14:42.379] RenderSlice(dim=2, slice=184, maxSize=1205) | VDS (3D) | Dims: 368 x 368 x 368 | Mode: SINGLE_THREADED | Requesting 368x368 slice... | 
[2026-01-17 10:14:42.397] Skipping re-entrant render
[2026-01-17 10:14:42.406] Skipping re-entrant render
[2026-01-17 10:14:42.865] Skipping re-entrant render
[2026-01-17 10:14:42.978] RenderSlice(dim=2, slice=184, maxSize=1205) | VDS (3D) | Dims: 368 x 368 x 368 | Mode: SINGLE_THREADED | Requesting 368x368 slice... | Request created, waiting for completion... | 
[2026-01-17 10:14:42.978] RenderSlice(dim=2, slice=184, maxSize=1205) | VDS (3D) | Dims: 368 x 368 x 368 | Mode: SINGLE_THREADED | Requesting 368x368 slice... | Request created, waiting for completion... | Slice: Inline 185/368 | Output: 368 x 368 | Raw: min=-2.84e+02 max=2.72e+02 mean=-2.99e-02 | 
[2026-01-17 10:14:42.978] [VDS] RenderSlice(dim=2, slice=184, maxSize=1205)
[2026-01-17 10:14:42.978] [VDS] VDS (3D)
[2026-01-17 10:14:42.978] [VDS] Dims: 368 x 368 x 368
[2026-01-17 10:14:42.978] [VDS] Mode: SINGLE_THREADED
[2026-01-17 10:14:42.978] [VDS] Requesting 368x368 slice...
[2026-01-17 10:14:42.978] [VDS] Request created, waiting for completion...
[2026-01-17 10:14:42.978] [VDS] Slice: Inline 185/368
[2026-01-17 10:14:42.978] [VDS] Output: 368 x 368
[2026-01-17 10:14:42.978] [VDS] Raw: min=-2.84e+02 max=2.72e+02 mean=-2.99e-02
[2026-01-17 10:14:42.978] [VDS] Saved: C:\Users\jonathan\AppData\LocalLow\Temp\openvds-preview-slice.bmp
[2026-01-17 10:14:42.994] Stream: 5574890 bytes
[2026-01-17 10:14:43.010] VdsRenderer::Initialize | Opened 2D VDS successfully | Dims: 2250 x 2085 | 
[2026-01-17 10:14:43.010] VDS OK: 2D, slice 1043/2085
[2026-01-17 10:14:43.032] Render: slice=1042, maxSize=1205
[2026-01-17 10:14:43.032] RenderSlice(dim=1, slice=1042, maxSize=1205) | 
[2026-01-17 10:14:43.036] RenderSlice(dim=1, slice=1042, maxSize=1205) | VDS (2D) | Dims: 2250 x 2085 | Mode: SINGLE_THREADED | 
[2026-01-17 10:14:43.036] RenderSlice(dim=1, slice=1042, maxSize=1205) | VDS (2D) | Dims: 2250 x 2085 | Mode: SINGLE_THREADED | Requesting 2250x2085 slice... | 
[2026-01-17 10:14:43.061] Skipping re-entrant render
[2026-01-17 10:14:43.076] Skipping re-entrant render
[2026-01-17 10:14:43.720] RenderSlice(dim=1, slice=1042, maxSize=1205) | VDS (2D) | Dims: 2250 x 2085 | Mode: SINGLE_THREADED | Requesting 2250x2085 slice... | Request created, waiting for completion... | 
[2026-01-17 10:14:43.816] RenderSlice(dim=1, slice=1042, maxSize=1205) | VDS (2D) | Dims: 2250 x 2085 | Mode: SINGLE_THREADED | Requesting 2250x2085 slice... | Request created, waiting for completion... | Output: 2085 x 2250 | Raw: min=-1.66e+09 max=2.09e+09 mean=1.37e+05 | 
[2026-01-17 10:14:44.023] [VDS] RenderSlice(dim=1, slice=1042, maxSize=1205)
[2026-01-17 10:14:44.023] [VDS] VDS (2D)
[2026-01-17 10:14:44.039] [VDS] Dims: 2250 x 2085
[2026-01-17 10:14:44.039] [VDS] Mode: SINGLE_THREADED
[2026-01-17 10:14:44.039] [VDS] Requesting 2250x2085 slice...
[2026-01-17 10:14:44.039] [VDS] Request created, waiting for completion...
[2026-01-17 10:14:44.039] [VDS] Output: 2085 x 2250
[2026-01-17 10:14:44.039] [VDS] Raw: min=-1.66e+09 max=2.09e+09 mean=1.37e+05
[2026-01-17 10:14:44.039] [VDS] Saved: C:\Users\jonathan\AppData\LocalLow\Temp\openvds-preview-slice.bmp
[2026-01-17 10:14:44.986] Render: slice=1041, maxSize=1205
[2026-01-17 10:14:44.986] RenderSlice(dim=1, slice=1041, maxSize=1205) | 
[2026-01-17 10:14:44.992] RenderSlice(dim=1, slice=1041, maxSize=1205) | VDS (2D) | Dims: 2250 x 2085 | Mode: SINGLE_THREADED | 
[2026-01-17 10:14:44.992] RenderSlice(dim=1, slice=1041, maxSize=1205) | VDS (2D) | Dims: 2250 x 2085 | Mode: SINGLE_THREADED | Requesting 2250x2085 slice... | 
[2026-01-17 10:14:44.994] RenderSlice(dim=1, slice=1041, maxSize=1205) | VDS (2D) | Dims: 2250 x 2085 | Mode: SINGLE_THREADED | Requesting 2250x2085 slice... | Request created, waiting for completion... | 
[2026-01-17 10:14:45.044] RenderSlice(dim=1, slice=1041, maxSize=1205) | VDS (2D) | Dims: 2250 x 2085 | Mode: SINGLE_THREADED | Requesting 2250x2085 slice... | Request created, waiting for completion... | Output: 2085 x 2250 | Raw: min=-1.66e+09 max=2.09e+09 mean=1.37e+05 | 
[2026-01-17 10:14:45.282] [VDS] RenderSlice(dim=1, slice=1041, maxSize=1205)
[2026-01-17 10:14:45.282] [VDS] VDS (2D)
[2026-01-17 10:14:45.282] [VDS] Dims: 2250 x 2085
[2026-01-17 10:14:45.282] [VDS] Mode: SINGLE_THREADED
[2026-01-17 10:14:45.282] [VDS] Requesting 2250x2085 slice...
[2026-01-17 10:14:45.282] [VDS] Request created, waiting for completion...
[2026-01-17 10:14:45.282] [VDS] Output: 2085 x 2250
[2026-01-17 10:14:45.282] [VDS] Raw: min=-1.66e+09 max=2.09e+09 mean=1.37e+05
[2026-01-17 10:14:45.282] [VDS] Saved: C:\Users\jonathan\AppData\LocalLow\Temp\openvds-preview-slice.bmp
[2026-01-17 10:14:45.314] Render: slice=1034, maxSize=1205
[2026-01-17 10:14:45.314] RenderSlice(dim=1, slice=1034, maxSize=1205) | 
[2026-01-17 10:14:45.330] RenderSlice(dim=1, slice=1034, maxSize=1205) | VDS (2D) | Dims: 2250 x 2085 | Mode: SINGLE_THREADED | 
[2026-01-17 10:14:45.330] RenderSlice(dim=1, slice=1034, maxSize=1205) | VDS (2D) | Dims: 2250 x 2085 | Mode: SINGLE_THREADED | Requesting 2250x2085 slice... | 
[2026-01-17 10:14:45.339] RenderSlice(dim=1, slice=1034, maxSize=1205) | VDS (2D) | Dims: 2250 x 2085 | Mode: SINGLE_THREADED | Requesting 2250x2085 slice... | Request created, waiting for completion... | 
[2026-01-17 10:14:45.425] RenderSlice(dim=1, slice=1034, maxSize=1205) | VDS (2D) | Dims: 2250 x 2085 | Mode: SINGLE_THREADED | Requesting 2250x2085 slice... | Request created, waiting for completion... | Output: 2085 x 2250 | Raw: min=-1.66e+09 max=2.09e+09 mean=1.37e+05 | 
[2026-01-17 10:14:45.696] [VDS] RenderSlice(dim=1, slice=1034, maxSize=1205)
[2026-01-17 10:14:45.696] [VDS] VDS (2D)
[2026-01-17 10:14:45.696] [VDS] Dims: 2250 x 2085
[2026-01-17 10:14:45.696] [VDS] Mode: SINGLE_THREADED
[2026-01-17 10:14:45.696] [VDS] Requesting 2250x2085 slice...
[2026-01-17 10:14:45.696] [VDS] Request created, waiting for completion...
[2026-01-17 10:14:45.696] [VDS] Output: 2085 x 2250
[2026-01-17 10:14:45.696] [VDS] Raw: min=-1.66e+09 max=2.09e+09 mean=1.37e+05
[2026-01-17 10:14:45.696] [VDS] Saved: C:\Users\jonathan\AppData\LocalLow\Temp\openvds-preview-slice.bmp
[2026-01-17 10:14:45.743] Render: slice=1027, maxSize=1205
[2026-01-17 10:14:45.743] RenderSlice(dim=1, slice=1027, maxSize=1205) | 
[2026-01-17 10:14:45.743] RenderSlice(dim=1, slice=1027, maxSize=1205) | VDS (2D) | Dims: 2250 x 2085 | Mode: SINGLE_THREADED | 
[2026-01-17 10:14:45.743] RenderSlice(dim=1, slice=1027, maxSize=1205) | VDS (2D) | Dims: 2250 x 2085 | Mode: SINGLE_THREADED | Requesting 2250x2085 slice... | 
[2026-01-17 10:14:45.759] RenderSlice(dim=1, slice=1027, maxSize=1205) | VDS (2D) | Dims: 2250 x 2085 | Mode: SINGLE_THREADED | Requesting 2250x2085 slice... | Request created, waiting for completion... | 
[2026-01-17 10:14:45.840] RenderSlice(dim=1, slice=1027, maxSize=1205) | VDS (2D) | Dims: 2250 x 2085 | Mode: SINGLE_THREADED | Requesting 2250x2085 slice... | Request created, waiting for completion... | Output: 2085 x 2250 | Raw: min=-1.66e+09 max=2.09e+09 mean=1.37e+05 | 
[2026-01-17 10:14:46.064] [VDS] RenderSlice(dim=1, slice=1027, maxSize=1205)
[2026-01-17 10:14:46.064] [VDS] VDS (2D)
[2026-01-17 10:14:46.080] [VDS] Dims: 2250 x 2085
[2026-01-17 10:14:46.080] [VDS] Mode: SINGLE_THREADED
[2026-01-17 10:14:46.080] [VDS] Requesting 2250x2085 slice...
[2026-01-17 10:14:46.080] [VDS] Request created, waiting for completion...
[2026-01-17 10:14:46.080] [VDS] Output: 2085 x 2250
[2026-01-17 10:14:46.080] [VDS] Raw: min=-1.66e+09 max=2.09e+09 mean=1.37e+05
[2026-01-17 10:14:46.080] [VDS] Saved: C:\Users\jonathan\AppData\LocalLow\Temp\openvds-preview-slice.bmp
[2026-01-17 10:14:46.128] Render: slice=1033, maxSize=1205
[2026-01-17 10:14:46.128] RenderSlice(dim=1, slice=1033, maxSize=1205) | 
[2026-01-17 10:14:46.144] RenderSlice(dim=1, slice=1033, maxSize=1205) | VDS (2D) | Dims: 2250 x 2085 | Mode: SINGLE_THREADED | 
[2026-01-17 10:14:46.144] RenderSlice(dim=1, slice=1033, maxSize=1205) | VDS (2D) | Dims: 2250 x 2085 | Mode: SINGLE_THREADED | Requesting 2250x2085 slice... | 
[2026-01-17 10:14:46.159] RenderSlice(dim=1, slice=1033, maxSize=1205) | VDS (2D) | Dims: 2250 x 2085 | Mode: SINGLE_THREADED | Requesting 2250x2085 slice... | Request created, waiting for completion... | 
[2026-01-17 10:14:46.255] RenderSlice(dim=1, slice=1033, maxSize=1205) | VDS (2D) | Dims: 2250 x 2085 | Mode: SINGLE_THREADED | Requesting 2250x2085 slice... | Request created, waiting for completion... | Output: 2085 x 2250 | Raw: min=-1.66e+09 max=2.09e+09 mean=1.37e+05 | 
[2026-01-17 10:14:46.573] [VDS] RenderSlice(dim=1, slice=1033, maxSize=1205)
[2026-01-17 10:14:46.573] [VDS] VDS (2D)
[2026-01-17 10:14:46.573] [VDS] Dims: 2250 x 2085
[2026-01-17 10:14:46.573] [VDS] Mode: SINGLE_THREADED
[2026-01-17 10:14:46.589] [VDS] Requesting 2250x2085 slice...
[2026-01-17 10:14:46.589] [VDS] Request created, waiting for completion...
[2026-01-17 10:14:46.589] [VDS] Output: 2085 x 2250
[2026-01-17 10:14:46.589] [VDS] Raw: min=-1.66e+09 max=2.09e+09 mean=1.37e+05
[2026-01-17 10:14:46.589] [VDS] Saved: C:\Users\jonathan\AppData\LocalLow\Temp\openvds-preview-slice.bmp
[2026-01-17 10:14:46.653] Render: slice=1041, maxSize=1205
[2026-01-17 10:14:46.653] RenderSlice(dim=1, slice=1041, maxSize=1205) | 
[2026-01-17 10:14:46.674] RenderSlice(dim=1, slice=1041, maxSize=1205) | VDS (2D) | Dims: 2250 x 2085 | Mode: SINGLE_THREADED | 
[2026-01-17 10:14:46.674] RenderSlice(dim=1, slice=1041, maxSize=1205) | VDS (2D) | Dims: 2250 x 2085 | Mode: SINGLE_THREADED | Requesting 2250x2085 slice... | 
[2026-01-17 10:14:46.685] RenderSlice(dim=1, slice=1041, maxSize=1205) | VDS (2D) | Dims: 2250 x 2085 | Mode: SINGLE_THREADED | Requesting 2250x2085 slice... | Request created, waiting for completion... | 
[2026-01-17 10:14:46.812] RenderSlice(dim=1, slice=1041, maxSize=1205) | VDS (2D) | Dims: 2250 x 2085 | Mode: SINGLE_THREADED | Requesting 2250x2085 slice... | Request created, waiting for completion... | Output: 2085 x 2250 | Raw: min=-1.66e+09 max=2.09e+09 mean=1.37e+05 | 
[2026-01-17 10:14:47.260] [VDS] RenderSlice(dim=1, slice=1041, maxSize=1205)
[2026-01-17 10:14:47.260] [VDS] VDS (2D)
[2026-01-17 10:14:47.260] [VDS] Dims: 2250 x 2085
[2026-01-17 10:14:47.260] [VDS] Mode: SINGLE_THREADED
[2026-01-17 10:14:47.260] [VDS] Requesting 2250x2085 slice...
[2026-01-17 10:14:47.260] [VDS] Request created, waiting for completion...
[2026-01-17 10:14:47.260] [VDS] Output: 2085 x 2250
[2026-01-17 10:14:47.260] [VDS] Raw: min=-1.66e+09 max=2.09e+09 mean=1.37e+05
[2026-01-17 10:14:47.260] [VDS] Saved: C:\Users\jonathan\AppData\LocalLow\Temp\openvds-preview-slice.bmp
[2026-01-17 10:14:47.321] Render: slice=1049, maxSize=1205
[2026-01-17 10:14:47.337] RenderSlice(dim=1, slice=1049, maxSize=1205) | 
[2026-01-17 10:14:47.353] RenderSlice(dim=1, slice=1049, maxSize=1205) | VDS (2D) | Dims: 2250 x 2085 | Mode: SINGLE_THREADED | 
[2026-01-17 10:14:47.353] RenderSlice(dim=1, slice=1049, maxSize=1205) | VDS (2D) | Dims: 2250 x 2085 | Mode: SINGLE_THREADED | Requesting 2250x2085 slice... | 
[2026-01-17 10:14:47.353] RenderSlice(dim=1, slice=1049, maxSize=1205) | VDS (2D) | Dims: 2250 x 2085 | Mode: SINGLE_THREADED | Requesting 2250x2085 slice... | Request created, waiting for completion... | 
[2026-01-17 10:14:47.496] RenderSlice(dim=1, slice=1049, maxSize=1205) | VDS (2D) | Dims: 2250 x 2085 | Mode: SINGLE_THREADED | Requesting 2250x2085 slice... | Request created, waiting for completion... | Output: 2085 x 2250 | Raw: min=-1.66e+09 max=2.09e+09 mean=1.37e+05 | 
[2026-01-17 10:14:47.816] [VDS] RenderSlice(dim=1, slice=1049, maxSize=1205)
[2026-01-17 10:14:47.816] [VDS] VDS (2D)
[2026-01-17 10:14:47.816] [VDS] Dims: 2250 x 2085
[2026-01-17 10:14:47.816] [VDS] Mode: SINGLE_THREADED
[2026-01-17 10:14:47.816] [VDS] Requesting 2250x2085 slice...
[2026-01-17 10:14:47.816] [VDS] Request created, waiting for completion...
[2026-01-17 10:14:47.816] [VDS] Output: 2085 x 2250
[2026-01-17 10:14:47.816] [VDS] Raw: min=-1.66e+09 max=2.09e+09 mean=1.37e+05
[2026-01-17 10:14:47.832] [VDS] Saved: C:\Users\jonathan\AppData\LocalLow\Temp\openvds-preview-slice.bmp
[2026-01-17 10:14:47.880] Render: slice=1048, maxSize=1205
[2026-01-17 10:14:47.880] RenderSlice(dim=1, slice=1048, maxSize=1205) | 
[2026-01-17 10:14:47.895] RenderSlice(dim=1, slice=1048, maxSize=1205) | VDS (2D) | Dims: 2250 x 2085 | Mode: SINGLE_THREADED | 
[2026-01-17 10:14:47.895] RenderSlice(dim=1, slice=1048, maxSize=1205) | VDS (2D) | Dims: 2250 x 2085 | Mode: SINGLE_THREADED | Requesting 2250x2085 slice... | 
[2026-01-17 10:14:47.895] RenderSlice(dim=1, slice=1048, maxSize=1205) | VDS (2D) | Dims: 2250 x 2085 | Mode: SINGLE_THREADED | Requesting 2250x2085 slice... | Request created, waiting for completion... | 
[2026-01-17 10:14:48.007] RenderSlice(dim=1, slice=1048, maxSize=1205) | VDS (2D) | Dims: 2250 x 2085 | Mode: SINGLE_THREADED | Requesting 2250x2085 slice... | Request created, waiting for completion... | Output: 2085 x 2250 | Raw: min=-1.66e+09 max=2.09e+09 mean=1.37e+05 | 
[2026-01-17 10:14:48.304] [VDS] RenderSlice(dim=1, slice=1048, maxSize=1205)
[2026-01-17 10:14:48.304] [VDS] VDS (2D)
[2026-01-17 10:14:48.310] [VDS] Dims: 2250 x 2085
[2026-01-17 10:14:48.312] [VDS] Mode: SINGLE_THREADED
[2026-01-17 10:14:48.314] [VDS] Requesting 2250x2085 slice...
[2026-01-17 10:14:48.316] [VDS] Request created, waiting for completion...
[2026-01-17 10:14:48.316] [VDS] Output: 2085 x 2250
[2026-01-17 10:14:48.318] [VDS] Raw: min=-1.66e+09 max=2.09e+09 mean=1.37e+05
[2026-01-17 10:14:48.318] [VDS] Saved: C:\Users\jonathan\AppData\LocalLow\Temp\openvds-preview-slice.bmp
[2026-01-17 10:14:48.412] Render: slice=1047, maxSize=1205
[2026-01-17 10:14:48.412] RenderSlice(dim=1, slice=1047, maxSize=1205) | 
[2026-01-17 10:14:48.412] RenderSlice(dim=1, slice=1047, maxSize=1205) | VDS (2D) | Dims: 2250 x 2085 | Mode: SINGLE_THREADED | 
[2026-01-17 10:14:48.412] RenderSlice(dim=1, slice=1047, maxSize=1205) | VDS (2D) | Dims: 2250 x 2085 | Mode: SINGLE_THREADED | Requesting 2250x2085 slice... | 
[2026-01-17 10:14:48.412] RenderSlice(dim=1, slice=1047, maxSize=1205) | VDS (2D) | Dims: 2250 x 2085 | Mode: SINGLE_THREADED | Requesting 2250x2085 slice... | Request created, waiting for completion... | 
[2026-01-17 10:14:48.453] RenderSlice(dim=1, slice=1047, maxSize=1205) | VDS (2D) | Dims: 2250 x 2085 | Mode: SINGLE_THREADED | Requesting 2250x2085 slice... | Request created, waiting for completion... | Output: 2085 x 2250 | Raw: min=-1.66e+09 max=2.09e+09 mean=1.37e+05 | 
[2026-01-17 10:14:48.691] [VDS] RenderSlice(dim=1, slice=1047, maxSize=1205)
[2026-01-17 10:14:48.691] [VDS] VDS (2D)
[2026-01-17 10:14:48.691] [VDS] Dims: 2250 x 2085
[2026-01-17 10:14:48.691] [VDS] Mode: SINGLE_THREADED
[2026-01-17 10:14:48.691] [VDS] Requesting 2250x2085 slice...
[2026-01-17 10:14:48.691] [VDS] Request created, waiting for completion...
[2026-01-17 10:14:48.707] [VDS] Output: 2085 x 2250
[2026-01-17 10:14:48.707] [VDS] Raw: min=-1.66e+09 max=2.09e+09 mean=1.37e+05
[2026-01-17 10:14:48.707] [VDS] Saved: C:\Users\jonathan\AppData\LocalLow\Temp\openvds-preview-slice.bmp
[2026-01-17 10:14:48.763] Render: slice=1042, maxSize=1205
[2026-01-17 10:14:48.771] RenderSlice(dim=1, slice=1042, maxSize=1205) | 
[2026-01-17 10:14:48.771] RenderSlice(dim=1, slice=1042, maxSize=1205) | VDS (2D) | Dims: 2250 x 2085 | Mode: SINGLE_THREADED | 
[2026-01-17 10:14:48.771] RenderSlice(dim=1, slice=1042, maxSize=1205) | VDS (2D) | Dims: 2250 x 2085 | Mode: SINGLE_THREADED | Requesting 2250x2085 slice... | 
[2026-01-17 10:14:48.787] RenderSlice(dim=1, slice=1042, maxSize=1205) | VDS (2D) | Dims: 2250 x 2085 | Mode: SINGLE_THREADED | Requesting 2250x2085 slice... | Request created, waiting for completion... | 
[2026-01-17 10:14:48.866] RenderSlice(dim=1, slice=1042, maxSize=1205) | VDS (2D) | Dims: 2250 x 2085 | Mode: SINGLE_THREADED | Requesting 2250x2085 slice... | Request created, waiting for completion... | Output: 2085 x 2250 | Raw: min=-1.66e+09 max=2.09e+09 mean=1.37e+05 | 
[2026-01-17 10:14:49.136] [VDS] RenderSlice(dim=1, slice=1042, maxSize=1205)
[2026-01-17 10:14:49.136] [VDS] VDS (2D)
[2026-01-17 10:14:49.136] [VDS] Dims: 2250 x 2085
[2026-01-17 10:14:49.136] [VDS] Mode: SINGLE_THREADED
[2026-01-17 10:14:49.136] [VDS] Requesting 2250x2085 slice...
[2026-01-17 10:14:49.136] [VDS] Request created, waiting for completion...
[2026-01-17 10:14:49.136] [VDS] Output: 2085 x 2250
[2026-01-17 10:14:49.136] [VDS] Raw: min=-1.66e+09 max=2.09e+09 mean=1.37e+05
[2026-01-17 10:14:49.136] [VDS] Saved: C:\Users\jonathan\AppData\LocalLow\Temp\openvds-preview-slice.bmp
[2026-01-17 10:14:49.200] Render: slice=1050, maxSize=1205
[2026-01-17 10:14:49.200] RenderSlice(dim=1, slice=1050, maxSize=1205) | 
[2026-01-17 10:14:49.216] RenderSlice(dim=1, slice=1050, maxSize=1205) | VDS (2D) | Dims: 2250 x 2085 | Mode: SINGLE_THREADED | 
[2026-01-17 10:14:49.216] RenderSlice(dim=1, slice=1050, maxSize=1205) | VDS (2D) | Dims: 2250 x 2085 | Mode: SINGLE_THREADED | Requesting 2250x2085 slice... | 
[2026-01-17 10:14:49.216] RenderSlice(dim=1, slice=1050, maxSize=1205) | VDS (2D) | Dims: 2250 x 2085 | Mode: SINGLE_THREADED | Requesting 2250x2085 slice... | Request created, waiting for completion... | 
[2026-01-17 10:14:49.311] RenderSlice(dim=1, slice=1050, maxSize=1205) | VDS (2D) | Dims: 2250 x 2085 | Mode: SINGLE_THREADED | Requesting 2250x2085 slice... | Request created, waiting for completion... | Output: 2085 x 2250 | Raw: min=-1.66e+09 max=2.09e+09 mean=1.37e+05 | 
[2026-01-17 10:14:49.549] [VDS] RenderSlice(dim=1, slice=1050, maxSize=1205)
[2026-01-17 10:14:49.549] [VDS] VDS (2D)
[2026-01-17 10:14:49.549] [VDS] Dims: 2250 x 2085
[2026-01-17 10:14:49.549] [VDS] Mode: SINGLE_THREADED
[2026-01-17 10:14:49.549] [VDS] Requesting 2250x2085 slice...
[2026-01-17 10:14:49.549] [VDS] Request created, waiting for completion...
[2026-01-17 10:14:49.549] [VDS] Output: 2085 x 2250
[2026-01-17 10:14:49.549] [VDS] Raw: min=-1.66e+09 max=2.09e+09 mean=1.37e+05
[2026-01-17 10:14:49.549] [VDS] Saved: C:\Users\jonathan\AppData\LocalLow\Temp\openvds-preview-slice.bmp
[2026-01-17 10:14:50.377] Stream: 6731276 bytes
[2026-01-17 10:14:50.385] VdsRenderer::Initialize | Opened 2D VDS successfully | Dims: 2501 x 2161 | 
[2026-01-17 10:14:50.385] VDS OK: 2D, slice 1081/2161
[2026-01-17 10:14:50.396] Render: slice=1080, maxSize=1205
[2026-01-17 10:14:50.396] RenderSlice(dim=1, slice=1080, maxSize=1205) | 
[2026-01-17 10:14:50.414] RenderSlice(dim=1, slice=1080, maxSize=1205) | VDS (2D) | Dims: 2501 x 2161 | Mode: SINGLE_THREADED | 
[2026-01-17 10:14:50.414] RenderSlice(dim=1, slice=1080, maxSize=1205) | VDS (2D) | Dims: 2501 x 2161 | Mode: SINGLE_THREADED | Requesting 2501x2161 slice... | 
[2026-01-17 10:14:50.427] Skipping re-entrant render
[2026-01-17 10:14:50.453] Skipping re-entrant render
[2026-01-17 10:14:51.270] RenderSlice(dim=1, slice=1080, maxSize=1205) | VDS (2D) | Dims: 2501 x 2161 | Mode: SINGLE_THREADED | Requesting 2501x2161 slice... | Request created, waiting for completion... | 
[2026-01-17 10:14:51.335] RenderSlice(dim=1, slice=1080, maxSize=1205) | VDS (2D) | Dims: 2501 x 2161 | Mode: SINGLE_THREADED | Requesting 2501x2161 slice... | Request created, waiting for completion... | Output: 2161 x 2501 | Raw: min=-1.90e+04 max=2.00e+04 mean=-2.79e-01 | 
[2026-01-17 10:14:51.642] [VDS] RenderSlice(dim=1, slice=1080, maxSize=1205)
[2026-01-17 10:14:51.644] [VDS] VDS (2D)
[2026-01-17 10:14:51.644] [VDS] Dims: 2501 x 2161
[2026-01-17 10:14:51.644] [VDS] Mode: SINGLE_THREADED
[2026-01-17 10:14:51.644] [VDS] Requesting 2501x2161 slice...
[2026-01-17 10:14:51.646] [VDS] Request created, waiting for completion...
[2026-01-17 10:14:51.646] [VDS] Output: 2161 x 2501
[2026-01-17 10:14:51.646] [VDS] Raw: min=-1.90e+04 max=2.00e+04 mean=-2.79e-01
[2026-01-17 10:14:51.646] [VDS] Saved: C:\Users\jonathan\AppData\LocalLow\Temp\openvds-preview-slice.bmp
[2026-01-17 10:14:52.447] Render: slice=1079, maxSize=1205
[2026-01-17 10:14:52.447] RenderSlice(dim=1, slice=1079, maxSize=1205) | 
[2026-01-17 10:14:52.452] RenderSlice(dim=1, slice=1079, maxSize=1205) | VDS (2D) | Dims: 2501 x 2161 | Mode: SINGLE_THREADED | 
[2026-01-17 10:14:52.452] RenderSlice(dim=1, slice=1079, maxSize=1205) | VDS (2D) | Dims: 2501 x 2161 | Mode: SINGLE_THREADED | Requesting 2501x2161 slice... | 
[2026-01-17 10:14:52.456] RenderSlice(dim=1, slice=1079, maxSize=1205) | VDS (2D) | Dims: 2501 x 2161 | Mode: SINGLE_THREADED | Requesting 2501x2161 slice... | Request created, waiting for completion... | 
[2026-01-17 10:14:52.517] RenderSlice(dim=1, slice=1079, maxSize=1205) | VDS (2D) | Dims: 2501 x 2161 | Mode: SINGLE_THREADED | Requesting 2501x2161 slice... | Request created, waiting for completion... | Output: 2161 x 2501 | Raw: min=-1.90e+04 max=2.00e+04 mean=-2.79e-01 | 
[2026-01-17 10:14:52.804] [VDS] RenderSlice(dim=1, slice=1079, maxSize=1205)
[2026-01-17 10:14:52.804] [VDS] VDS (2D)
[2026-01-17 10:14:52.804] [VDS] Dims: 2501 x 2161
[2026-01-17 10:14:52.804] [VDS] Mode: SINGLE_THREADED
[2026-01-17 10:14:52.804] [VDS] Requesting 2501x2161 slice...
[2026-01-17 10:14:52.804] [VDS] Request created, waiting for completion...
[2026-01-17 10:14:52.804] [VDS] Output: 2161 x 2501
[2026-01-17 10:14:52.804] [VDS] Raw: min=-1.90e+04 max=2.00e+04 mean=-2.79e-01
[2026-01-17 10:14:52.804] [VDS] Saved: C:\Users\jonathan\AppData\LocalLow\Temp\openvds-preview-slice.bmp
[2026-01-17 10:14:52.852] Render: slice=1072, maxSize=1205
[2026-01-17 10:14:52.852] RenderSlice(dim=1, slice=1072, maxSize=1205) | 
[2026-01-17 10:14:52.872] RenderSlice(dim=1, slice=1072, maxSize=1205) | VDS (2D) | Dims: 2501 x 2161 | Mode: SINGLE_THREADED | 
[2026-01-17 10:14:52.872] RenderSlice(dim=1, slice=1072, maxSize=1205) | VDS (2D) | Dims: 2501 x 2161 | Mode: SINGLE_THREADED | Requesting 2501x2161 slice... | 
[2026-01-17 10:14:52.872] RenderSlice(dim=1, slice=1072, maxSize=1205) | VDS (2D) | Dims: 2501 x 2161 | Mode: SINGLE_THREADED | Requesting 2501x2161 slice... | Request created, waiting for completion... | 
[2026-01-17 10:14:52.979] RenderSlice(dim=1, slice=1072, maxSize=1205) | VDS (2D) | Dims: 2501 x 2161 | Mode: SINGLE_THREADED | Requesting 2501x2161 slice... | Request created, waiting for completion... | Output: 2161 x 2501 | Raw: min=-1.90e+04 max=2.00e+04 mean=-2.79e-01 | 
[2026-01-17 10:14:53.265] [VDS] RenderSlice(dim=1, slice=1072, maxSize=1205)
[2026-01-17 10:14:53.265] [VDS] VDS (2D)
[2026-01-17 10:14:53.265] [VDS] Dims: 2501 x 2161
[2026-01-17 10:14:53.265] [VDS] Mode: SINGLE_THREADED
[2026-01-17 10:14:53.265] [VDS] Requesting 2501x2161 slice...
[2026-01-17 10:14:53.281] [VDS] Request created, waiting for completion...
[2026-01-17 10:14:53.281] [VDS] Output: 2161 x 2501
[2026-01-17 10:14:53.281] [VDS] Raw: min=-1.90e+04 max=2.00e+04 mean=-2.79e-01
[2026-01-17 10:14:53.281] [VDS] Saved: C:\Users\jonathan\AppData\LocalLow\Temp\openvds-preview-slice.bmp
[2026-01-17 10:14:53.313] Render: slice=1078, maxSize=1205
[2026-01-17 10:14:53.313] RenderSlice(dim=1, slice=1078, maxSize=1205) | 
[2026-01-17 10:14:53.329] RenderSlice(dim=1, slice=1078, maxSize=1205) | VDS (2D) | Dims: 2501 x 2161 | Mode: SINGLE_THREADED | 
[2026-01-17 10:14:53.329] RenderSlice(dim=1, slice=1078, maxSize=1205) | VDS (2D) | Dims: 2501 x 2161 | Mode: SINGLE_THREADED | Requesting 2501x2161 slice... | 
[2026-01-17 10:14:53.329] RenderSlice(dim=1, slice=1078, maxSize=1205) | VDS (2D) | Dims: 2501 x 2161 | Mode: SINGLE_THREADED | Requesting 2501x2161 slice... | Request created, waiting for completion... | 
[2026-01-17 10:14:53.411] RenderSlice(dim=1, slice=1078, maxSize=1205) | VDS (2D) | Dims: 2501 x 2161 | Mode: SINGLE_THREADED | Requesting 2501x2161 slice... | Request created, waiting for completion... | Output: 2161 x 2501 | Raw: min=-1.90e+04 max=2.00e+04 mean=-2.79e-01 | 
[2026-01-17 10:14:53.648] [VDS] RenderSlice(dim=1, slice=1078, maxSize=1205)
[2026-01-17 10:14:53.648] [VDS] VDS (2D)
[2026-01-17 10:14:53.648] [VDS] Dims: 2501 x 2161
[2026-01-17 10:14:53.648] [VDS] Mode: SINGLE_THREADED
[2026-01-17 10:14:53.648] [VDS] Requesting 2501x2161 slice...
[2026-01-17 10:14:53.648] [VDS] Request created, waiting for completion...
[2026-01-17 10:14:53.648] [VDS] Output: 2161 x 2501
[2026-01-17 10:14:53.648] [VDS] Raw: min=-1.90e+04 max=2.00e+04 mean=-2.79e-01
[2026-01-17 10:14:53.648] [VDS] Saved: C:\Users\jonathan\AppData\LocalLow\Temp\openvds-preview-slice.bmp
[2026-01-17 10:14:54.878] Stream: 2067912216 bytes
[2026-01-17 10:14:54.902] VdsRenderer::Initialize | Opened 3D VDS successfully | Dims: 1401 x 1176 x 895 | 
[2026-01-17 10:14:54.902] VDS OK: 3D, slice 448/895
[2026-01-17 10:14:54.912] Render: slice=447, maxSize=1205
[2026-01-17 10:14:54.912] RenderSlice(dim=2, slice=447, maxSize=1205) | 
[2026-01-17 10:14:54.914] RenderSlice(dim=2, slice=447, maxSize=1205) | VDS (3D) | Dims: 1401 x 1176 x 895 | Mode: SINGLE_THREADED | 
[2026-01-17 10:14:54.914] RenderSlice(dim=2, slice=447, maxSize=1205) | VDS (3D) | Dims: 1401 x 1176 x 895 | Mode: SINGLE_THREADED | Requesting 1401x1176 slice... | 
[2026-01-17 10:14:54.949] Skipping re-entrant render
[2026-01-17 10:14:54.967] Skipping re-entrant render
[2026-01-17 10:15:39.287] RenderSlice(dim=2, slice=447, maxSize=1205) | VDS (3D) | Dims: 1401 x 1176 x 895 | Mode: SINGLE_THREADED | Requesting 1401x1176 slice... | Request created, waiting for completion... | 
[2026-01-17 10:15:39.319] RenderSlice(dim=2, slice=447, maxSize=1205) | VDS (3D) | Dims: 1401 x 1176 x 895 | Mode: SINGLE_THREADED | Requesting 1401x1176 slice... | Request created, waiting for completion... | Slice: Inline 448/895 | Output: 1176 x 1401 | Raw: min=-2.64e+02 max=2.83e+02 mean=3.65e-04 | 
[2026-01-17 10:15:39.430] [VDS] RenderSlice(dim=2, slice=447, maxSize=1205)
[2026-01-17 10:15:39.430] [VDS] VDS (3D)
[2026-01-17 10:15:39.430] [VDS] Dims: 1401 x 1176 x 895
[2026-01-17 10:15:39.430] [VDS] Mode: SINGLE_THREADED
[2026-01-17 10:15:39.430] [VDS] Requesting 1401x1176 slice...
[2026-01-17 10:15:39.430] [VDS] Request created, waiting for completion...
[2026-01-17 10:15:39.430] [VDS] Slice: Inline 448/895
[2026-01-17 10:15:39.430] [VDS] Output: 1176 x 1401
[2026-01-17 10:15:39.430] [VDS] Raw: min=-2.64e+02 max=2.83e+02 mean=3.65e-04
[2026-01-17 10:15:39.430] [VDS] Saved: C:\Users\jonathan\AppData\LocalLow\Temp\openvds-preview-slice.bmp
[2026-01-17 10:15:39.462] Render: slice=438, maxSize=1205
[2026-01-17 10:15:39.462] RenderSlice(dim=2, slice=438, maxSize=1205) | 
[2026-01-17 10:15:39.477] RenderSlice(dim=2, slice=438, maxSize=1205) | VDS (3D) | Dims: 1401 x 1176 x 895 | Mode: SINGLE_THREADED | 
[2026-01-17 10:15:39.477] RenderSlice(dim=2, slice=438, maxSize=1205) | VDS (3D) | Dims: 1401 x 1176 x 895 | Mode: SINGLE_THREADED | Requesting 1401x1176 slice... | 
[2026-01-17 10:15:39.493] RenderSlice(dim=2, slice=438, maxSize=1205) | VDS (3D) | Dims: 1401 x 1176 x 895 | Mode: SINGLE_THREADED | Requesting 1401x1176 slice... | Request created, waiting for completion... | 
[2026-01-17 10:15:39.545] RenderSlice(dim=2, slice=438, maxSize=1205) | VDS (3D) | Dims: 1401 x 1176 x 895 | Mode: SINGLE_THREADED | Requesting 1401x1176 slice... | Request created, waiting for completion... | Slice: Inline 439/895 | Output: 1176 x 1401 | Raw: min=-2.41e+02 max=2.64e+02 mean=3.28e-04 | 
[2026-01-17 10:15:39.652] [VDS] RenderSlice(dim=2, slice=438, maxSize=1205)
[2026-01-17 10:15:39.652] [VDS] VDS (3D)
[2026-01-17 10:15:39.652] [VDS] Dims: 1401 x 1176 x 895
[2026-01-17 10:15:39.652] [VDS] Mode: SINGLE_THREADED
[2026-01-17 10:15:39.652] [VDS] Requesting 1401x1176 slice...
[2026-01-17 10:15:39.652] [VDS] Request created, waiting for completion...
[2026-01-17 10:15:39.668] [VDS] Slice: Inline 439/895
[2026-01-17 10:15:39.668] [VDS] Output: 1176 x 1401
[2026-01-17 10:15:39.668] [VDS] Raw: min=-2.41e+02 max=2.64e+02 mean=3.28e-04
[2026-01-17 10:15:39.668] [VDS] Saved: C:\Users\jonathan\AppData\LocalLow\Temp\openvds-preview-slice.bmp
[2026-01-17 10:15:40.378] Render: slice=437, maxSize=1205
[2026-01-17 10:15:40.378] RenderSlice(dim=2, slice=437, maxSize=1205) | 
[2026-01-17 10:15:40.378] RenderSlice(dim=2, slice=437, maxSize=1205) | VDS (3D) | Dims: 1401 x 1176 x 895 | Mode: SINGLE_THREADED | 
[2026-01-17 10:15:40.384] RenderSlice(dim=2, slice=437, maxSize=1205) | VDS (3D) | Dims: 1401 x 1176 x 895 | Mode: SINGLE_THREADED | Requesting 1401x1176 slice... | 
[2026-01-17 10:15:40.385] RenderSlice(dim=2, slice=437, maxSize=1205) | VDS (3D) | Dims: 1401 x 1176 x 895 | Mode: SINGLE_THREADED | Requesting 1401x1176 slice... | Request created, waiting for completion... | 
[2026-01-17 10:15:40.391] RenderSlice(dim=2, slice=437, maxSize=1205) | VDS (3D) | Dims: 1401 x 1176 x 895 | Mode: SINGLE_THREADED | Requesting 1401x1176 slice... | Request created, waiting for completion... | Slice: Inline 438/895 | Output: 1176 x 1401 | Raw: min=-2.43e+02 max=2.71e+02 mean=3.09e-04 | 
[2026-01-17 10:15:40.481] [VDS] RenderSlice(dim=2, slice=437, maxSize=1205)
[2026-01-17 10:15:40.481] [VDS] VDS (3D)
[2026-01-17 10:15:40.481] [VDS] Dims: 1401 x 1176 x 895
[2026-01-17 10:15:40.481] [VDS] Mode: SINGLE_THREADED
[2026-01-17 10:15:40.481] [VDS] Requesting 1401x1176 slice...
[2026-01-17 10:15:40.481] [VDS] Request created, waiting for completion...
[2026-01-17 10:15:40.481] [VDS] Slice: Inline 438/895
[2026-01-17 10:15:40.481] [VDS] Output: 1176 x 1401
[2026-01-17 10:15:40.481] [VDS] Raw: min=-2.43e+02 max=2.71e+02 mean=3.09e-04
[2026-01-17 10:15:40.481] [VDS] Saved: C:\Users\jonathan\AppData\LocalLow\Temp\openvds-preview-slice.bmp
[2026-01-17 10:15:40.545] Render: slice=435, maxSize=1205
[2026-01-17 10:15:40.545] RenderSlice(dim=2, slice=435, maxSize=1205) | 
[2026-01-17 10:15:40.545] RenderSlice(dim=2, slice=435, maxSize=1205) | VDS (3D) | Dims: 1401 x 1176 x 895 | Mode: SINGLE_THREADED | 
[2026-01-17 10:15:40.545] RenderSlice(dim=2, slice=435, maxSize=1205) | VDS (3D) | Dims: 1401 x 1176 x 895 | Mode: SINGLE_THREADED | Requesting 1401x1176 slice... | 
[2026-01-17 10:15:40.545] RenderSlice(dim=2, slice=435, maxSize=1205) | VDS (3D) | Dims: 1401 x 1176 x 895 | Mode: SINGLE_THREADED | Requesting 1401x1176 slice... | Request created, waiting for completion... | 
[2026-01-17 10:15:40.577] RenderSlice(dim=2, slice=435, maxSize=1205) | VDS (3D) | Dims: 1401 x 1176 x 895 | Mode: SINGLE_THREADED | Requesting 1401x1176 slice... | Request created, waiting for completion... | Slice: Inline 436/895 | Output: 1176 x 1401 | Raw: min=-2.35e+02 max=2.46e+02 mean=3.07e-04 | 
[2026-01-17 10:15:40.704] [VDS] RenderSlice(dim=2, slice=435, maxSize=1205)
[2026-01-17 10:15:40.704] [VDS] VDS (3D)
[2026-01-17 10:15:40.704] [VDS] Dims: 1401 x 1176 x 895
[2026-01-17 10:15:40.704] [VDS] Mode: SINGLE_THREADED
[2026-01-17 10:15:40.704] [VDS] Requesting 1401x1176 slice...
[2026-01-17 10:15:40.704] [VDS] Request created, waiting for completion...
[2026-01-17 10:15:40.720] [VDS] Slice: Inline 436/895
[2026-01-17 10:15:40.720] [VDS] Output: 1176 x 1401
[2026-01-17 10:15:40.720] [VDS] Raw: min=-2.35e+02 max=2.46e+02 mean=3.07e-04
[2026-01-17 10:15:40.720] [VDS] Saved: C:\Users\jonathan\AppData\LocalLow\Temp\openvds-preview-slice.bmp
[2026-01-17 10:15:40.783] Render: slice=430, maxSize=1205
[2026-01-17 10:15:40.783] RenderSlice(dim=2, slice=430, maxSize=1205) | 
[2026-01-17 10:15:40.783] RenderSlice(dim=2, slice=430, maxSize=1205) | VDS (3D) | Dims: 1401 x 1176 x 895 | Mode: SINGLE_THREADED | 
[2026-01-17 10:15:40.783] RenderSlice(dim=2, slice=430, maxSize=1205) | VDS (3D) | Dims: 1401 x 1176 x 895 | Mode: SINGLE_THREADED | Requesting 1401x1176 slice... | 
[2026-01-17 10:15:40.783] RenderSlice(dim=2, slice=430, maxSize=1205) | VDS (3D) | Dims: 1401 x 1176 x 895 | Mode: SINGLE_THREADED | Requesting 1401x1176 slice... | Request created, waiting for completion... | 
[2026-01-17 10:15:40.819] RenderSlice(dim=2, slice=430, maxSize=1205) | VDS (3D) | Dims: 1401 x 1176 x 895 | Mode: SINGLE_THREADED | Requesting 1401x1176 slice... | Request created, waiting for completion... | Slice: Inline 431/895 | Output: 1176 x 1401 | Raw: min=-2.56e+02 max=2.33e+02 mean=2.15e-04 | 
[2026-01-17 10:15:40.928] [VDS] RenderSlice(dim=2, slice=430, maxSize=1205)
[2026-01-17 10:15:40.928] [VDS] VDS (3D)
[2026-01-17 10:15:40.928] [VDS] Dims: 1401 x 1176 x 895
[2026-01-17 10:15:40.928] [VDS] Mode: SINGLE_THREADED
[2026-01-17 10:15:40.928] [VDS] Requesting 1401x1176 slice...
[2026-01-17 10:15:40.928] [VDS] Request created, waiting for completion...
[2026-01-17 10:15:40.928] [VDS] Slice: Inline 431/895
[2026-01-17 10:15:40.928] [VDS] Output: 1176 x 1401
[2026-01-17 10:15:40.928] [VDS] Raw: min=-2.56e+02 max=2.33e+02 mean=2.15e-04
[2026-01-17 10:15:40.928] [VDS] Saved: C:\Users\jonathan\AppData\LocalLow\Temp\openvds-preview-slice.bmp
[2026-01-17 10:15:40.997] Render: slice=429, maxSize=1205
[2026-01-17 10:15:40.997] RenderSlice(dim=2, slice=429, maxSize=1205) | 
[2026-01-17 10:15:40.997] RenderSlice(dim=2, slice=429, maxSize=1205) | VDS (3D) | Dims: 1401 x 1176 x 895 | Mode: SINGLE_THREADED | 
[2026-01-17 10:15:40.997] RenderSlice(dim=2, slice=429, maxSize=1205) | VDS (3D) | Dims: 1401 x 1176 x 895 | Mode: SINGLE_THREADED | Requesting 1401x1176 slice... | 
[2026-01-17 10:15:40.997] RenderSlice(dim=2, slice=429, maxSize=1205) | VDS (3D) | Dims: 1401 x 1176 x 895 | Mode: SINGLE_THREADED | Requesting 1401x1176 slice... | Request created, waiting for completion... | 
[2026-01-17 10:15:41.023] RenderSlice(dim=2, slice=429, maxSize=1205) | VDS (3D) | Dims: 1401 x 1176 x 895 | Mode: SINGLE_THREADED | Requesting 1401x1176 slice... | Request created, waiting for completion... | Slice: Inline 430/895 | Output: 1176 x 1401 | Raw: min=-2.47e+02 max=2.28e+02 mean=2.22e-04 | 
[2026-01-17 10:15:41.133] [VDS] RenderSlice(dim=2, slice=429, maxSize=1205)
[2026-01-17 10:15:41.133] [VDS] VDS (3D)
[2026-01-17 10:15:41.133] [VDS] Dims: 1401 x 1176 x 895
[2026-01-17 10:15:41.133] [VDS] Mode: SINGLE_THREADED
[2026-01-17 10:15:41.133] [VDS] Requesting 1401x1176 slice...
[2026-01-17 10:15:41.133] [VDS] Request created, waiting for completion...
[2026-01-17 10:15:41.133] [VDS] Slice: Inline 430/895
[2026-01-17 10:15:41.133] [VDS] Output: 1176 x 1401
[2026-01-17 10:15:41.149] [VDS] Raw: min=-2.47e+02 max=2.28e+02 mean=2.22e-04
[2026-01-17 10:15:41.149] [VDS] Saved: C:\Users\jonathan\AppData\LocalLow\Temp\openvds-preview-slice.bmp
[2026-01-17 10:15:41.228] Render: slice=428, maxSize=1205
[2026-01-17 10:15:41.228] RenderSlice(dim=2, slice=428, maxSize=1205) | 
[2026-01-17 10:15:41.228] RenderSlice(dim=2, slice=428, maxSize=1205) | VDS (3D) | Dims: 1401 x 1176 x 895 | Mode: SINGLE_THREADED | 
[2026-01-17 10:15:41.228] RenderSlice(dim=2, slice=428, maxSize=1205) | VDS (3D) | Dims: 1401 x 1176 x 895 | Mode: SINGLE_THREADED | Requesting 1401x1176 slice... | 
[2026-01-17 10:15:41.228] RenderSlice(dim=2, slice=428, maxSize=1205) | VDS (3D) | Dims: 1401 x 1176 x 895 | Mode: SINGLE_THREADED | Requesting 1401x1176 slice... | Request created, waiting for completion... | 
[2026-01-17 10:15:41.254] RenderSlice(dim=2, slice=428, maxSize=1205) | VDS (3D) | Dims: 1401 x 1176 x 895 | Mode: SINGLE_THREADED | Requesting 1401x1176 slice... | Request created, waiting for completion... | Slice: Inline 429/895 | Output: 1176 x 1401 | Raw: min=-2.27e+02 max=2.32e+02 mean=2.33e-04 | 
[2026-01-17 10:15:41.347] [VDS] RenderSlice(dim=2, slice=428, maxSize=1205)
[2026-01-17 10:15:41.356] [VDS] VDS (3D)
[2026-01-17 10:15:41.356] [VDS] Dims: 1401 x 1176 x 895
[2026-01-17 10:15:41.358] [VDS] Mode: SINGLE_THREADED
[2026-01-17 10:15:41.358] [VDS] Requesting 1401x1176 slice...
[2026-01-17 10:15:41.360] [VDS] Request created, waiting for completion...
[2026-01-17 10:15:41.362] [VDS] Slice: Inline 429/895
[2026-01-17 10:15:41.362] [VDS] Output: 1176 x 1401
[2026-01-17 10:15:41.362] [VDS] Raw: min=-2.27e+02 max=2.32e+02 mean=2.33e-04
[2026-01-17 10:15:41.362] [VDS] Saved: C:\Users\jonathan\AppData\LocalLow\Temp\openvds-preview-slice.bmp
[2026-01-17 10:15:41.420] Render: slice=422, maxSize=1205
[2026-01-17 10:15:41.420] RenderSlice(dim=2, slice=422, maxSize=1205) | 
[2026-01-17 10:15:41.426] RenderSlice(dim=2, slice=422, maxSize=1205) | VDS (3D) | Dims: 1401 x 1176 x 895 | Mode: SINGLE_THREADED | 
[2026-01-17 10:15:41.428] RenderSlice(dim=2, slice=422, maxSize=1205) | VDS (3D) | Dims: 1401 x 1176 x 895 | Mode: SINGLE_THREADED | Requesting 1401x1176 slice... | 
[2026-01-17 10:15:41.432] RenderSlice(dim=2, slice=422, maxSize=1205) | VDS (3D) | Dims: 1401 x 1176 x 895 | Mode: SINGLE_THREADED | Requesting 1401x1176 slice... | Request created, waiting for completion... | 
[2026-01-17 10:15:41.478] RenderSlice(dim=2, slice=422, maxSize=1205) | VDS (3D) | Dims: 1401 x 1176 x 895 | Mode: SINGLE_THREADED | Requesting 1401x1176 slice... | Request created, waiting for completion... | Slice: Inline 423/895 | Output: 1176 x 1401 | Raw: min=-2.41e+02 max=2.52e+02 mean=2.57e-04 | 
[2026-01-17 10:15:41.582] [VDS] RenderSlice(dim=2, slice=422, maxSize=1205)
[2026-01-17 10:15:41.582] [VDS] VDS (3D)
[2026-01-17 10:15:41.590] [VDS] Dims: 1401 x 1176 x 895
[2026-01-17 10:15:41.590] [VDS] Mode: SINGLE_THREADED
[2026-01-17 10:15:41.590] [VDS] Requesting 1401x1176 slice...
[2026-01-17 10:15:41.590] [VDS] Request created, waiting for completion...
[2026-01-17 10:15:41.590] [VDS] Slice: Inline 423/895
[2026-01-17 10:15:41.592] [VDS] Output: 1176 x 1401
[2026-01-17 10:15:41.594] [VDS] Raw: min=-2.41e+02 max=2.52e+02 mean=2.57e-04
[2026-01-17 10:15:41.594] [VDS] Saved: C:\Users\jonathan\AppData\LocalLow\Temp\openvds-preview-slice.bmp
[2026-01-17 10:15:41.751] Render: slice=421, maxSize=1205
[2026-01-17 10:15:41.767] RenderSlice(dim=2, slice=421, maxSize=1205) | 
[2026-01-17 10:15:41.773] RenderSlice(dim=2, slice=421, maxSize=1205) | VDS (3D) | Dims: 1401 x 1176 x 895 | Mode: SINGLE_THREADED | 
[2026-01-17 10:15:41.773] RenderSlice(dim=2, slice=421, maxSize=1205) | VDS (3D) | Dims: 1401 x 1176 x 895 | Mode: SINGLE_THREADED | Requesting 1401x1176 slice... | 
[2026-01-17 10:15:41.773] RenderSlice(dim=2, slice=421, maxSize=1205) | VDS (3D) | Dims: 1401 x 1176 x 895 | Mode: SINGLE_THREADED | Requesting 1401x1176 slice... | Request created, waiting for completion... | 
[2026-01-17 10:15:41.785] RenderSlice(dim=2, slice=421, maxSize=1205) | VDS (3D) | Dims: 1401 x 1176 x 895 | Mode: SINGLE_THREADED | Requesting 1401x1176 slice... | Request created, waiting for completion... | Slice: Inline 422/895 | Output: 1176 x 1401 | Raw: min=-2.20e+02 max=2.59e+02 mean=2.60e-04 | 
[2026-01-17 10:15:41.963] [VDS] RenderSlice(dim=2, slice=421, maxSize=1205)
[2026-01-17 10:15:41.963] [VDS] VDS (3D)
[2026-01-17 10:15:41.973] [VDS] Dims: 1401 x 1176 x 895
[2026-01-17 10:15:41.975] [VDS] Mode: SINGLE_THREADED
[2026-01-17 10:15:41.975] [VDS] Requesting 1401x1176 slice...
[2026-01-17 10:15:41.975] [VDS] Request created, waiting for completion...
[2026-01-17 10:15:41.975] [VDS] Slice: Inline 422/895
[2026-01-17 10:15:41.977] [VDS] Output: 1176 x 1401
[2026-01-17 10:15:41.977] [VDS] Raw: min=-2.20e+02 max=2.59e+02 mean=2.60e-04
[2026-01-17 10:15:41.977] [VDS] Saved: C:\Users\jonathan\AppData\LocalLow\Temp\openvds-preview-slice.bmp
[2026-01-17 10:15:42.023] Render: slice=414, maxSize=1205
[2026-01-17 10:15:42.025] RenderSlice(dim=2, slice=414, maxSize=1205) | 
[2026-01-17 10:15:42.029] RenderSlice(dim=2, slice=414, maxSize=1205) | VDS (3D) | Dims: 1401 x 1176 x 895 | Mode: SINGLE_THREADED | 
[2026-01-17 10:15:42.029] RenderSlice(dim=2, slice=414, maxSize=1205) | VDS (3D) | Dims: 1401 x 1176 x 895 | Mode: SINGLE_THREADED | Requesting 1401x1176 slice... | 
[2026-01-17 10:15:42.032] RenderSlice(dim=2, slice=414, maxSize=1205) | VDS (3D) | Dims: 1401 x 1176 x 895 | Mode: SINGLE_THREADED | Requesting 1401x1176 slice... | Request created, waiting for completion... | 
[2026-01-17 10:15:42.061] RenderSlice(dim=2, slice=414, maxSize=1205) | VDS (3D) | Dims: 1401 x 1176 x 895 | Mode: SINGLE_THREADED | Requesting 1401x1176 slice... | Request created, waiting for completion... | Slice: Inline 415/895 | Output: 1176 x 1401 | Raw: min=-2.67e+02 max=2.74e+02 mean=2.07e-04 | 
[2026-01-17 10:15:42.179] [VDS] RenderSlice(dim=2, slice=414, maxSize=1205)
[2026-01-17 10:15:42.179] [VDS] VDS (3D)
[2026-01-17 10:15:42.179] [VDS] Dims: 1401 x 1176 x 895
[2026-01-17 10:15:42.179] [VDS] Mode: SINGLE_THREADED
[2026-01-17 10:15:42.179] [VDS] Requesting 1401x1176 slice...
[2026-01-17 10:15:42.179] [VDS] Request created, waiting for completion...
[2026-01-17 10:15:42.195] [VDS] Slice: Inline 415/895
[2026-01-17 10:15:42.195] [VDS] Output: 1176 x 1401
[2026-01-17 10:15:42.195] [VDS] Raw: min=-2.67e+02 max=2.74e+02 mean=2.07e-04
[2026-01-17 10:15:42.197] [VDS] Saved: C:\Users\jonathan\AppData\LocalLow\Temp\openvds-preview-slice.bmp
[2026-01-17 10:15:42.344] Render: slice=413, maxSize=1205
[2026-01-17 10:15:42.344] RenderSlice(dim=2, slice=413, maxSize=1205) | 
[2026-01-17 10:15:42.350] RenderSlice(dim=2, slice=413, maxSize=1205) | VDS (3D) | Dims: 1401 x 1176 x 895 | Mode: SINGLE_THREADED | 
[2026-01-17 10:15:42.350] RenderSlice(dim=2, slice=413, maxSize=1205) | VDS (3D) | Dims: 1401 x 1176 x 895 | Mode: SINGLE_THREADED | Requesting 1401x1176 slice... | 
[2026-01-17 10:15:42.352] RenderSlice(dim=2, slice=413, maxSize=1205) | VDS (3D) | Dims: 1401 x 1176 x 895 | Mode: SINGLE_THREADED | Requesting 1401x1176 slice... | Request created, waiting for completion... | 
[2026-01-17 10:15:42.358] RenderSlice(dim=2, slice=413, maxSize=1205) | VDS (3D) | Dims: 1401 x 1176 x 895 | Mode: SINGLE_THREADED | Requesting 1401x1176 slice... | Request created, waiting for completion... | Slice: Inline 414/895 | Output: 1176 x 1401 | Raw: min=-2.79e+02 max=2.77e+02 mean=2.19e-04 | 
[2026-01-17 10:15:42.465] [VDS] RenderSlice(dim=2, slice=413, maxSize=1205)
[2026-01-17 10:15:42.465] [VDS] VDS (3D)
[2026-01-17 10:15:42.465] [VDS] Dims: 1401 x 1176 x 895
[2026-01-17 10:15:42.465] [VDS] Mode: SINGLE_THREADED
[2026-01-17 10:15:42.465] [VDS] Requesting 1401x1176 slice...
[2026-01-17 10:15:42.481] [VDS] Request created, waiting for completion...
[2026-01-17 10:15:42.481] [VDS] Slice: Inline 414/895
[2026-01-17 10:15:42.481] [VDS] Output: 1176 x 1401
[2026-01-17 10:15:42.481] [VDS] Raw: min=-2.79e+02 max=2.77e+02 mean=2.19e-04
[2026-01-17 10:15:42.481] [VDS] Saved: C:\Users\jonathan\AppData\LocalLow\Temp\openvds-preview-slice.bmp
[2026-01-17 10:15:42.546] Render: slice=406, maxSize=1205
[2026-01-17 10:15:42.546] RenderSlice(dim=2, slice=406, maxSize=1205) | 
[2026-01-17 10:15:42.560] RenderSlice(dim=2, slice=406, maxSize=1205) | VDS (3D) | Dims: 1401 x 1176 x 895 | Mode: SINGLE_THREADED | 
[2026-01-17 10:15:42.560] RenderSlice(dim=2, slice=406, maxSize=1205) | VDS (3D) | Dims: 1401 x 1176 x 895 | Mode: SINGLE_THREADED | Requesting 1401x1176 slice... | 
[2026-01-17 10:15:42.560] RenderSlice(dim=2, slice=406, maxSize=1205) | VDS (3D) | Dims: 1401 x 1176 x 895 | Mode: SINGLE_THREADED | Requesting 1401x1176 slice... | Request created, waiting for completion... | 
[2026-01-17 10:15:42.592] RenderSlice(dim=2, slice=406, maxSize=1205) | VDS (3D) | Dims: 1401 x 1176 x 895 | Mode: SINGLE_THREADED | Requesting 1401x1176 slice... | Request created, waiting for completion... | Slice: Inline 407/895 | Output: 1176 x 1401 | Raw: min=-2.47e+02 max=2.89e+02 mean=2.32e-04 | 
[2026-01-17 10:15:42.688] [VDS] RenderSlice(dim=2, slice=406, maxSize=1205)
[2026-01-17 10:15:42.688] [VDS] VDS (3D)
[2026-01-17 10:15:42.688] [VDS] Dims: 1401 x 1176 x 895
[2026-01-17 10:15:42.688] [VDS] Mode: SINGLE_THREADED
[2026-01-17 10:15:42.688] [VDS] Requesting 1401x1176 slice...
[2026-01-17 10:15:42.688] [VDS] Request created, waiting for completion...
[2026-01-17 10:15:42.688] [VDS] Slice: Inline 407/895
[2026-01-17 10:15:42.688] [VDS] Output: 1176 x 1401
[2026-01-17 10:15:42.688] [VDS] Raw: min=-2.47e+02 max=2.89e+02 mean=2.32e-04
[2026-01-17 10:15:42.688] [VDS] Saved: C:\Users\jonathan\AppData\LocalLow\Temp\openvds-preview-slice.bmp
[2026-01-17 10:15:42.944] Render: slice=405, maxSize=1205
[2026-01-17 10:15:42.960] RenderSlice(dim=2, slice=405, maxSize=1205) | 
[2026-01-17 10:15:42.963] RenderSlice(dim=2, slice=405, maxSize=1205) | VDS (3D) | Dims: 1401 x 1176 x 895 | Mode: SINGLE_THREADED | 
[2026-01-17 10:15:42.963] RenderSlice(dim=2, slice=405, maxSize=1205) | VDS (3D) | Dims: 1401 x 1176 x 895 | Mode: SINGLE_THREADED | Requesting 1401x1176 slice... | 
[2026-01-17 10:15:42.967] RenderSlice(dim=2, slice=405, maxSize=1205) | VDS (3D) | Dims: 1401 x 1176 x 895 | Mode: SINGLE_THREADED | Requesting 1401x1176 slice... | Request created, waiting for completion... | 
[2026-01-17 10:15:42.978] RenderSlice(dim=2, slice=405, maxSize=1205) | VDS (3D) | Dims: 1401 x 1176 x 895 | Mode: SINGLE_THREADED | Requesting 1401x1176 slice... | Request created, waiting for completion... | Slice: Inline 406/895 | Output: 1176 x 1401 | Raw: min=-2.53e+02 max=2.78e+02 mean=2.22e-04 | 
[2026-01-17 10:15:43.103] [VDS] RenderSlice(dim=2, slice=405, maxSize=1205)
[2026-01-17 10:15:43.103] [VDS] VDS (3D)
[2026-01-17 10:15:43.103] [VDS] Dims: 1401 x 1176 x 895
[2026-01-17 10:15:43.103] [VDS] Mode: SINGLE_THREADED
[2026-01-17 10:15:43.103] [VDS] Requesting 1401x1176 slice...
[2026-01-17 10:15:43.103] [VDS] Request created, waiting for completion...
[2026-01-17 10:15:43.103] [VDS] Slice: Inline 406/895
[2026-01-17 10:15:43.103] [VDS] Output: 1176 x 1401
[2026-01-17 10:15:43.103] [VDS] Raw: min=-2.53e+02 max=2.78e+02 mean=2.22e-04
[2026-01-17 10:15:43.103] [VDS] Saved: C:\Users\jonathan\AppData\LocalLow\Temp\openvds-preview-slice.bmp
[2026-01-17 10:15:43.151] Render: slice=398, maxSize=1205
[2026-01-17 10:15:43.151] RenderSlice(dim=2, slice=398, maxSize=1205) | 
[2026-01-17 10:15:43.151] RenderSlice(dim=2, slice=398, maxSize=1205) | VDS (3D) | Dims: 1401 x 1176 x 895 | Mode: SINGLE_THREADED | 
[2026-01-17 10:15:43.151] RenderSlice(dim=2, slice=398, maxSize=1205) | VDS (3D) | Dims: 1401 x 1176 x 895 | Mode: SINGLE_THREADED | Requesting 1401x1176 slice... | 
[2026-01-17 10:15:43.151] RenderSlice(dim=2, slice=398, maxSize=1205) | VDS (3D) | Dims: 1401 x 1176 x 895 | Mode: SINGLE_THREADED | Requesting 1401x1176 slice... | Request created, waiting for completion... | 
[2026-01-17 10:15:43.183] RenderSlice(dim=2, slice=398, maxSize=1205) | VDS (3D) | Dims: 1401 x 1176 x 895 | Mode: SINGLE_THREADED | Requesting 1401x1176 slice... | Request created, waiting for completion... | Slice: Inline 399/895 | Output: 1176 x 1401 | Raw: min=-3.24e+02 max=3.55e+02 mean=3.40e-04 | 
[2026-01-17 10:15:43.294] [VDS] RenderSlice(dim=2, slice=398, maxSize=1205)
[2026-01-17 10:15:43.294] [VDS] VDS (3D)
[2026-01-17 10:15:43.294] [VDS] Dims: 1401 x 1176 x 895
[2026-01-17 10:15:43.294] [VDS] Mode: SINGLE_THREADED
[2026-01-17 10:15:43.294] [VDS] Requesting 1401x1176 slice...
[2026-01-17 10:15:43.294] [VDS] Request created, waiting for completion...
[2026-01-17 10:15:43.294] [VDS] Slice: Inline 399/895
[2026-01-17 10:15:43.294] [VDS] Output: 1176 x 1401
[2026-01-17 10:15:43.294] [VDS] Raw: min=-3.24e+02 max=3.55e+02 mean=3.40e-04
[2026-01-17 10:15:43.294] [VDS] Saved: C:\Users\jonathan\AppData\LocalLow\Temp\openvds-preview-slice.bmp
[2026-01-17 10:15:43.343] Render: slice=397, maxSize=1205
[2026-01-17 10:15:43.343] RenderSlice(dim=2, slice=397, maxSize=1205) | 
[2026-01-17 10:15:43.343] RenderSlice(dim=2, slice=397, maxSize=1205) | VDS (3D) | Dims: 1401 x 1176 x 895 | Mode: SINGLE_THREADED | 
[2026-01-17 10:15:43.343] RenderSlice(dim=2, slice=397, maxSize=1205) | VDS (3D) | Dims: 1401 x 1176 x 895 | Mode: SINGLE_THREADED | Requesting 1401x1176 slice... | 
[2026-01-17 10:15:43.343] RenderSlice(dim=2, slice=397, maxSize=1205) | VDS (3D) | Dims: 1401 x 1176 x 895 | Mode: SINGLE_THREADED | Requesting 1401x1176 slice... | Request created, waiting for completion... | 
[2026-01-17 10:15:43.375] RenderSlice(dim=2, slice=397, maxSize=1205) | VDS (3D) | Dims: 1401 x 1176 x 895 | Mode: SINGLE_THREADED | Requesting 1401x1176 slice... | Request created, waiting for completion... | Slice: Inline 398/895 | Output: 1176 x 1401 | Raw: min=-2.89e+02 max=3.55e+02 mean=3.43e-04 | 
[2026-01-17 10:15:43.471] [VDS] RenderSlice(dim=2, slice=397, maxSize=1205)
[2026-01-17 10:15:43.471] [VDS] VDS (3D)
[2026-01-17 10:15:43.471] [VDS] Dims: 1401 x 1176 x 895
[2026-01-17 10:15:43.471] [VDS] Mode: SINGLE_THREADED
[2026-01-17 10:15:43.471] [VDS] Requesting 1401x1176 slice...
[2026-01-17 10:15:43.471] [VDS] Request created, waiting for completion...
[2026-01-17 10:15:43.471] [VDS] Slice: Inline 398/895
[2026-01-17 10:15:43.471] [VDS] Output: 1176 x 1401
[2026-01-17 10:15:43.471] [VDS] Raw: min=-2.89e+02 max=3.55e+02 mean=3.43e-04
[2026-01-17 10:15:43.471] [VDS] Saved: C:\Users\jonathan\AppData\LocalLow\Temp\openvds-preview-slice.bmp
[2026-01-17 10:15:43.602] Render: slice=396, maxSize=1205
[2026-01-17 10:15:43.602] RenderSlice(dim=2, slice=396, maxSize=1205) | 
[2026-01-17 10:15:43.614] RenderSlice(dim=2, slice=396, maxSize=1205) | VDS (3D) | Dims: 1401 x 1176 x 895 | Mode: SINGLE_THREADED | 
[2026-01-17 10:15:43.614] RenderSlice(dim=2, slice=396, maxSize=1205) | VDS (3D) | Dims: 1401 x 1176 x 895 | Mode: SINGLE_THREADED | Requesting 1401x1176 slice... | 
[2026-01-17 10:15:43.614] RenderSlice(dim=2, slice=396, maxSize=1205) | VDS (3D) | Dims: 1401 x 1176 x 895 | Mode: SINGLE_THREADED | Requesting 1401x1176 slice... | Request created, waiting for completion... | 
[2026-01-17 10:15:43.630] RenderSlice(dim=2, slice=396, maxSize=1205) | VDS (3D) | Dims: 1401 x 1176 x 895 | Mode: SINGLE_THREADED | Requesting 1401x1176 slice... | Request created, waiting for completion... | Slice: Inline 397/895 | Output: 1176 x 1401 | Raw: min=-2.96e+02 max=3.68e+02 mean=3.48e-04 | 
[2026-01-17 10:15:43.725] [VDS] RenderSlice(dim=2, slice=396, maxSize=1205)
[2026-01-17 10:15:43.725] [VDS] VDS (3D)
[2026-01-17 10:15:43.725] [VDS] Dims: 1401 x 1176 x 895
[2026-01-17 10:15:43.725] [VDS] Mode: SINGLE_THREADED
[2026-01-17 10:15:43.725] [VDS] Requesting 1401x1176 slice...
[2026-01-17 10:15:43.725] [VDS] Request created, waiting for completion...
[2026-01-17 10:15:43.725] [VDS] Slice: Inline 397/895
[2026-01-17 10:15:43.725] [VDS] Output: 1176 x 1401
[2026-01-17 10:15:43.725] [VDS] Raw: min=-2.96e+02 max=3.68e+02 mean=3.48e-04
[2026-01-17 10:15:43.725] [VDS] Saved: C:\Users\jonathan\AppData\LocalLow\Temp\openvds-preview-slice.bmp
[2026-01-17 10:15:43.788] Render: slice=390, maxSize=1205
[2026-01-17 10:15:43.788] RenderSlice(dim=2, slice=390, maxSize=1205) | 
[2026-01-17 10:15:43.804] RenderSlice(dim=2, slice=390, maxSize=1205) | VDS (3D) | Dims: 1401 x 1176 x 895 | Mode: SINGLE_THREADED | 
[2026-01-17 10:15:43.804] RenderSlice(dim=2, slice=390, maxSize=1205) | VDS (3D) | Dims: 1401 x 1176 x 895 | Mode: SINGLE_THREADED | Requesting 1401x1176 slice... | 
[2026-01-17 10:15:43.804] RenderSlice(dim=2, slice=390, maxSize=1205) | VDS (3D) | Dims: 1401 x 1176 x 895 | Mode: SINGLE_THREADED | Requesting 1401x1176 slice... | Request created, waiting for completion... | 
[2026-01-17 10:15:43.836] RenderSlice(dim=2, slice=390, maxSize=1205) | VDS (3D) | Dims: 1401 x 1176 x 895 | Mode: SINGLE_THREADED | Requesting 1401x1176 slice... | Request created, waiting for completion... | Slice: Inline 391/895 | Output: 1176 x 1401 | Raw: min=-2.51e+02 max=2.94e+02 mean=2.48e-04 | 
[2026-01-17 10:15:43.932] [VDS] RenderSlice(dim=2, slice=390, maxSize=1205)
[2026-01-17 10:15:43.932] [VDS] VDS (3D)
[2026-01-17 10:15:43.932] [VDS] Dims: 1401 x 1176 x 895
[2026-01-17 10:15:43.932] [VDS] Mode: SINGLE_THREADED
[2026-01-17 10:15:43.932] [VDS] Requesting 1401x1176 slice...
[2026-01-17 10:15:43.932] [VDS] Request created, waiting for completion...
[2026-01-17 10:15:43.932] [VDS] Slice: Inline 391/895
[2026-01-17 10:15:43.932] [VDS] Output: 1176 x 1401
[2026-01-17 10:15:43.932] [VDS] Raw: min=-2.51e+02 max=2.94e+02 mean=2.48e-04
[2026-01-17 10:15:43.932] [VDS] Saved: C:\Users\jonathan\AppData\LocalLow\Temp\openvds-preview-slice.bmp
[2026-01-17 10:15:43.964] Render: slice=389, maxSize=1205
[2026-01-17 10:15:43.964] RenderSlice(dim=2, slice=389, maxSize=1205) | 
[2026-01-17 10:15:43.980] RenderSlice(dim=2, slice=389, maxSize=1205) | VDS (3D) | Dims: 1401 x 1176 x 895 | Mode: SINGLE_THREADED | 
[2026-01-17 10:15:43.982] RenderSlice(dim=2, slice=389, maxSize=1205) | VDS (3D) | Dims: 1401 x 1176 x 895 | Mode: SINGLE_THREADED | Requesting 1401x1176 slice... | 
[2026-01-17 10:15:43.982] RenderSlice(dim=2, slice=389, maxSize=1205) | VDS (3D) | Dims: 1401 x 1176 x 895 | Mode: SINGLE_THREADED | Requesting 1401x1176 slice... | Request created, waiting for completion... | 
[2026-01-17 10:15:44.012] RenderSlice(dim=2, slice=389, maxSize=1205) | VDS (3D) | Dims: 1401 x 1176 x 895 | Mode: SINGLE_THREADED | Requesting 1401x1176 slice... | Request created, waiting for completion... | Slice: Inline 390/895 | Output: 1176 x 1401 | Raw: min=-2.12e+02 max=3.00e+02 mean=2.60e-04 | 
[2026-01-17 10:15:44.139] [VDS] RenderSlice(dim=2, slice=389, maxSize=1205)
[2026-01-17 10:15:44.155] [VDS] VDS (3D)
[2026-01-17 10:15:44.155] [VDS] Dims: 1401 x 1176 x 895
[2026-01-17 10:15:44.155] [VDS] Mode: SINGLE_THREADED
[2026-01-17 10:15:44.155] [VDS] Requesting 1401x1176 slice...
[2026-01-17 10:15:44.155] [VDS] Request created, waiting for completion...
[2026-01-17 10:15:44.155] [VDS] Slice: Inline 390/895
[2026-01-17 10:15:44.155] [VDS] Output: 1176 x 1401
[2026-01-17 10:15:44.155] [VDS] Raw: min=-2.12e+02 max=3.00e+02 mean=2.60e-04
[2026-01-17 10:15:44.155] [VDS] Saved: C:\Users\jonathan\AppData\LocalLow\Temp\openvds-preview-slice.bmp
[2026-01-17 10:15:44.187] Render: slice=388, maxSize=1205
[2026-01-17 10:15:44.197] RenderSlice(dim=2, slice=388, maxSize=1205) | 
[2026-01-17 10:15:44.203] RenderSlice(dim=2, slice=388, maxSize=1205) | VDS (3D) | Dims: 1401 x 1176 x 895 | Mode: SINGLE_THREADED | 
[2026-01-17 10:15:44.203] RenderSlice(dim=2, slice=388, maxSize=1205) | VDS (3D) | Dims: 1401 x 1176 x 895 | Mode: SINGLE_THREADED | Requesting 1401x1176 slice... | 
[2026-01-17 10:15:44.206] RenderSlice(dim=2, slice=388, maxSize=1205) | VDS (3D) | Dims: 1401 x 1176 x 895 | Mode: SINGLE_THREADED | Requesting 1401x1176 slice... | Request created, waiting for completion... | 
[2026-01-17 10:15:44.235] RenderSlice(dim=2, slice=388, maxSize=1205) | VDS (3D) | Dims: 1401 x 1176 x 895 | Mode: SINGLE_THREADED | Requesting 1401x1176 slice... | Request created, waiting for completion... | Slice: Inline 389/895 | Output: 1176 x 1401 | Raw: min=-2.22e+02 max=3.03e+02 mean=2.40e-04 | 
[2026-01-17 10:15:44.363] [VDS] RenderSlice(dim=2, slice=388, maxSize=1205)
[2026-01-17 10:15:44.363] [VDS] VDS (3D)
[2026-01-17 10:15:44.363] [VDS] Dims: 1401 x 1176 x 895
[2026-01-17 10:15:44.363] [VDS] Mode: SINGLE_THREADED
[2026-01-17 10:15:44.363] [VDS] Requesting 1401x1176 slice...
[2026-01-17 10:15:44.363] [VDS] Request created, waiting for completion...
[2026-01-17 10:15:44.363] [VDS] Slice: Inline 389/895
[2026-01-17 10:15:44.363] [VDS] Output: 1176 x 1401
[2026-01-17 10:15:44.363] [VDS] Raw: min=-2.22e+02 max=3.03e+02 mean=2.40e-04
[2026-01-17 10:15:44.363] [VDS] Saved: C:\Users\jonathan\AppData\LocalLow\Temp\openvds-preview-slice.bmp
[2026-01-17 10:15:44.413] Render: slice=381, maxSize=1205
[2026-01-17 10:15:44.413] RenderSlice(dim=2, slice=381, maxSize=1205) | 
[2026-01-17 10:15:44.413] RenderSlice(dim=2, slice=381, maxSize=1205) | VDS (3D) | Dims: 1401 x 1176 x 895 | Mode: SINGLE_THREADED | 
[2026-01-17 10:15:44.413] RenderSlice(dim=2, slice=381, maxSize=1205) | VDS (3D) | Dims: 1401 x 1176 x 895 | Mode: SINGLE_THREADED | Requesting 1401x1176 slice... | 
[2026-01-17 10:15:44.413] RenderSlice(dim=2, slice=381, maxSize=1205) | VDS (3D) | Dims: 1401 x 1176 x 895 | Mode: SINGLE_THREADED | Requesting 1401x1176 slice... | Request created, waiting for completion... | 
[2026-01-17 10:15:44.446] RenderSlice(dim=2, slice=381, maxSize=1205) | VDS (3D) | Dims: 1401 x 1176 x 895 | Mode: SINGLE_THREADED | Requesting 1401x1176 slice... | Request created, waiting for completion... | Slice: Inline 382/895 | Output: 1176 x 1401 | Raw: min=-2.84e+02 max=2.82e+02 mean=3.95e-04 | 
[2026-01-17 10:15:44.570] [VDS] RenderSlice(dim=2, slice=381, maxSize=1205)
[2026-01-17 10:15:44.570] [VDS] VDS (3D)
[2026-01-17 10:15:44.585] [VDS] Dims: 1401 x 1176 x 895
[2026-01-17 10:15:44.585] [VDS] Mode: SINGLE_THREADED
[2026-01-17 10:15:44.585] [VDS] Requesting 1401x1176 slice...
[2026-01-17 10:15:44.585] [VDS] Request created, waiting for completion...
[2026-01-17 10:15:44.585] [VDS] Slice: Inline 382/895
[2026-01-17 10:15:44.585] [VDS] Output: 1176 x 1401
[2026-01-17 10:15:44.585] [VDS] Raw: min=-2.84e+02 max=2.82e+02 mean=3.95e-04
[2026-01-17 10:15:44.585] [VDS] Saved: C:\Users\jonathan\AppData\LocalLow\Temp\openvds-preview-slice.bmp
[2026-01-17 10:15:44.665] Render: slice=380, maxSize=1205
[2026-01-17 10:15:44.665] RenderSlice(dim=2, slice=380, maxSize=1205) | 
[2026-01-17 10:15:44.665] RenderSlice(dim=2, slice=380, maxSize=1205) | VDS (3D) | Dims: 1401 x 1176 x 895 | Mode: SINGLE_THREADED | 
[2026-01-17 10:15:44.665] RenderSlice(dim=2, slice=380, maxSize=1205) | VDS (3D) | Dims: 1401 x 1176 x 895 | Mode: SINGLE_THREADED | Requesting 1401x1176 slice... | 
[2026-01-17 10:15:44.665] RenderSlice(dim=2, slice=380, maxSize=1205) | VDS (3D) | Dims: 1401 x 1176 x 895 | Mode: SINGLE_THREADED | Requesting 1401x1176 slice... | Request created, waiting for completion... | 
[2026-01-17 10:15:44.697] RenderSlice(dim=2, slice=380, maxSize=1205) | VDS (3D) | Dims: 1401 x 1176 x 895 | Mode: SINGLE_THREADED | Requesting 1401x1176 slice... | Request created, waiting for completion... | Slice: Inline 381/895 | Output: 1176 x 1401 | Raw: min=-2.58e+02 max=2.84e+02 mean=3.79e-04 | 
[2026-01-17 10:15:44.824] [VDS] RenderSlice(dim=2, slice=380, maxSize=1205)
[2026-01-17 10:15:44.824] [VDS] VDS (3D)
[2026-01-17 10:15:44.824] [VDS] Dims: 1401 x 1176 x 895
[2026-01-17 10:15:44.840] [VDS] Mode: SINGLE_THREADED
[2026-01-17 10:15:44.840] [VDS] Requesting 1401x1176 slice...
[2026-01-17 10:15:44.840] [VDS] Request created, waiting for completion...
[2026-01-17 10:15:44.840] [VDS] Slice: Inline 381/895
[2026-01-17 10:15:44.840] [VDS] Output: 1176 x 1401
[2026-01-17 10:15:44.840] [VDS] Raw: min=-2.58e+02 max=2.84e+02 mean=3.79e-04
[2026-01-17 10:15:44.840] [VDS] Saved: C:\Users\jonathan\AppData\LocalLow\Temp\openvds-preview-slice.bmp
[2026-01-17 10:15:44.919] Render: slice=378, maxSize=1205
[2026-01-17 10:15:44.919] RenderSlice(dim=2, slice=378, maxSize=1205) | 
[2026-01-17 10:15:44.919] RenderSlice(dim=2, slice=378, maxSize=1205) | VDS (3D) | Dims: 1401 x 1176 x 895 | Mode: SINGLE_THREADED | 
[2026-01-17 10:15:44.919] RenderSlice(dim=2, slice=378, maxSize=1205) | VDS (3D) | Dims: 1401 x 1176 x 895 | Mode: SINGLE_THREADED | Requesting 1401x1176 slice... | 
[2026-01-17 10:15:44.935] RenderSlice(dim=2, slice=378, maxSize=1205) | VDS (3D) | Dims: 1401 x 1176 x 895 | Mode: SINGLE_THREADED | Requesting 1401x1176 slice... | Request created, waiting for completion... | 
[2026-01-17 10:15:44.967] RenderSlice(dim=2, slice=378, maxSize=1205) | VDS (3D) | Dims: 1401 x 1176 x 895 | Mode: SINGLE_THREADED | Requesting 1401x1176 slice... | Request created, waiting for completion... | Slice: Inline 379/895 | Output: 1176 x 1401 | Raw: min=-2.42e+02 max=2.52e+02 mean=3.74e-04 | 
[2026-01-17 10:15:45.053] [VDS] RenderSlice(dim=2, slice=378, maxSize=1205)
[2026-01-17 10:15:45.053] [VDS] VDS (3D)
[2026-01-17 10:15:45.053] [VDS] Dims: 1401 x 1176 x 895
[2026-01-17 10:15:45.063] [VDS] Mode: SINGLE_THREADED
[2026-01-17 10:15:45.063] [VDS] Requesting 1401x1176 slice...
[2026-01-17 10:15:45.063] [VDS] Request created, waiting for completion...
[2026-01-17 10:15:45.063] [VDS] Slice: Inline 379/895
[2026-01-17 10:15:45.063] [VDS] Output: 1176 x 1401
[2026-01-17 10:15:45.063] [VDS] Raw: min=-2.42e+02 max=2.52e+02 mean=3.74e-04
[2026-01-17 10:15:45.063] [VDS] Saved: C:\Users\jonathan\AppData\LocalLow\Temp\openvds-preview-slice.bmp
[2026-01-17 10:15:45.113] Render: slice=371, maxSize=1205
[2026-01-17 10:15:45.113] RenderSlice(dim=2, slice=371, maxSize=1205) | 
[2026-01-17 10:15:45.126] RenderSlice(dim=2, slice=371, maxSize=1205) | VDS (3D) | Dims: 1401 x 1176 x 895 | Mode: SINGLE_THREADED | 
[2026-01-17 10:15:45.126] RenderSlice(dim=2, slice=371, maxSize=1205) | VDS (3D) | Dims: 1401 x 1176 x 895 | Mode: SINGLE_THREADED | Requesting 1401x1176 slice... | 
[2026-01-17 10:15:45.126] RenderSlice(dim=2, slice=371, maxSize=1205) | VDS (3D) | Dims: 1401 x 1176 x 895 | Mode: SINGLE_THREADED | Requesting 1401x1176 slice... | Request created, waiting for completion... | 
[2026-01-17 10:15:45.193] RenderSlice(dim=2, slice=371, maxSize=1205) | VDS (3D) | Dims: 1401 x 1176 x 895 | Mode: SINGLE_THREADED | Requesting 1401x1176 slice... | Request created, waiting for completion... | Slice: Inline 372/895 | Output: 1176 x 1401 | Raw: min=-2.51e+02 max=2.54e+02 mean=3.34e-04 | 
[2026-01-17 10:15:45.302] [VDS] RenderSlice(dim=2, slice=371, maxSize=1205)
[2026-01-17 10:15:45.302] [VDS] VDS (3D)
[2026-01-17 10:15:45.318] [VDS] Dims: 1401 x 1176 x 895
[2026-01-17 10:15:45.318] [VDS] Mode: SINGLE_THREADED
[2026-01-17 10:15:45.318] [VDS] Requesting 1401x1176 slice...
[2026-01-17 10:15:45.320] [VDS] Request created, waiting for completion...
[2026-01-17 10:15:45.326] [VDS] Slice: Inline 372/895
[2026-01-17 10:15:45.326] [VDS] Output: 1176 x 1401
[2026-01-17 10:15:45.326] [VDS] Raw: min=-2.51e+02 max=2.54e+02 mean=3.34e-04
[2026-01-17 10:15:45.326] [VDS] Saved: C:\Users\jonathan\AppData\LocalLow\Temp\openvds-preview-slice.bmp
[2026-01-17 10:15:45.515] Render: slice=370, maxSize=1205
[2026-01-17 10:15:45.515] RenderSlice(dim=2, slice=370, maxSize=1205) | 
[2026-01-17 10:15:45.517] RenderSlice(dim=2, slice=370, maxSize=1205) | VDS (3D) | Dims: 1401 x 1176 x 895 | Mode: SINGLE_THREADED | 
[2026-01-17 10:15:45.517] RenderSlice(dim=2, slice=370, maxSize=1205) | VDS (3D) | Dims: 1401 x 1176 x 895 | Mode: SINGLE_THREADED | Requesting 1401x1176 slice... | 
[2026-01-17 10:15:45.519] RenderSlice(dim=2, slice=370, maxSize=1205) | VDS (3D) | Dims: 1401 x 1176 x 895 | Mode: SINGLE_THREADED | Requesting 1401x1176 slice... | Request created, waiting for completion... | 
[2026-01-17 10:15:45.527] RenderSlice(dim=2, slice=370, maxSize=1205) | VDS (3D) | Dims: 1401 x 1176 x 895 | Mode: SINGLE_THREADED | Requesting 1401x1176 slice... | Request created, waiting for completion... | Slice: Inline 371/895 | Output: 1176 x 1401 | Raw: min=-2.71e+02 max=2.50e+02 mean=3.64e-04 | 
[2026-01-17 10:15:45.620] [VDS] RenderSlice(dim=2, slice=370, maxSize=1205)
[2026-01-17 10:15:45.620] [VDS] VDS (3D)
[2026-01-17 10:15:45.620] [VDS] Dims: 1401 x 1176 x 895
[2026-01-17 10:15:45.620] [VDS] Mode: SINGLE_THREADED
[2026-01-17 10:15:45.620] [VDS] Requesting 1401x1176 slice...
[2026-01-17 10:15:45.620] [VDS] Request created, waiting for completion...
[2026-01-17 10:15:45.620] [VDS] Slice: Inline 371/895
[2026-01-17 10:15:45.620] [VDS] Output: 1176 x 1401
[2026-01-17 10:15:45.620] [VDS] Raw: min=-2.71e+02 max=2.50e+02 mean=3.64e-04
[2026-01-17 10:15:45.620] [VDS] Saved: C:\Users\jonathan\AppData\LocalLow\Temp\openvds-preview-slice.bmp
[2026-01-17 10:15:45.668] Render: slice=364, maxSize=1205
[2026-01-17 10:15:45.668] RenderSlice(dim=2, slice=364, maxSize=1205) | 
[2026-01-17 10:15:45.668] RenderSlice(dim=2, slice=364, maxSize=1205) | VDS (3D) | Dims: 1401 x 1176 x 895 | Mode: SINGLE_THREADED | 
[2026-01-17 10:15:45.684] RenderSlice(dim=2, slice=364, maxSize=1205) | VDS (3D) | Dims: 1401 x 1176 x 895 | Mode: SINGLE_THREADED | Requesting 1401x1176 slice... | 
[2026-01-17 10:15:45.684] RenderSlice(dim=2, slice=364, maxSize=1205) | VDS (3D) | Dims: 1401 x 1176 x 895 | Mode: SINGLE_THREADED | Requesting 1401x1176 slice... | Request created, waiting for completion... | 
[2026-01-17 10:15:45.715] RenderSlice(dim=2, slice=364, maxSize=1205) | VDS (3D) | Dims: 1401 x 1176 x 895 | Mode: SINGLE_THREADED | Requesting 1401x1176 slice... | Request created, waiting for completion... | Slice: Inline 365/895 | Output: 1176 x 1401 | Raw: min=-2.62e+02 max=2.79e+02 mean=3.35e-04 | 
[2026-01-17 10:15:45.811] [VDS] RenderSlice(dim=2, slice=364, maxSize=1205)
[2026-01-17 10:15:45.811] [VDS] VDS (3D)
[2026-01-17 10:15:45.829] [VDS] Dims: 1401 x 1176 x 895
[2026-01-17 10:15:45.829] [VDS] Mode: SINGLE_THREADED
[2026-01-17 10:15:45.829] [VDS] Requesting 1401x1176 slice...
[2026-01-17 10:15:45.829] [VDS] Request created, waiting for completion...
[2026-01-17 10:15:45.829] [VDS] Slice: Inline 365/895
[2026-01-17 10:15:45.829] [VDS] Output: 1176 x 1401
[2026-01-17 10:15:45.829] [VDS] Raw: min=-2.62e+02 max=2.79e+02 mean=3.35e-04
[2026-01-17 10:15:45.829] [VDS] Saved: C:\Users\jonathan\AppData\LocalLow\Temp\openvds-preview-slice.bmp
[2026-01-17 10:15:45.891] Render: slice=363, maxSize=1205
[2026-01-17 10:15:45.898] RenderSlice(dim=2, slice=363, maxSize=1205) | 
[2026-01-17 10:15:45.898] RenderSlice(dim=2, slice=363, maxSize=1205) | VDS (3D) | Dims: 1401 x 1176 x 895 | Mode: SINGLE_THREADED | 
[2026-01-17 10:15:45.898] RenderSlice(dim=2, slice=363, maxSize=1205) | VDS (3D) | Dims: 1401 x 1176 x 895 | Mode: SINGLE_THREADED | Requesting 1401x1176 slice... | 
[2026-01-17 10:16:35.869] RenderSlice(dim=2, slice=363, maxSize=1205) | VDS (3D) | Dims: 1401 x 1176 x 895 | Mode: SINGLE_THREADED | Requesting 1401x1176 slice... | Request created, waiting for completion... | 
[2026-01-17 10:16:35.898] RenderSlice(dim=2, slice=363, maxSize=1205) | VDS (3D) | Dims: 1401 x 1176 x 895 | Mode: SINGLE_THREADED | Requesting 1401x1176 slice... | Request created, waiting for completion... | Slice: Inline 364/895 | Output: 1176 x 1401 | Raw: min=-2.76e+02 max=2.55e+02 mean=3.37e-04 | 
[2026-01-17 10:16:36.012] [VDS] RenderSlice(dim=2, slice=363, maxSize=1205)
[2026-01-17 10:16:36.012] [VDS] VDS (3D)
[2026-01-17 10:16:36.027] [VDS] Dims: 1401 x 1176 x 895
[2026-01-17 10:16:36.027] [VDS] Mode: SINGLE_THREADED
[2026-01-17 10:16:36.027] [VDS] Requesting 1401x1176 slice...
[2026-01-17 10:16:36.027] [VDS] Request created, waiting for completion...
[2026-01-17 10:16:36.027] [VDS] Slice: Inline 364/895
[2026-01-17 10:16:36.027] [VDS] Output: 1176 x 1401
[2026-01-17 10:16:36.027] [VDS] Raw: min=-2.76e+02 max=2.55e+02 mean=3.37e-04
[2026-01-17 10:16:36.027] [VDS] Saved: C:\Users\jonathan\AppData\LocalLow\Temp\openvds-preview-slice.bmp
[2026-01-17 10:16:36.059] Render: slice=369, maxSize=1205
[2026-01-17 10:16:36.059] RenderSlice(dim=2, slice=369, maxSize=1205) | 
[2026-01-17 10:16:36.059] RenderSlice(dim=2, slice=369, maxSize=1205) | VDS (3D) | Dims: 1401 x 1176 x 895 | Mode: SINGLE_THREADED | 
[2026-01-17 10:16:36.059] RenderSlice(dim=2, slice=369, maxSize=1205) | VDS (3D) | Dims: 1401 x 1176 x 895 | Mode: SINGLE_THREADED | Requesting 1401x1176 slice... | 
[2026-01-17 10:16:45.498] Stream: 12211826 bytes
